insert into pub_page_templet(pk_page_templet,appcode,clazz,code,creationtime,creator,dr,headcode,isdefault,metaid,modifiedtime,modifier,name,pagecode,parentid,pk_group,pk_org,resid,resmodule,templetdesc,ts)
values('0001ZZZZ396305319f4c','81H11017','nc.vo.cy.guide.AggGuideHVO','81H11017_LIST',null,'~',0,'list_head','Y',null,null,'~','新手指南列表','81H11017_LIST','root',null,null,null,null,'新手指南列表页面','2021-07-19 13:52:07');
go

insert into pub_page_templet(pk_page_templet,appcode,clazz,code,creationtime,creator,dr,headcode,isdefault,metaid,modifiedtime,modifier,name,pagecode,parentid,pk_group,pk_org,resid,resmodule,templetdesc,ts)
values('0001ZZZZ7649d08dfc5e','81H11017','nc.vo.cy.guide.AggGuideHVO','81H11017_CARD',null,'~',0,'card_head','N',null,null,'~','新手指南卡片','81H11017_CARD','root',null,null,null,null,'新手指南卡片页面','2021-07-19 13:52:07');
go

insert into pub_page_templet(pk_page_templet,appcode,clazz,code,creationtime,creator,dr,headcode,isdefault,metaid,modifiedtime,modifier,name,pagecode,parentid,pk_group,pk_org,resid,resmodule,templetdesc,ts)
values('0001ZZZZ3dca880e0a09','81H11017','nc.vo.cy.guide.AggGuideHVO','81H11017L_CARD',null,'~',0,'card_head','N',null,null,'~','新手指南联查卡片','81H11017L_CARD','root',null,null,null,null,'新手指南联查卡片页面','2021-07-19 13:52:07');
go

insert into pub_page_templet(pk_page_templet,appcode,clazz,code,creationtime,creator,dr,headcode,isdefault,metaid,modifiedtime,modifier,name,pagecode,parentid,pk_group,pk_org,resid,resmodule,templetdesc,ts)
values('0001ZZZZ8481f09d0fbf','81H11017A','nc.vo.cy.guide.AggGuideHVO','81H11017A_CARD',null,'~',0,'card_head','N',null,null,'~','新手指南审批卡片','81H11017A_CARD','root',null,null,null,null,'新手指南审批卡片页面','2021-07-19 13:52:07');
go







insert into pub_area(pk_area,areadesc,areastatus,areatype,clazz,code,creationtime,creator,dr,isunfold,metaid,metaname,metaspace,modifiedtime,modifier,name,pagination,position,relationcode,resid,templetid,ts)
values('0001ZZZZ69cefb219764',null,'browse',0,'nc.vo.cy.guide.GuideHVO','list_query',null,'~',0,null,'01675523-fa49-4965-b69a-d3f780ea7541','新手指南',null,null,'~','查询区',null,2,null,'','0001ZZZZ396305319f4c','2021-07-19 13:52:07');
go
insert into pub_area(pk_area,areadesc,areastatus,areatype,clazz,code,creationtime,creator,dr,isunfold,metaid,metaname,metaspace,modifiedtime,modifier,name,pagination,position,relationcode,resid,templetid,ts)
values('0001ZZZZcdb5b7974c65',null,'browse',2,'nc.vo.cy.guide.GuideHVO','list_head',null,'~',0,null,'01675523-fa49-4965-b69a-d3f780ea7541','新手指南',null,null,'~','表头',null,1,null,'','0001ZZZZ396305319f4c','2021-07-19 13:52:07');
go




insert into pub_area(pk_area,areadesc,areastatus,areatype,clazz,code,creationtime,creator,dr,isunfold,metaid,metaname,metaspace,modifiedtime,modifier,name,pagination,position,relationcode,resid,templetid,ts)
values('0001ZZZZf8a2c5cb8ebc',null,'browse',1,'nc.vo.cy.guide.GuideHVO','card_head',null,'~',0,null,'01675523-fa49-4965-b69a-d3f780ea7541','新手指南','cy.guide',null,'~','新手指南',null,1,null,null,'0001ZZZZ7649d08dfc5e','2021-07-19 13:52:07');
go
insert into pub_area(pk_area,areadesc,areastatus,areatype,clazz,code,creationtime,creator,dr,isunfold,metaid,metaname,metaspace,modifiedtime,modifier,name,pagination,position,relationcode,resid,templetid,ts)
values('0001ZZZZf3b6685ccd5a',null,'browse',1,'nc.vo.cy.guide.GuideHVO','card_operate',null,'~',0,null,'01675523-fa49-4965-b69a-d3f780ea7541','新手指南','cy.guide',null,'~','操作信息',null,2,'card_head',null,'0001ZZZZ7649d08dfc5e','2021-07-19 13:52:07');
go
insert into pub_area(pk_area,areadesc,areastatus,areatype,clazz,code,creationtime,creator,dr,isunfold,metaid,metaname,metaspace,modifiedtime,modifier,name,pagination,position,relationcode,resid,templetid,ts)
values('0001ZZZZ62d22bd6ea7e',null,'browse',2,'nc.vo.cy.guide.Xsznd','card_body',null,'~',0,null,'01675523-fa49-4965-b69a-d3f780ea7541','新手指南','cy.guide',null,'~','新手指南子表',null,3,null,null,'0001ZZZZ7649d08dfc5e','2021-07-19 13:52:07');
go
insert into pub_area(pk_area,areadesc,areastatus,areatype,clazz,code,creationtime,creator,dr,isunfold,metaid,metaname,metaspace,modifiedtime,modifier,name,pagination,position,relationcode,resid,templetid,ts)
values('0001ZZZZff68c36f5936',null,'edit',1,'nc.vo.cy.guide.Xsznd','card_body_edit',null,'~',0,null,'01675523-fa49-4965-b69a-d3f780ea7541','新手指南','cy.guide',null,'~','新手指南子表',null,4,'card_body',null,'0001ZZZZ7649d08dfc5e','2021-07-19 13:52:07');
go
insert into pub_area(pk_area,areadesc,areastatus,areatype,clazz,code,creationtime,creator,dr,isunfold,metaid,metaname,metaspace,modifiedtime,modifier,name,pagination,position,relationcode,resid,templetid,ts)
values('0001ZZZZ90516df84a6a',null,'browse',1,'nc.vo.cy.guide.Xsznd','card_body_browse',null,'~',0,null,'01675523-fa49-4965-b69a-d3f780ea7541','新手指南','cy.guide',null,'~','新手指南子表',null,5,'card_body',null,'0001ZZZZ7649d08dfc5e','2021-07-19 13:52:07');
go


insert into pub_area(pk_area,areadesc,areastatus,areatype,clazz,code,creationtime,creator,dr,isunfold,metaid,metaname,metaspace,modifiedtime,modifier,name,pagination,position,relationcode,resid,templetid,ts)
values('0001ZZZZacfe580d6864',null,'browse',1,'nc.vo.cy.guide.GuideHVO','card_head',null,'~',0,null,'01675523-fa49-4965-b69a-d3f780ea7541','新手指南','cy.guide',null,'~','新手指南',null,1,null,null,'0001ZZZZ3dca880e0a09','2021-07-19 13:52:07');
go
insert into pub_area(pk_area,areadesc,areastatus,areatype,clazz,code,creationtime,creator,dr,isunfold,metaid,metaname,metaspace,modifiedtime,modifier,name,pagination,position,relationcode,resid,templetid,ts)
values('0001ZZZZ820337f33886',null,'browse',1,'nc.vo.cy.guide.GuideHVO','card_operate',null,'~',0,null,'01675523-fa49-4965-b69a-d3f780ea7541','新手指南','cy.guide',null,'~','操作信息',null,2,'card_head',null,'0001ZZZZ3dca880e0a09','2021-07-19 13:52:07');
go
insert into pub_area(pk_area,areadesc,areastatus,areatype,clazz,code,creationtime,creator,dr,isunfold,metaid,metaname,metaspace,modifiedtime,modifier,name,pagination,position,relationcode,resid,templetid,ts)
values('0001ZZZZ973c5d4e0fed',null,'browse',2,'nc.vo.cy.guide.Xsznd','card_body',null,'~',0,null,'01675523-fa49-4965-b69a-d3f780ea7541','新手指南','cy.guide',null,'~','新手指南子表',null,3,null,null,'0001ZZZZ3dca880e0a09','2021-07-19 13:52:07');
go
insert into pub_area(pk_area,areadesc,areastatus,areatype,clazz,code,creationtime,creator,dr,isunfold,metaid,metaname,metaspace,modifiedtime,modifier,name,pagination,position,relationcode,resid,templetid,ts)
values('0001ZZZZ04463f584b08',null,'edit',1,'nc.vo.cy.guide.Xsznd','card_body_edit',null,'~',0,null,'01675523-fa49-4965-b69a-d3f780ea7541','新手指南','cy.guide',null,'~','新手指南子表',null,4,'card_body',null,'0001ZZZZ3dca880e0a09','2021-07-19 13:52:07');
go
insert into pub_area(pk_area,areadesc,areastatus,areatype,clazz,code,creationtime,creator,dr,isunfold,metaid,metaname,metaspace,modifiedtime,modifier,name,pagination,position,relationcode,resid,templetid,ts)
values('0001ZZZZ974c750db306',null,'browse',1,'nc.vo.cy.guide.Xsznd','card_body_browse',null,'~',0,null,'01675523-fa49-4965-b69a-d3f780ea7541','新手指南','cy.guide',null,'~','新手指南子表',null,5,'card_body',null,'0001ZZZZ3dca880e0a09','2021-07-19 13:52:07');
go

insert into pub_area(pk_area,areadesc,areastatus,areatype,clazz,code,creationtime,creator,dr,isunfold,metaid,metaname,metaspace,modifiedtime,modifier,name,pagination,position,relationcode,resid,templetid,ts)
values('0001ZZZZ9770215b768d',null,'browse',1,'nc.vo.cy.guide.GuideHVO','card_head',null,'~',0,null,'01675523-fa49-4965-b69a-d3f780ea7541','新手指南','cy.guide',null,'~','新手指南',null,1,null,null,'0001ZZZZ8481f09d0fbf','2021-07-19 13:52:07');
go
insert into pub_area(pk_area,areadesc,areastatus,areatype,clazz,code,creationtime,creator,dr,isunfold,metaid,metaname,metaspace,modifiedtime,modifier,name,pagination,position,relationcode,resid,templetid,ts)
values('0001ZZZZaf62bd63e751',null,'browse',1,'nc.vo.cy.guide.GuideHVO','card_operate',null,'~',0,null,'01675523-fa49-4965-b69a-d3f780ea7541','新手指南','cy.guide',null,'~','操作信息',null,2,'card_head',null,'0001ZZZZ8481f09d0fbf','2021-07-19 13:52:07');
go
insert into pub_area(pk_area,areadesc,areastatus,areatype,clazz,code,creationtime,creator,dr,isunfold,metaid,metaname,metaspace,modifiedtime,modifier,name,pagination,position,relationcode,resid,templetid,ts)
values('0001ZZZZcce4f70b3c11',null,'browse',2,'nc.vo.cy.guide.Xsznd','card_body',null,'~',0,null,'01675523-fa49-4965-b69a-d3f780ea7541','新手指南','cy.guide',null,'~','新手指南子表',null,3,null,null,'0001ZZZZ8481f09d0fbf','2021-07-19 13:52:07');
go
insert into pub_area(pk_area,areadesc,areastatus,areatype,clazz,code,creationtime,creator,dr,isunfold,metaid,metaname,metaspace,modifiedtime,modifier,name,pagination,position,relationcode,resid,templetid,ts)
values('0001ZZZZ05242f8ed09c',null,'edit',1,'nc.vo.cy.guide.Xsznd','card_body_edit',null,'~',0,null,'01675523-fa49-4965-b69a-d3f780ea7541','新手指南','cy.guide',null,'~','新手指南子表',null,4,'card_body',null,'0001ZZZZ8481f09d0fbf','2021-07-19 13:52:07');
go
insert into pub_area(pk_area,areadesc,areastatus,areatype,clazz,code,creationtime,creator,dr,isunfold,metaid,metaname,metaspace,modifiedtime,modifier,name,pagination,position,relationcode,resid,templetid,ts)
values('0001ZZZZ69bf15e8abd1',null,'browse',1,'nc.vo.cy.guide.Xsznd','card_body_browse',null,'~',0,null,'01675523-fa49-4965-b69a-d3f780ea7541','新手指南','cy.guide',null,'~','新手指南子表',null,5,'card_body',null,'0001ZZZZ8481f09d0fbf','2021-07-19 13:52:07');
go




            insert into pub_query_property(pk_query_property,areaid,classid,code,containlower,creationtime,creator,datatype,dataval,defaultvalue,define1,define2,define3,define4,define5,disabled,dr,isbeyondorg,ischeck,isdefined,isfixedcondition,ismultiselectedenabled,isnotmeta,isquerycondition,isuse,itemtype,label,maxlength,metadataproperty,metapath,opersign,opersignname,position,proid,querytablename,refcode,refname,required,resid,returntype,showtype,tablecode,ts,usefunc,visible,visibleposition,width)
            values('0001ZZZZ08f6992866ca','0001ZZZZ69cefb219764','01675523-fa49-4965-b69a-d3f780ea7541','isbuild',null,null,'~',32,'','','','','','','','N',0,'N','N','N','N','N','N','Y','Y','checkbox_switch','三群是否建立',1,NULL,'isbuild','=@','等于@',38,'79323491-108a-41c2-8598-fd50b7e820d5','','/common-ref/','-99','N','','refpk',1,'','2021-07-19 13:52:07','N','Y',null,1);
            go
            insert into pub_query_property(pk_query_property,areaid,classid,code,containlower,creationtime,creator,datatype,dataval,defaultvalue,define1,define2,define3,define4,define5,disabled,dr,isbeyondorg,ischeck,isdefined,isfixedcondition,ismultiselectedenabled,isnotmeta,isquerycondition,isuse,itemtype,label,maxlength,metadataproperty,metapath,opersign,opersignname,position,proid,querytablename,refcode,refname,required,resid,returntype,showtype,tablecode,ts,usefunc,visible,visibleposition,width)
            values('0001ZZZZ61dfe37605fe','0001ZZZZ69cefb219764','01675523-fa49-4965-b69a-d3f780ea7541','pk_busitype',null,null,'~',204,'','','','','','','','N',0,'N','N','N','N','N','N','Y','Y','refer','业务类型',20,NULL,'pk_busitype','=@','等于@',8,'89db242c-b2f3-4175-a7ef-1c6fcf3dc19d','','uap/refer/riart/busitype/index','业务流程','N','','refpk',1,'','2021-07-19 13:52:07','N','Y',null,1);
            go
            insert into pub_query_property(pk_query_property,areaid,classid,code,containlower,creationtime,creator,datatype,dataval,defaultvalue,define1,define2,define3,define4,define5,disabled,dr,isbeyondorg,ischeck,isdefined,isfixedcondition,ismultiselectedenabled,isnotmeta,isquerycondition,isuse,itemtype,label,maxlength,metadataproperty,metapath,opersign,opersignname,position,proid,querytablename,refcode,refname,required,resid,returntype,showtype,tablecode,ts,usefunc,visible,visibleposition,width)
            values('0001ZZZZfd96fb7c965f','0001ZZZZ69cefb219764','01675523-fa49-4965-b69a-d3f780ea7541','pk_transtype',null,null,'~',204,'0001Z0100BILLTYPEZJ8,code=N','','','','','','','N',0,'N','N','N','N','N','N','Y','Y','refer','交易类型',20,'uap.BilltypeVO.billtypename','pk_transtype','=@','等于@',12,'d75787af-391c-4785-a600-2b911eaa3d13','','uap/refer/riart/transtype/index','影响因素交 易类型','N','','refpk',1,'','2021-07-19 13:52:07','N','Y',null,1);
            go
            insert into pub_query_property(pk_query_property,areaid,classid,code,containlower,creationtime,creator,datatype,dataval,defaultvalue,define1,define2,define3,define4,define5,disabled,dr,isbeyondorg,ischeck,isdefined,isfixedcondition,ismultiselectedenabled,isnotmeta,isquerycondition,isuse,itemtype,label,maxlength,metadataproperty,metapath,opersign,opersignname,position,proid,querytablename,refcode,refname,required,resid,returntype,showtype,tablecode,ts,usefunc,visible,visibleposition,width)
            values('0001ZZZZb307e2d26dfb','0001ZZZZ69cefb219764','01675523-fa49-4965-b69a-d3f780ea7541','bill_no',null,null,'~',1,'','','','','','','','Y',0,'N','N','N','N','N','N','Y','Y','input','单据号',50,NULL,'bill_no','=@','等于@',7,'45b988c8-4f89-4da4-9781-470ed4eeb966','','/common-ref/','-99','N','','refpk',1,'','2021-07-19 13:52:07','N','Y',null,1);
            go
            insert into pub_query_property(pk_query_property,areaid,classid,code,containlower,creationtime,creator,datatype,dataval,defaultvalue,define1,define2,define3,define4,define5,disabled,dr,isbeyondorg,ischeck,isdefined,isfixedcondition,ismultiselectedenabled,isnotmeta,isquerycondition,isuse,itemtype,label,maxlength,metadataproperty,metapath,opersign,opersignname,position,proid,querytablename,refcode,refname,required,resid,returntype,showtype,tablecode,ts,usefunc,visible,visibleposition,width)
            values('0001ZZZZ527cdcaee7d2','0001ZZZZ69cefb219764','01675523-fa49-4965-b69a-d3f780ea7541','dbilldate',null,null,'~',33,'','','','','','','','N',0,'N','N','N','N','N','N','Y','Y','datepicker','单据日期',19,NULL,'dbilldate','=@','等于@',5,'19b5f1e1-911d-41cc-8fa2-bf528026587c','','/common-ref/','-99','N','','refpk',1,'','2021-07-19 13:52:07','N','Y',null,1);
            go
            insert into pub_query_property(pk_query_property,areaid,classid,code,containlower,creationtime,creator,datatype,dataval,defaultvalue,define1,define2,define3,define4,define5,disabled,dr,isbeyondorg,ischeck,isdefined,isfixedcondition,ismultiselectedenabled,isnotmeta,isquerycondition,isuse,itemtype,label,maxlength,metadataproperty,metapath,opersign,opersignname,position,proid,querytablename,refcode,refname,required,resid,returntype,showtype,tablecode,ts,usefunc,visible,visibleposition,width)
            values('0001ZZZZ26cf64fbc1a3','0001ZZZZ69cefb219764','01675523-fa49-4965-b69a-d3f780ea7541','billstatus',null,null,'~',203,'自由=-1,审批未通过=0,审批通过=1,审批进行中=2,提交=3','','','','','','','N',0,'N','N','N','N','N','N','Y','Y','select','单据状态',50,NULL,'billstatus','=@','等于@',6,'5d32a8c6-b860-4c1f-9113-3884ec50fcf7','','/common-ref/','-99','N','','refpk',1,'','2021-07-19 13:52:07','N','Y',null,1);
            go
            insert into pub_query_property(pk_query_property,areaid,classid,code,containlower,creationtime,creator,datatype,dataval,defaultvalue,define1,define2,define3,define4,define5,disabled,dr,isbeyondorg,ischeck,isdefined,isfixedcondition,ismultiselectedenabled,isnotmeta,isquerycondition,isuse,itemtype,label,maxlength,metadataproperty,metapath,opersign,opersignname,position,proid,querytablename,refcode,refname,required,resid,returntype,showtype,tablecode,ts,usefunc,visible,visibleposition,width)
            values('0001ZZZZbaf332495039','0001ZZZZ69cefb219764','01675523-fa49-4965-b69a-d3f780ea7541','pk_billtypeid',null,null,'~',204,'0001Z0100BILLTYPEZJ7,code=N','','','','','','','N',0,'N','N','N','N','N','N','Y','Y','refer','单据类型',20,'uap.BilltypeVO.billtypename','pk_billtypeid','=@','等于@',9,'0ad062db-9bc8-4b39-ba41-a6faf87e8fa6','','uap/refer/riart/billtype/index','影响因素单据类型','N','','refpk',1,'','2021-07-19 13:52:07','N','Y',null,1);
            go
            insert into pub_query_property(pk_query_property,areaid,classid,code,containlower,creationtime,creator,datatype,dataval,defaultvalue,define1,define2,define3,define4,define5,disabled,dr,isbeyondorg,ischeck,isdefined,isfixedcondition,ismultiselectedenabled,isnotmeta,isquerycondition,isuse,itemtype,label,maxlength,metadataproperty,metapath,opersign,opersignname,position,proid,querytablename,refcode,refname,required,resid,returntype,showtype,tablecode,ts,usefunc,visible,visibleposition,width)
            values('0001ZZZZ6b3b6b4549ac','0001ZZZZ69cefb219764','01675523-fa49-4965-b69a-d3f780ea7541','ismaintain',null,null,'~',32,'','','','','','','','N',0,'N','N','N','N','N','N','Y','Y','checkbox_switch','学生进班英语成绩是否维护',1,NULL,'ismaintain','=@','等于@',41,'aa99a067-0b5e-4462-93ae-57d4e19fc84a','','/common-ref/','-99','N','','refpk',1,'','2021-07-19 13:52:07','N','Y',null,1);
            go
            insert into pub_query_property(pk_query_property,areaid,classid,code,containlower,creationtime,creator,datatype,dataval,defaultvalue,define1,define2,define3,define4,define5,disabled,dr,isbeyondorg,ischeck,isdefined,isfixedcondition,ismultiselectedenabled,isnotmeta,isquerycondition,isuse,itemtype,label,maxlength,metadataproperty,metapath,opersign,opersignname,position,proid,querytablename,refcode,refname,required,resid,returntype,showtype,tablecode,ts,usefunc,visible,visibleposition,width)
            values('0001ZZZZec00163b481c','0001ZZZZ69cefb219764','01675523-fa49-4965-b69a-d3f780ea7541','isapply',null,null,'~',32,'','','','','','','','N',0,'N','N','N','N','N','N','Y','Y','checkbox_switch','教材是否申领',1,NULL,'isapply','=@','等于@',37,'240042ee-67ad-4357-b611-83420cbf32f3','','/common-ref/','-99','N','','refpk',1,'','2021-07-19 13:52:07','N','Y',null,1);
            go
            insert into pub_query_property(pk_query_property,areaid,classid,code,containlower,creationtime,creator,datatype,dataval,defaultvalue,define1,define2,define3,define4,define5,disabled,dr,isbeyondorg,ischeck,isdefined,isfixedcondition,ismultiselectedenabled,isnotmeta,isquerycondition,isuse,itemtype,label,maxlength,metadataproperty,metapath,opersign,opersignname,position,proid,querytablename,refcode,refname,required,resid,returntype,showtype,tablecode,ts,usefunc,visible,visibleposition,width)
            values('0001ZZZZ0901a1753114','0001ZZZZ69cefb219764','01675523-fa49-4965-b69a-d3f780ea7541','isuploadall',null,null,'~',32,'','','','','','','','N',0,'N','N','N','N','N','N','Y','Y','checkbox_switch','整体教学计划是否上传',1,NULL,'isuploadall','=@','等于@',39,'b7188df9-4392-4f74-8c56-ee44ef7927a5','','/common-ref/','-99','N','','refpk',1,'','2021-07-19 13:52:07','N','Y',null,1);
            go
            insert into pub_query_property(pk_query_property,areaid,classid,code,containlower,creationtime,creator,datatype,dataval,defaultvalue,define1,define2,define3,define4,define5,disabled,dr,isbeyondorg,ischeck,isdefined,isfixedcondition,ismultiselectedenabled,isnotmeta,isquerycondition,isuse,itemtype,label,maxlength,metadataproperty,metapath,opersign,opersignname,position,proid,querytablename,refcode,refname,required,resid,returntype,showtype,tablecode,ts,usefunc,visible,visibleposition,width)
            values('0001ZZZZ20efe3d76ec1','0001ZZZZ69cefb219764','01675523-fa49-4965-b69a-d3f780ea7541','isuploadnow',null,null,'~',32,'','','','','','','','N',0,'N','N','N','N','N','N','Y','Y','checkbox_switch','本学期教学计划是否上传',1,NULL,'isuploadnow','=@','等于@',40,'0cec7fa9-6a16-41fc-aa2b-0c118858f95d','','/common-ref/','-99','N','','refpk',1,'','2021-07-19 13:52:07','N','Y',null,1);
            go
            insert into pub_query_property(pk_query_property,areaid,classid,code,containlower,creationtime,creator,datatype,dataval,defaultvalue,define1,define2,define3,define4,define5,disabled,dr,isbeyondorg,ischeck,isdefined,isfixedcondition,ismultiselectedenabled,isnotmeta,isquerycondition,isuse,itemtype,label,maxlength,metadataproperty,metapath,opersign,opersignname,position,proid,querytablename,refcode,refname,required,resid,returntype,showtype,tablecode,ts,usefunc,visible,visibleposition,width)
            values('0001ZZZZ33ae7ec6fb66','0001ZZZZ69cefb219764','01675523-fa49-4965-b69a-d3f780ea7541','pk_org',null,null,'~',204,'0001Z01000000001BVPS,code=N','','','','','','','N',0,'N','N','N','N','N','N','Y','Y','refer','组织',20,'uap.org.name','pk_org','=@','等于@',3,'df243848-27bc-4571-adf5-4b14e850718a','','uapbd/refer/org/BusinessUnitAndDeptTreeRef/index','业务单元及部门','N','','refpk',1,'','2021-07-19 13:52:07','N','Y',null,1);
            go
            insert into pub_query_property(pk_query_property,areaid,classid,code,containlower,creationtime,creator,datatype,dataval,defaultvalue,define1,define2,define3,define4,define5,disabled,dr,isbeyondorg,ischeck,isdefined,isfixedcondition,ismultiselectedenabled,isnotmeta,isquerycondition,isuse,itemtype,label,maxlength,metadataproperty,metapath,opersign,opersignname,position,proid,querytablename,refcode,refname,required,resid,returntype,showtype,tablecode,ts,usefunc,visible,visibleposition,width)
            values('0001ZZZZ5023112638ec','0001ZZZZ69cefb219764','01675523-fa49-4965-b69a-d3f780ea7541','pk_group',null,null,'~',204,'0001Z010000000000ZKS,code=N','','','','','','','N',0,'N','N','N','N','N','N','Y','Y','refer','集团',20,'uap.group.name','pk_group','=@','等于@',2,'0e4caeff-7148-4041-86c8-ee675cbde705','','uap/refer/riart/groupTreeRef/index','集团','N','','refpk',1,'','2021-07-19 13:52:07','N','Y',null,1);
            go


        insert into pub_form_property(pk_form_property,areaid,classid,code,colnum,color,creationtime,creator,datatype,dataval,defaultvalue,defaultvar,define1,define2,define3,disabled,dr,editformula,hyperlinkflag,iscode,isdefined,ismultiselectedenabled,isnextrow,isrevise,istotal,itemtype,label,maxlength,metadataproperty,metaid,metapath,modifiedtime,modifier,position,proid,refcode,refname,relatemeta,required,resid,showformula,textrows,ts,validateformula,visible,width)
        values('0001ZZZZ7271a7c69000','0001ZZZZcdb5b7974c65','01675523-fa49-4965-b69a-d3f780ea7541','isbuild',null,'#111111',null,'~',32, null, null,null,null,null,null,'N',0,null,'N','N','N',null,'N','N','N','checkbox_switch','三群是否建立',28,NULL,'','isbuild',null,'~',38,'c28a99af-fb3a-4e7d-a7ef-6be1ddd5e623','/common-ref/','-99',null,'N',null,null,null,'2021-07-19 13:52:07',null,'Y',null);
        go

        insert into pub_form_property(pk_form_property,areaid,classid,code,colnum,color,creationtime,creator,datatype,dataval,defaultvalue,defaultvar,define1,define2,define3,disabled,dr,editformula,hyperlinkflag,iscode,isdefined,ismultiselectedenabled,isnextrow,isrevise,istotal,itemtype,label,maxlength,metadataproperty,metaid,metapath,modifiedtime,modifier,position,proid,refcode,refname,relatemeta,required,resid,showformula,textrows,ts,validateformula,visible,width)
        values('0001ZZZZ7271a7c69001','0001ZZZZcdb5b7974c65','01675523-fa49-4965-b69a-d3f780ea7541','pk_busitype',null,'#111111',null,'~',204, '', null,null,null,null,null,'N',0,null,'N','N','N',null,'N','N','N','refer','业务类型',28,NULL,'7717f1a3-b777-454e-abb5-ef8705a0f0c2','pk_busitype',null,'~',8,'9793b3f8-9d80-4df3-9234-9ed8f468dc44','uap/refer/riart/busitype/index','业务流程',null,'N',null,null,null,'2021-07-19 13:52:07',null,'Y',null);
        go

        insert into pub_form_property(pk_form_property,areaid,classid,code,colnum,color,creationtime,creator,datatype,dataval,defaultvalue,defaultvar,define1,define2,define3,disabled,dr,editformula,hyperlinkflag,iscode,isdefined,ismultiselectedenabled,isnextrow,isrevise,istotal,itemtype,label,maxlength,metadataproperty,metaid,metapath,modifiedtime,modifier,position,proid,refcode,refname,relatemeta,required,resid,showformula,textrows,ts,validateformula,visible,width)
        values('0001ZZZZ7271a7c69002','0001ZZZZcdb5b7974c65','01675523-fa49-4965-b69a-d3f780ea7541','pk_transtype',null,'#111111',null,'~',204, '0001Z0100BILLTYPEZJ8,code=N', null,null,null,null,null,'N',0,null,'N','N','N',null,'N','N','N','refer','交易类型',28,'uap.BilltypeVO.billtypename','b0fa41cd-a649-4309-b685-d341a5d1b0ed','pk_transtype',null,'~',12,'1854abf9-ab79-491e-9e8d-f7cc33812b85','uap/refer/riart/transtype/index','影响因素交 易类型',null,'N',null,null,null,'2021-07-19 13:52:07',null,'Y',null);
        go

        insert into pub_form_property(pk_form_property,areaid,classid,code,colnum,color,creationtime,creator,datatype,dataval,defaultvalue,defaultvar,define1,define2,define3,disabled,dr,editformula,hyperlinkflag,iscode,isdefined,ismultiselectedenabled,isnextrow,isrevise,istotal,itemtype,label,maxlength,metadataproperty,metaid,metapath,modifiedtime,modifier,position,proid,refcode,refname,relatemeta,required,resid,showformula,textrows,ts,validateformula,visible,width)
        values('0001ZZZZ7271a7c69003','0001ZZZZcdb5b7974c65','01675523-fa49-4965-b69a-d3f780ea7541','transtypecode',null,'#111111',null,'~',1, null, null,null,null,null,null,'N',0,null,'N','N','N',null,'N','N','N','input','交易类型编码',28,NULL,'','transtypecode',null,'~',11,'45202962-75c1-442b-97f4-a0e7b67e1179','/common-ref/','-99',null,'N',null,null,null,'2021-07-19 13:52:07',null,'Y',null);
        go

        insert into pub_form_property(pk_form_property,areaid,classid,code,colnum,color,creationtime,creator,datatype,dataval,defaultvalue,defaultvar,define1,define2,define3,disabled,dr,editformula,hyperlinkflag,iscode,isdefined,ismultiselectedenabled,isnextrow,isrevise,istotal,itemtype,label,maxlength,metadataproperty,metaid,metapath,modifiedtime,modifier,position,proid,refcode,refname,relatemeta,required,resid,showformula,textrows,ts,validateformula,visible,width)
        values('0001ZZZZ7271a7c69004','0001ZZZZcdb5b7974c65','01675523-fa49-4965-b69a-d3f780ea7541','modifier',null,'#111111',null,'~',204, '0001Z01000000001BVPB,code=N', null,null,null,null,null,'N',0,null,'N','N','N',null,'N','N','N','refer','修改人',28,'uap.user.user_name','f6f9a473-56c0-432f-8bc7-fbf8fde54fee','modifier',null,'~',17,'f3458dad-e20e-4d06-a71d-29411e11a649','uap/refer/riart/userDefaultRefer/index','用户',null,'N',null,null,null,'2021-07-19 13:52:07',null,'Y',null);
        go

        insert into pub_form_property(pk_form_property,areaid,classid,code,colnum,color,creationtime,creator,datatype,dataval,defaultvalue,defaultvar,define1,define2,define3,disabled,dr,editformula,hyperlinkflag,iscode,isdefined,ismultiselectedenabled,isnextrow,isrevise,istotal,itemtype,label,maxlength,metadataproperty,metaid,metapath,modifiedtime,modifier,position,proid,refcode,refname,relatemeta,required,resid,showformula,textrows,ts,validateformula,visible,width)
        values('0001ZZZZ7271a7c69005','0001ZZZZcdb5b7974c65','01675523-fa49-4965-b69a-d3f780ea7541','modifiedtime',null,'#111111',null,'~',34, null, null,null,null,null,null,'N',0,null,'N','N','N',null,'N','N','N','datetimepicker','修改时间',28,NULL,'','modifiedtime',null,'~',18,'98b957d0-0c0a-4dc7-8e92-1e513553a403','/common-ref/','-99',null,'N',null,null,null,'2021-07-19 13:52:07',null,'Y',null);
        go

        insert into pub_form_property(pk_form_property,areaid,classid,code,colnum,color,creationtime,creator,datatype,dataval,defaultvalue,defaultvar,define1,define2,define3,disabled,dr,editformula,hyperlinkflag,iscode,isdefined,ismultiselectedenabled,isnextrow,isrevise,istotal,itemtype,label,maxlength,metadataproperty,metaid,metapath,modifiedtime,modifier,position,proid,refcode,refname,relatemeta,required,resid,showformula,textrows,ts,validateformula,visible,width)
        values('0001ZZZZ7271a7c69006','0001ZZZZcdb5b7974c65','01675523-fa49-4965-b69a-d3f780ea7541','creator',null,'#111111',null,'~',204, '0001Z01000000001BVPB,code=N', null,null,null,null,null,'N',0,null,'N','N','N',null,'N','N','N','refer','创建人',28,'uap.user.user_name','f6f9a473-56c0-432f-8bc7-fbf8fde54fee','creator',null,'~',15,'ca85aa36-c6b7-4f2d-87ec-f5b6c29f672b','uap/refer/riart/userDefaultRefer/index','用户',null,'N',null,null,null,'2021-07-19 13:52:07',null,'Y',null);
        go

        insert into pub_form_property(pk_form_property,areaid,classid,code,colnum,color,creationtime,creator,datatype,dataval,defaultvalue,defaultvar,define1,define2,define3,disabled,dr,editformula,hyperlinkflag,iscode,isdefined,ismultiselectedenabled,isnextrow,isrevise,istotal,itemtype,label,maxlength,metadataproperty,metaid,metapath,modifiedtime,modifier,position,proid,refcode,refname,relatemeta,required,resid,showformula,textrows,ts,validateformula,visible,width)
        values('0001ZZZZ7271a7c69007','0001ZZZZcdb5b7974c65','01675523-fa49-4965-b69a-d3f780ea7541','creationtime',null,'#111111',null,'~',34, null, null,null,null,null,null,'N',0,null,'N','N','N',null,'N','N','N','datetimepicker','创建时间',28,NULL,'','creationtime',null,'~',16,'dace611c-900a-4e91-8ece-de655f03755d','/common-ref/','-99',null,'N',null,null,null,'2021-07-19 13:52:07',null,'Y',null);
        go

        insert into pub_form_property(pk_form_property,areaid,classid,code,colnum,color,creationtime,creator,datatype,dataval,defaultvalue,defaultvar,define1,define2,define3,disabled,dr,editformula,hyperlinkflag,iscode,isdefined,ismultiselectedenabled,isnextrow,isrevise,istotal,itemtype,label,maxlength,metadataproperty,metaid,metapath,modifiedtime,modifier,position,proid,refcode,refname,relatemeta,required,resid,showformula,textrows,ts,validateformula,visible,width)
        values('0001ZZZZ7271a7c69008','0001ZZZZcdb5b7974c65','01675523-fa49-4965-b69a-d3f780ea7541','billmaker',null,'#111111',null,'~',204, '0001Z01000000001BVPB,code=N', null,null,null,null,null,'N',0,null,'N','N','N',null,'N','N','N','refer','制单人',28,'uap.user.user_name','f6f9a473-56c0-432f-8bc7-fbf8fde54fee','billmaker',null,'~',13,'67e85849-f7f7-46a6-b97d-838b6399eeab','uap/refer/riart/userDefaultRefer/index','用户',null,'N',null,null,null,'2021-07-19 13:52:07',null,'Y',null);
        go

        insert into pub_form_property(pk_form_property,areaid,classid,code,colnum,color,creationtime,creator,datatype,dataval,defaultvalue,defaultvar,define1,define2,define3,disabled,dr,editformula,hyperlinkflag,iscode,isdefined,ismultiselectedenabled,isnextrow,isrevise,istotal,itemtype,label,maxlength,metadataproperty,metaid,metapath,modifiedtime,modifier,position,proid,refcode,refname,relatemeta,required,resid,showformula,textrows,ts,validateformula,visible,width)
        values('0001ZZZZ7271a7c69009','0001ZZZZcdb5b7974c65','01675523-fa49-4965-b69a-d3f780ea7541','maketime',null,'#111111',null,'~',33, null, null,null,null,null,null,'N',0,null,'N','N','N',null,'N','N','N','datepicker','制单时间',28,NULL,'','maketime',null,'~',14,'8e4019c2-b1b5-468b-a312-be972ab15a4f','/common-ref/','-99',null,'N',null,null,null,'2021-07-19 13:52:07',null,'Y',null);
        go

        insert into pub_form_property(pk_form_property,areaid,classid,code,colnum,color,creationtime,creator,datatype,dataval,defaultvalue,defaultvar,define1,define2,define3,disabled,dr,editformula,hyperlinkflag,iscode,isdefined,ismultiselectedenabled,isnextrow,isrevise,istotal,itemtype,label,maxlength,metadataproperty,metaid,metapath,modifiedtime,modifier,position,proid,refcode,refname,relatemeta,required,resid,showformula,textrows,ts,validateformula,visible,width)
        values('0001ZZZZ7271a7c69010','0001ZZZZcdb5b7974c65','01675523-fa49-4965-b69a-d3f780ea7541','bill_no',null,'#111111',null,'~',1, null, null,null,null,null,null,'Y',0,null,'N','N','N',null,'N','N','N','input','单据号',28,NULL,'','bill_no',null,'~',7,'7317994f-4ee0-4a39-abdb-88fcc20d50d0','/common-ref/','-99',null,'N',null,null,null,'2021-07-19 13:52:07',null,'Y',null);
        go

        insert into pub_form_property(pk_form_property,areaid,classid,code,colnum,color,creationtime,creator,datatype,dataval,defaultvalue,defaultvar,define1,define2,define3,disabled,dr,editformula,hyperlinkflag,iscode,isdefined,ismultiselectedenabled,isnextrow,isrevise,istotal,itemtype,label,maxlength,metadataproperty,metaid,metapath,modifiedtime,modifier,position,proid,refcode,refname,relatemeta,required,resid,showformula,textrows,ts,validateformula,visible,width)
        values('0001ZZZZ7271a7c69011','0001ZZZZcdb5b7974c65','01675523-fa49-4965-b69a-d3f780ea7541','dbilldate',null,'#111111',null,'~',33, null, null,null,null,null,null,'N',0,null,'N','N','N',null,'N','N','N','datepicker','单据日期',28,NULL,'','dbilldate',null,'~',5,'1ca68fc7-67af-40ce-b1cb-1b2ddfb8c33c','/common-ref/','-99',null,'N',null,null,null,'2021-07-19 13:52:07',null,'Y',null);
        go

        insert into pub_form_property(pk_form_property,areaid,classid,code,colnum,color,creationtime,creator,datatype,dataval,defaultvalue,defaultvar,define1,define2,define3,disabled,dr,editformula,hyperlinkflag,iscode,isdefined,ismultiselectedenabled,isnextrow,isrevise,istotal,itemtype,label,maxlength,metadataproperty,metaid,metapath,modifiedtime,modifier,position,proid,refcode,refname,relatemeta,required,resid,showformula,textrows,ts,validateformula,visible,width)
        values('0001ZZZZ7271a7c69012','0001ZZZZcdb5b7974c65','01675523-fa49-4965-b69a-d3f780ea7541','billstatus',null,'#111111',null,'~',203, '自由=-1,审批未通过=0,审批通过=1,审批进行中=2,提交=3','-1',null,null,null,null,'N',0,null,'N','N','N',null,'N','N','N','select','单据状态',28,NULL,'','billstatus',null,'~',6,'91bc7bfd-af4b-44d9-8497-55f1f709995c','/common-ref/','-99',null,'N',null,null,null,'2021-07-19 13:52:07',null,'Y',null);
        go

        insert into pub_form_property(pk_form_property,areaid,classid,code,colnum,color,creationtime,creator,datatype,dataval,defaultvalue,defaultvar,define1,define2,define3,disabled,dr,editformula,hyperlinkflag,iscode,isdefined,ismultiselectedenabled,isnextrow,isrevise,istotal,itemtype,label,maxlength,metadataproperty,metaid,metapath,modifiedtime,modifier,position,proid,refcode,refname,relatemeta,required,resid,showformula,textrows,ts,validateformula,visible,width)
        values('0001ZZZZ7271a7c69013','0001ZZZZcdb5b7974c65','01675523-fa49-4965-b69a-d3f780ea7541','pk_billtypeid',null,'#111111',null,'~',204, '0001Z0100BILLTYPEZJ7,code=N', null,null,null,null,null,'N',0,null,'N','N','N',null,'N','N','N','refer','单据类型',28,'uap.BilltypeVO.billtypename','b0fa41cd-a649-4309-b685-d341a5d1b0ed','pk_billtypeid',null,'~',9,'c0de16de-a575-4ec3-92fb-355fcffaaeba','uap/refer/riart/billtype/index','影响因素单据类型',null,'N',null,null,null,'2021-07-19 13:52:07',null,'Y',null);
        go

        insert into pub_form_property(pk_form_property,areaid,classid,code,colnum,color,creationtime,creator,datatype,dataval,defaultvalue,defaultvar,define1,define2,define3,disabled,dr,editformula,hyperlinkflag,iscode,isdefined,ismultiselectedenabled,isnextrow,isrevise,istotal,itemtype,label,maxlength,metadataproperty,metaid,metapath,modifiedtime,modifier,position,proid,refcode,refname,relatemeta,required,resid,showformula,textrows,ts,validateformula,visible,width)
        values('0001ZZZZ7271a7c69014','0001ZZZZcdb5b7974c65','01675523-fa49-4965-b69a-d3f780ea7541','billtype',null,'#111111',null,'~',1, null, null,null,null,null,null,'N',0,null,'N','N','N',null,'N','N','N','input','单据类型编码',28,NULL,'','billtype',null,'~',10,'29bab6ee-b6d4-4f1d-bb8c-cf38e55e4ea8','/common-ref/','-99',null,'N',null,null,null,'2021-07-19 13:52:07',null,'Y',null);
        go

        insert into pub_form_property(pk_form_property,areaid,classid,code,colnum,color,creationtime,creator,datatype,dataval,defaultvalue,defaultvar,define1,define2,define3,disabled,dr,editformula,hyperlinkflag,iscode,isdefined,ismultiselectedenabled,isnextrow,isrevise,istotal,itemtype,label,maxlength,metadataproperty,metaid,metapath,modifiedtime,modifier,position,proid,refcode,refname,relatemeta,required,resid,showformula,textrows,ts,validateformula,visible,width)
        values('0001ZZZZ7271a7c69015','0001ZZZZcdb5b7974c65','01675523-fa49-4965-b69a-d3f780ea7541','vnote',null,'#111111',null,'~',1, null, null,null,null,null,null,'N',0,null,'N','N','N',null,'N','N','N','input','备注',28,NULL,'','vnote',null,'~',23,'ba2874d4-bd69-418d-bac1-fe4b5173b72b','/common-ref/','-99',null,'N',null,null,null,'2021-07-19 13:52:07',null,'Y',null);
        go

        insert into pub_form_property(pk_form_property,areaid,classid,code,colnum,color,creationtime,creator,datatype,dataval,defaultvalue,defaultvar,define1,define2,define3,disabled,dr,editformula,hyperlinkflag,iscode,isdefined,ismultiselectedenabled,isnextrow,isrevise,istotal,itemtype,label,maxlength,metadataproperty,metaid,metapath,modifiedtime,modifier,position,proid,refcode,refname,relatemeta,required,resid,showformula,textrows,ts,validateformula,visible,width)
        values('0001ZZZZ7271a7c69016','0001ZZZZcdb5b7974c65','01675523-fa49-4965-b69a-d3f780ea7541','ismaintain',null,'#111111',null,'~',32, null, null,null,null,null,null,'N',0,null,'N','N','N',null,'N','N','N','checkbox_switch','学生进班英语成绩是否维护',28,NULL,'','ismaintain',null,'~',41,'230dd313-9267-41ca-8560-ed044b5b3f98','/common-ref/','-99',null,'N',null,null,null,'2021-07-19 13:52:07',null,'Y',null);
        go

        insert into pub_form_property(pk_form_property,areaid,classid,code,colnum,color,creationtime,creator,datatype,dataval,defaultvalue,defaultvar,define1,define2,define3,disabled,dr,editformula,hyperlinkflag,iscode,isdefined,ismultiselectedenabled,isnextrow,isrevise,istotal,itemtype,label,maxlength,metadataproperty,metaid,metapath,modifiedtime,modifier,position,proid,refcode,refname,relatemeta,required,resid,showformula,textrows,ts,validateformula,visible,width)
        values('0001ZZZZ7271a7c69017','0001ZZZZcdb5b7974c65','01675523-fa49-4965-b69a-d3f780ea7541','approver',null,'#111111',null,'~',204, '0001Z01000000001BVPB,code=N', null,null,null,null,null,'N',0,null,'N','N','N',null,'N','N','N','refer','审批人',28,'uap.user.user_name','f6f9a473-56c0-432f-8bc7-fbf8fde54fee','approver',null,'~',19,'a870ae79-aa80-482e-ba8a-a1743f78a036','uap/refer/riart/userDefaultRefer/index','用户',null,'N',null,null,null,'2021-07-19 13:52:07',null,'Y',null);
        go

        insert into pub_form_property(pk_form_property,areaid,classid,code,colnum,color,creationtime,creator,datatype,dataval,defaultvalue,defaultvar,define1,define2,define3,disabled,dr,editformula,hyperlinkflag,iscode,isdefined,ismultiselectedenabled,isnextrow,isrevise,istotal,itemtype,label,maxlength,metadataproperty,metaid,metapath,modifiedtime,modifier,position,proid,refcode,refname,relatemeta,required,resid,showformula,textrows,ts,validateformula,visible,width)
        values('0001ZZZZ7271a7c69018','0001ZZZZcdb5b7974c65','01675523-fa49-4965-b69a-d3f780ea7541','approvenote',null,'#111111',null,'~',1, null, null,null,null,null,null,'N',0,null,'N','N','N',null,'N','N','N','input','审批批语',28,NULL,'','approvenote',null,'~',21,'c4a95473-dc74-4674-a02c-b5189f34a16c','/common-ref/','-99',null,'N',null,null,null,'2021-07-19 13:52:07',null,'Y',null);
        go

        insert into pub_form_property(pk_form_property,areaid,classid,code,colnum,color,creationtime,creator,datatype,dataval,defaultvalue,defaultvar,define1,define2,define3,disabled,dr,editformula,hyperlinkflag,iscode,isdefined,ismultiselectedenabled,isnextrow,isrevise,istotal,itemtype,label,maxlength,metadataproperty,metaid,metapath,modifiedtime,modifier,position,proid,refcode,refname,relatemeta,required,resid,showformula,textrows,ts,validateformula,visible,width)
        values('0001ZZZZ7271a7c69019','0001ZZZZcdb5b7974c65','01675523-fa49-4965-b69a-d3f780ea7541','approvedate',null,'#111111',null,'~',34, null, null,null,null,null,null,'N',0,null,'N','N','N',null,'N','N','N','datetimepicker','审批时间',28,NULL,'','approvedate',null,'~',22,'30bfff65-bc48-454f-8109-5b1f973a5817','/common-ref/','-99',null,'N',null,null,null,'2021-07-19 13:52:07',null,'Y',null);
        go

        insert into pub_form_property(pk_form_property,areaid,classid,code,colnum,color,creationtime,creator,datatype,dataval,defaultvalue,defaultvar,define1,define2,define3,disabled,dr,editformula,hyperlinkflag,iscode,isdefined,ismultiselectedenabled,isnextrow,isrevise,istotal,itemtype,label,maxlength,metadataproperty,metaid,metapath,modifiedtime,modifier,position,proid,refcode,refname,relatemeta,required,resid,showformula,textrows,ts,validateformula,visible,width)
        values('0001ZZZZ7271a7c69020','0001ZZZZcdb5b7974c65','01675523-fa49-4965-b69a-d3f780ea7541','approvestatus',null,'#111111',null,'~',203, '自由=-1,审批未通过=0,审批通过=1,审批进行中=2,提交=3', null,null,null,null,null,'N',0,null,'N','N','N',null,'N','N','N','select','审批状态',28,NULL,'','approvestatus',null,'~',20,'0c2e1259-1c90-4b53-b1d4-2f3a9e4db0da','/common-ref/','-99',null,'N',null,null,null,'2021-07-19 13:52:07',null,'Y',null);
        go

        insert into pub_form_property(pk_form_property,areaid,classid,code,colnum,color,creationtime,creator,datatype,dataval,defaultvalue,defaultvar,define1,define2,define3,disabled,dr,editformula,hyperlinkflag,iscode,isdefined,ismultiselectedenabled,isnextrow,isrevise,istotal,itemtype,label,maxlength,metadataproperty,metaid,metapath,modifiedtime,modifier,position,proid,refcode,refname,relatemeta,required,resid,showformula,textrows,ts,validateformula,visible,width)
        values('0001ZZZZ7271a7c69021','0001ZZZZcdb5b7974c65','01675523-fa49-4965-b69a-d3f780ea7541','isapply',null,'#111111',null,'~',32, null, null,null,null,null,null,'N',0,null,'N','N','N',null,'N','N','N','checkbox_switch','教材是否申领',28,NULL,'','isapply',null,'~',37,'16797f19-eb5b-48d3-bcaa-730029a37118','/common-ref/','-99',null,'N',null,null,null,'2021-07-19 13:52:07',null,'Y',null);
        go

        insert into pub_form_property(pk_form_property,areaid,classid,code,colnum,color,creationtime,creator,datatype,dataval,defaultvalue,defaultvar,define1,define2,define3,disabled,dr,editformula,hyperlinkflag,iscode,isdefined,ismultiselectedenabled,isnextrow,isrevise,istotal,itemtype,label,maxlength,metadataproperty,metaid,metapath,modifiedtime,modifier,position,proid,refcode,refname,relatemeta,required,resid,showformula,textrows,ts,validateformula,visible,width)
        values('0001ZZZZ7271a7c69022','0001ZZZZcdb5b7974c65','01675523-fa49-4965-b69a-d3f780ea7541','isuploadall',null,'#111111',null,'~',32, null, null,null,null,null,null,'N',0,null,'N','N','N',null,'N','N','N','checkbox_switch','整体教学计划是否上传',28,NULL,'','isuploadall',null,'~',39,'d123459d-7a24-456b-8fa4-c28783e35fd2','/common-ref/','-99',null,'N',null,null,null,'2021-07-19 13:52:07',null,'Y',null);
        go

        insert into pub_form_property(pk_form_property,areaid,classid,code,colnum,color,creationtime,creator,datatype,dataval,defaultvalue,defaultvar,define1,define2,define3,disabled,dr,editformula,hyperlinkflag,iscode,isdefined,ismultiselectedenabled,isnextrow,isrevise,istotal,itemtype,label,maxlength,metadataproperty,metaid,metapath,modifiedtime,modifier,position,proid,refcode,refname,relatemeta,required,resid,showformula,textrows,ts,validateformula,visible,width)
        values('0001ZZZZ7271a7c69025','0001ZZZZcdb5b7974c65','01675523-fa49-4965-b69a-d3f780ea7541','isuploadnow',null,'#111111',null,'~',32, null, null,null,null,null,null,'N',0,null,'N','N','N',null,'N','N','N','checkbox_switch','本学期教学计划是否上传',28,NULL,'','isuploadnow',null,'~',40,'2c0eb406-931e-49e9-ab1b-2a6f1d5125d2','/common-ref/','-99',null,'N',null,null,null,'2021-07-19 13:52:07',null,'Y',null);
        go

        insert into pub_form_property(pk_form_property,areaid,classid,code,colnum,color,creationtime,creator,datatype,dataval,defaultvalue,defaultvar,define1,define2,define3,disabled,dr,editformula,hyperlinkflag,iscode,isdefined,ismultiselectedenabled,isnextrow,isrevise,istotal,itemtype,label,maxlength,metadataproperty,metaid,metapath,modifiedtime,modifier,position,proid,refcode,refname,relatemeta,required,resid,showformula,textrows,ts,validateformula,visible,width)
        values('0001ZZZZ7271a7c69026','0001ZZZZcdb5b7974c65','01675523-fa49-4965-b69a-d3f780ea7541','srctrantype',null,'#111111',null,'~',1, null, null,null,null,null,null,'N',0,null,'N','N','N',null,'N','N','N','input','来源交易类型',28,NULL,'','srctrantype',null,'~',30,'7b6b68c4-6ff0-4575-bed6-5ee563824ed3','/common-ref/','-99',null,'N',null,null,null,'2021-07-19 13:52:07',null,'Y',null);
        go

        insert into pub_form_property(pk_form_property,areaid,classid,code,colnum,color,creationtime,creator,datatype,dataval,defaultvalue,defaultvar,define1,define2,define3,disabled,dr,editformula,hyperlinkflag,iscode,isdefined,ismultiselectedenabled,isnextrow,isrevise,istotal,itemtype,label,maxlength,metadataproperty,metaid,metapath,modifiedtime,modifier,position,proid,refcode,refname,relatemeta,required,resid,showformula,textrows,ts,validateformula,visible,width)
        values('0001ZZZZ7271a7c69029','0001ZZZZcdb5b7974c65','01675523-fa49-4965-b69a-d3f780ea7541','srccode',null,'#111111',null,'~',1, null, null,null,null,null,null,'N',0,null,'N','N','N',null,'N','N','N','input','来源单据号',28,NULL,'','srccode',null,'~',26,'973524a2-1e06-48ac-82ae-004efa2348dc','/common-ref/','-99',null,'N',null,null,null,'2021-07-19 13:52:07',null,'Y',null);
        go

        insert into pub_form_property(pk_form_property,areaid,classid,code,colnum,color,creationtime,creator,datatype,dataval,defaultvalue,defaultvar,define1,define2,define3,disabled,dr,editformula,hyperlinkflag,iscode,isdefined,ismultiselectedenabled,isnextrow,isrevise,istotal,itemtype,label,maxlength,metadataproperty,metaid,metapath,modifiedtime,modifier,position,proid,refcode,refname,relatemeta,required,resid,showformula,textrows,ts,validateformula,visible,width)
        values('0001ZZZZ7271a7c69031','0001ZZZZcdb5b7974c65','01675523-fa49-4965-b69a-d3f780ea7541','srcbilltype',null,'#111111',null,'~',1, null, null,null,null,null,null,'N',0,null,'N','N','N',null,'N','N','N','input','来源单据类型',28,NULL,'','srcbilltype',null,'~',24,'090d398f-2da5-4ca0-89bd-225224661a7b','/common-ref/','-99',null,'N',null,null,null,'2021-07-19 13:52:07',null,'Y',null);
        go

        insert into pub_form_property(pk_form_property,areaid,classid,code,colnum,color,creationtime,creator,datatype,dataval,defaultvalue,defaultvar,define1,define2,define3,disabled,dr,editformula,hyperlinkflag,iscode,isdefined,ismultiselectedenabled,isnextrow,isrevise,istotal,itemtype,label,maxlength,metadataproperty,metaid,metapath,modifiedtime,modifier,position,proid,refcode,refname,relatemeta,required,resid,showformula,textrows,ts,validateformula,visible,width)
        values('0001ZZZZ7271a7c69032','0001ZZZZcdb5b7974c65','01675523-fa49-4965-b69a-d3f780ea7541','srcrowno',null,'#111111',null,'~',1, null, null,null,null,null,null,'N',0,null,'N','N','N',null,'N','N','N','input','来源单据行号',28,NULL,'','srcrowno',null,'~',29,'e190c6c5-acda-427a-b512-abedf2b0b02c','/common-ref/','-99',null,'N',null,null,null,'2021-07-19 13:52:07',null,'Y',null);
        go

        insert into pub_form_property(pk_form_property,areaid,classid,code,colnum,color,creationtime,creator,datatype,dataval,defaultvalue,defaultvar,define1,define2,define3,disabled,dr,editformula,hyperlinkflag,iscode,isdefined,ismultiselectedenabled,isnextrow,isrevise,istotal,itemtype,label,maxlength,metadataproperty,metaid,metapath,modifiedtime,modifier,position,proid,refcode,refname,relatemeta,required,resid,showformula,textrows,ts,validateformula,visible,width)
        values('0001ZZZZ7271a7c69033','0001ZZZZcdb5b7974c65','01675523-fa49-4965-b69a-d3f780ea7541','vfirsttrantype',null,'#111111',null,'~',1, null, null,null,null,null,null,'N',0,null,'N','N','N',null,'N','N','N','input','源头交易类型',28,NULL,'','vfirsttrantype',null,'~',36,'e4c7e3c8-019f-435c-9346-bc2ce521ce34','/common-ref/','-99',null,'N',null,null,null,'2021-07-19 13:52:07',null,'Y',null);
        go

        insert into pub_form_property(pk_form_property,areaid,classid,code,colnum,color,creationtime,creator,datatype,dataval,defaultvalue,defaultvar,define1,define2,define3,disabled,dr,editformula,hyperlinkflag,iscode,isdefined,ismultiselectedenabled,isnextrow,isrevise,istotal,itemtype,label,maxlength,metadataproperty,metaid,metapath,modifiedtime,modifier,position,proid,refcode,refname,relatemeta,required,resid,showformula,textrows,ts,validateformula,visible,width)
        values('0001ZZZZ7271a7c69035','0001ZZZZcdb5b7974c65','01675523-fa49-4965-b69a-d3f780ea7541','vfirstcode',null,'#111111',null,'~',1, null, null,null,null,null,null,'N',0,null,'N','N','N',null,'N','N','N','input','源头单据号',28,NULL,'','vfirstcode',null,'~',32,'b87da095-2984-489f-8ebe-72d31fed3810','/common-ref/','-99',null,'N',null,null,null,'2021-07-19 13:52:07',null,'Y',null);
        go

        insert into pub_form_property(pk_form_property,areaid,classid,code,colnum,color,creationtime,creator,datatype,dataval,defaultvalue,defaultvar,define1,define2,define3,disabled,dr,editformula,hyperlinkflag,iscode,isdefined,ismultiselectedenabled,isnextrow,isrevise,istotal,itemtype,label,maxlength,metadataproperty,metaid,metapath,modifiedtime,modifier,position,proid,refcode,refname,relatemeta,required,resid,showformula,textrows,ts,validateformula,visible,width)
        values('0001ZZZZ7271a7c69037','0001ZZZZcdb5b7974c65','01675523-fa49-4965-b69a-d3f780ea7541','vfirsttype',null,'#111111',null,'~',1, null, null,null,null,null,null,'N',0,null,'N','N','N',null,'N','N','N','input','源头单据类型',28,NULL,'','vfirsttype',null,'~',31,'9079fd56-26e3-4f0c-bf8f-0f0499855dc7','/common-ref/','-99',null,'N',null,null,null,'2021-07-19 13:52:07',null,'Y',null);
        go

        insert into pub_form_property(pk_form_property,areaid,classid,code,colnum,color,creationtime,creator,datatype,dataval,defaultvalue,defaultvar,define1,define2,define3,disabled,dr,editformula,hyperlinkflag,iscode,isdefined,ismultiselectedenabled,isnextrow,isrevise,istotal,itemtype,label,maxlength,metadataproperty,metaid,metapath,modifiedtime,modifier,position,proid,refcode,refname,relatemeta,required,resid,showformula,textrows,ts,validateformula,visible,width)
        values('0001ZZZZ7271a7c69038','0001ZZZZcdb5b7974c65','01675523-fa49-4965-b69a-d3f780ea7541','vfirstrowno',null,'#111111',null,'~',1, null, null,null,null,null,null,'N',0,null,'N','N','N',null,'N','N','N','input','源头单据行号',28,NULL,'','vfirstrowno',null,'~',35,'84c7ba75-0c8c-4332-a581-451a87bacea1','/common-ref/','-99',null,'N',null,null,null,'2021-07-19 13:52:07',null,'Y',null);
        go

        insert into pub_form_property(pk_form_property,areaid,classid,code,colnum,color,creationtime,creator,datatype,dataval,defaultvalue,defaultvar,define1,define2,define3,disabled,dr,editformula,hyperlinkflag,iscode,isdefined,ismultiselectedenabled,isnextrow,isrevise,istotal,itemtype,label,maxlength,metadataproperty,metaid,metapath,modifiedtime,modifier,position,proid,refcode,refname,relatemeta,required,resid,showformula,textrows,ts,validateformula,visible,width)
        values('0001ZZZZ7271a7c69039','0001ZZZZcdb5b7974c65','01675523-fa49-4965-b69a-d3f780ea7541','pk_org',null,'#111111',null,'~',204, '0001Z01000000001BVPS,code=N', null,null,null,null,null,'N',0,null,'N','N','N',null,'N','N','N','refer','组织',28,'uap.org.name','985be8a4-3a36-4778-8afe-2d8ed3902659','pk_org',null,'~',3,'ec29edc5-7081-4248-b92c-315eeb207bab','uapbd/refer/org/BusinessUnitAndDeptTreeRef/index','业务单元及部门',null,'N',null,null,null,'2021-07-19 13:52:07',null,'Y',null);
        go

        insert into pub_form_property(pk_form_property,areaid,classid,code,colnum,color,creationtime,creator,datatype,dataval,defaultvalue,defaultvar,define1,define2,define3,disabled,dr,editformula,hyperlinkflag,iscode,isdefined,ismultiselectedenabled,isnextrow,isrevise,istotal,itemtype,label,maxlength,metadataproperty,metaid,metapath,modifiedtime,modifier,position,proid,refcode,refname,relatemeta,required,resid,showformula,textrows,ts,validateformula,visible,width)
        values('0001ZZZZ7271a7c69040','0001ZZZZcdb5b7974c65','01675523-fa49-4965-b69a-d3f780ea7541','pk_org_v',null,'#111111',null,'~',204, '', null,null,null,null,null,'N',0,null,'N','N','N',null,'N','N','N','refer','组织版本',28,NULL,'da7bba89-9a59-42d6-a262-c13ef459dbd9','pk_org_v',null,'~',4,'d80b1ec4-2d23-4e5c-9865-07fbbdc01047','uapbd/refer/orgv/BusinessUnitVersionDefaultAllTreeRef/index','业务单元版本(所有)',null,'N',null,null,null,'2021-07-19 13:52:07',null,'N',null);
        go

        insert into pub_form_property(pk_form_property,areaid,classid,code,colnum,color,creationtime,creator,datatype,dataval,defaultvalue,defaultvar,define1,define2,define3,disabled,dr,editformula,hyperlinkflag,iscode,isdefined,ismultiselectedenabled,isnextrow,isrevise,istotal,itemtype,label,maxlength,metadataproperty,metaid,metapath,modifiedtime,modifier,position,proid,refcode,refname,relatemeta,required,resid,showformula,textrows,ts,validateformula,visible,width)
        values('0001ZZZZ7271a7c69041','0001ZZZZcdb5b7974c65','01675523-fa49-4965-b69a-d3f780ea7541','pk_group',null,'#111111',null,'~',204, '0001Z010000000000ZKS,code=N', null,null,null,null,null,'N',0,null,'N','N','N',null,'N','N','N','refer','集团',28,'uap.group.name','3b6dd171-2900-47f3-bfbe-41e4483a2a65','pk_group',null,'~',2,'feed1776-5f2e-4fce-8dd3-50e7e963d3d7','uap/refer/riart/groupTreeRef/index','集团',null,'N',null,null,null,'2021-07-19 13:52:07',null,'Y',null);
        go








            insert into pub_form_property(pk_form_property,areaid,classid,code,colnum,color,creationtime,creator,datatype,dataval,defaultvalue,defaultvar,define1,define2,define3,disabled,dr,editformula,hyperlinkflag,iscode,isdefined,ismultiselectedenabled,isnextrow,isrevise,istotal,itemtype,label,maxlength,metadataproperty,metaid,metapath,modifiedtime,modifier,position,proid,refcode,refname,relatemeta,required,resid,showformula,textrows,ts,validateformula,visible,width)
            values('0001ZZZZa0a8dff99000','0001ZZZZf8a2c5cb8ebc','01675523-fa49-4965-b69a-d3f780ea7541','isbuild','1','#111111',null,'~',32,null, null,null,null,null,null,'N',0,null,'N','N','N',null,'N','N','N','checkbox_switch','三群是否建立',28,NULL,'','isbuild',null,'~',38,'27e22cbd-2ea0-4c09-ac05-60533683c967','/common-ref/','-99',null,'N',null,null,null,'2021-07-19 13:52:07',null,'Y',null);
            go
            insert into pub_form_property(pk_form_property,areaid,classid,code,colnum,color,creationtime,creator,datatype,dataval,defaultvalue,defaultvar,define1,define2,define3,disabled,dr,editformula,hyperlinkflag,iscode,isdefined,ismultiselectedenabled,isnextrow,isrevise,istotal,itemtype,label,maxlength,metadataproperty,metaid,metapath,modifiedtime,modifier,position,proid,refcode,refname,relatemeta,required,resid,showformula,textrows,ts,validateformula,visible,width)
            values('0001ZZZZa0a8dff99001','0001ZZZZf8a2c5cb8ebc','01675523-fa49-4965-b69a-d3f780ea7541','pk_busitype','1','#111111',null,'~',204,'' , null,null,null,null,null,'N',0,null,'N','N','N',null,'N','N','N','refer','业务类型',28,NULL,'','pk_busitype',null,'~',8,'57662bc5-d1d5-4642-8fb2-2a6941a0c831','uap/refer/riart/busitype/index','业务流程',null,'N',null,null,null,'2021-07-19 13:52:07',null,'Y',null);
            go
            insert into pub_form_property(pk_form_property,areaid,classid,code,colnum,color,creationtime,creator,datatype,dataval,defaultvalue,defaultvar,define1,define2,define3,disabled,dr,editformula,hyperlinkflag,iscode,isdefined,ismultiselectedenabled,isnextrow,isrevise,istotal,itemtype,label,maxlength,metadataproperty,metaid,metapath,modifiedtime,modifier,position,proid,refcode,refname,relatemeta,required,resid,showformula,textrows,ts,validateformula,visible,width)
            values('0001ZZZZa0a8dff99002','0001ZZZZf8a2c5cb8ebc','01675523-fa49-4965-b69a-d3f780ea7541','pk_transtype','1','#111111',null,'~',204,'0001Z0100BILLTYPEZJ8,code=N' , null,null,null,null,null,'N',0,null,'N','N','N',null,'N','N','N','refer','交易类型',28,'uap.BilltypeVO.billtypename','','pk_transtype',null,'~',12,'67118ae5-471a-4910-8599-e7e95888ea28','uap/refer/riart/transtype/index','影响因素交 易类型',null,'N',null,null,null,'2021-07-19 13:52:07',null,'Y',null);
            go
            insert into pub_form_property(pk_form_property,areaid,classid,code,colnum,color,creationtime,creator,datatype,dataval,defaultvalue,defaultvar,define1,define2,define3,disabled,dr,editformula,hyperlinkflag,iscode,isdefined,ismultiselectedenabled,isnextrow,isrevise,istotal,itemtype,label,maxlength,metadataproperty,metaid,metapath,modifiedtime,modifier,position,proid,refcode,refname,relatemeta,required,resid,showformula,textrows,ts,validateformula,visible,width)
            values('0001ZZZZa0a8dff99003','0001ZZZZf8a2c5cb8ebc','01675523-fa49-4965-b69a-d3f780ea7541','transtypecode','1','#111111',null,'~',1,null, null,null,null,null,null,'N',0,null,'N','N','N',null,'N','N','N','input','交易类型编码',28,NULL,'','transtypecode',null,'~',11,'1b3f009e-6bc0-49ac-ad42-1637cd8ea566','/common-ref/','-99',null,'N',null,null,null,'2021-07-19 13:52:07',null,'Y',null);
            go
            insert into pub_form_property(pk_form_property,areaid,classid,code,colnum,color,creationtime,creator,datatype,dataval,defaultvalue,defaultvar,define1,define2,define3,disabled,dr,editformula,hyperlinkflag,iscode,isdefined,ismultiselectedenabled,isnextrow,isrevise,istotal,itemtype,label,maxlength,metadataproperty,metaid,metapath,modifiedtime,modifier,position,proid,refcode,refname,relatemeta,required,resid,showformula,textrows,ts,validateformula,visible,width)
            values('0001ZZZZ1d6a442318c9','0001ZZZZf3b6685ccd5a','01675523-fa49-4965-b69a-d3f780ea7541','modifier','1','#111111',null,'~',204,'0001Z01000000001BVPB,code=N', null,null,null,null,null,'N',0,null,'N','N','N',null,'N','N','N','refer','修改人',28,'uap.user.user_name','','modifier',null,'~',17,'fe9c10fb-9bf3-444b-afc2-27423a515c4c','uap/refer/riart/userDefaultRefer/index','用户',null,'N',null,null,null,'2021-07-19 13:52:07',null,'Y',null);
            go
            insert into pub_form_property(pk_form_property,areaid,classid,code,colnum,color,creationtime,creator,datatype,dataval,defaultvalue,defaultvar,define1,define2,define3,disabled,dr,editformula,hyperlinkflag,iscode,isdefined,ismultiselectedenabled,isnextrow,isrevise,istotal,itemtype,label,maxlength,metadataproperty,metaid,metapath,modifiedtime,modifier,position,proid,refcode,refname,relatemeta,required,resid,showformula,textrows,ts,validateformula,visible,width)
            values('0001ZZZZ2e15ee3f70be','0001ZZZZf3b6685ccd5a','01675523-fa49-4965-b69a-d3f780ea7541','modifiedtime','1','#111111',null,'~',34,null, null,null,null,null,null,'N',0,null,'N','N','N',null,'N','N','N','datetimepicker','修改时间',28,NULL,'','modifiedtime',null,'~',18,'dde4ebae-4b41-46c6-8047-2363ad0b102a','/common-ref/','-99',null,'N',null,null,null,'2021-07-19 13:52:07',null,'Y',null);
            go
            insert into pub_form_property(pk_form_property,areaid,classid,code,colnum,color,creationtime,creator,datatype,dataval,defaultvalue,defaultvar,define1,define2,define3,disabled,dr,editformula,hyperlinkflag,iscode,isdefined,ismultiselectedenabled,isnextrow,isrevise,istotal,itemtype,label,maxlength,metadataproperty,metaid,metapath,modifiedtime,modifier,position,proid,refcode,refname,relatemeta,required,resid,showformula,textrows,ts,validateformula,visible,width)
            values('0001ZZZZ98d862830d0b','0001ZZZZf3b6685ccd5a','01675523-fa49-4965-b69a-d3f780ea7541','creator','1','#111111',null,'~',204,'0001Z01000000001BVPB,code=N', null,null,null,null,null,'N',0,null,'N','N','N',null,'N','N','N','refer','创建人',28,'uap.user.user_name','','creator',null,'~',15,'cb7e3d25-c97e-401b-bcd5-0f30266a0b2e','uap/refer/riart/userDefaultRefer/index','用户',null,'N',null,null,null,'2021-07-19 13:52:07',null,'Y',null);
            go
            insert into pub_form_property(pk_form_property,areaid,classid,code,colnum,color,creationtime,creator,datatype,dataval,defaultvalue,defaultvar,define1,define2,define3,disabled,dr,editformula,hyperlinkflag,iscode,isdefined,ismultiselectedenabled,isnextrow,isrevise,istotal,itemtype,label,maxlength,metadataproperty,metaid,metapath,modifiedtime,modifier,position,proid,refcode,refname,relatemeta,required,resid,showformula,textrows,ts,validateformula,visible,width)
            values('0001ZZZZ09f7cdebff82','0001ZZZZf3b6685ccd5a','01675523-fa49-4965-b69a-d3f780ea7541','creationtime','1','#111111',null,'~',34,null, null,null,null,null,null,'N',0,null,'N','N','N',null,'N','N','N','datetimepicker','创建时间',28,NULL,'','creationtime',null,'~',16,'cd358c15-029e-492d-8fe7-79fd80fdbefc','/common-ref/','-99',null,'N',null,null,null,'2021-07-19 13:52:07',null,'Y',null);
            go
            insert into pub_form_property(pk_form_property,areaid,classid,code,colnum,color,creationtime,creator,datatype,dataval,defaultvalue,defaultvar,define1,define2,define3,disabled,dr,editformula,hyperlinkflag,iscode,isdefined,ismultiselectedenabled,isnextrow,isrevise,istotal,itemtype,label,maxlength,metadataproperty,metaid,metapath,modifiedtime,modifier,position,proid,refcode,refname,relatemeta,required,resid,showformula,textrows,ts,validateformula,visible,width)
            values('0001ZZZZa0a8dff99008','0001ZZZZf8a2c5cb8ebc','01675523-fa49-4965-b69a-d3f780ea7541','billmaker','1','#111111',null,'~',204,'0001Z01000000001BVPB,code=N' , null,null,null,null,null,'N',0,null,'N','N','N',null,'N','N','N','refer','制单人',28,'uap.user.user_name','','billmaker',null,'~',13,'37a83b54-1799-490b-b1e5-19773fa93a13','uap/refer/riart/userDefaultRefer/index','用户',null,'N',null,null,null,'2021-07-19 13:52:07',null,'Y',null);
            go
            insert into pub_form_property(pk_form_property,areaid,classid,code,colnum,color,creationtime,creator,datatype,dataval,defaultvalue,defaultvar,define1,define2,define3,disabled,dr,editformula,hyperlinkflag,iscode,isdefined,ismultiselectedenabled,isnextrow,isrevise,istotal,itemtype,label,maxlength,metadataproperty,metaid,metapath,modifiedtime,modifier,position,proid,refcode,refname,relatemeta,required,resid,showformula,textrows,ts,validateformula,visible,width)
            values('0001ZZZZa0a8dff99009','0001ZZZZf8a2c5cb8ebc','01675523-fa49-4965-b69a-d3f780ea7541','maketime','1','#111111',null,'~',33,null, null,null,null,null,null,'N',0,null,'N','N','N',null,'N','N','N','datepicker','制单时间',28,NULL,'','maketime',null,'~',14,'b81aedae-b1f7-4f43-9459-85c794321f64','/common-ref/','-99',null,'N',null,null,null,'2021-07-19 13:52:07',null,'Y',null);
            go
            insert into pub_form_property(pk_form_property,areaid,classid,code,colnum,color,creationtime,creator,datatype,dataval,defaultvalue,defaultvar,define1,define2,define3,disabled,dr,editformula,hyperlinkflag,iscode,isdefined,ismultiselectedenabled,isnextrow,isrevise,istotal,itemtype,label,maxlength,metadataproperty,metaid,metapath,modifiedtime,modifier,position,proid,refcode,refname,relatemeta,required,resid,showformula,textrows,ts,validateformula,visible,width)
            values('0001ZZZZa0a8dff99010','0001ZZZZf8a2c5cb8ebc','01675523-fa49-4965-b69a-d3f780ea7541','bill_no','1','#111111',null,'~',1,null, null,null,null,null,null,'Y',0,null,'N','N','N',null,'N','N','N','input','单据号',28,NULL,'','bill_no',null,'~',7,'63a5b8c1-0a58-4c3c-ae48-dcfad4d531d3','/common-ref/','-99',null,'N',null,null,null,'2021-07-19 13:52:07',null,'Y',null);
            go
            insert into pub_form_property(pk_form_property,areaid,classid,code,colnum,color,creationtime,creator,datatype,dataval,defaultvalue,defaultvar,define1,define2,define3,disabled,dr,editformula,hyperlinkflag,iscode,isdefined,ismultiselectedenabled,isnextrow,isrevise,istotal,itemtype,label,maxlength,metadataproperty,metaid,metapath,modifiedtime,modifier,position,proid,refcode,refname,relatemeta,required,resid,showformula,textrows,ts,validateformula,visible,width)
            values('0001ZZZZa0a8dff99011','0001ZZZZf8a2c5cb8ebc','01675523-fa49-4965-b69a-d3f780ea7541','dbilldate','1','#111111',null,'~',33,null, null,null,null,null,null,'N',0,null,'N','N','N',null,'N','N','N','datepicker','单据日期',28,NULL,'','dbilldate',null,'~',5,'bdff7532-9abe-4957-a0e9-0c4c8fee9492','/common-ref/','-99',null,'N',null,null,null,'2021-07-19 13:52:07',null,'Y',null);
            go
            insert into pub_form_property(pk_form_property,areaid,classid,code,colnum,color,creationtime,creator,datatype,dataval,defaultvalue,defaultvar,define1,define2,define3,disabled,dr,editformula,hyperlinkflag,iscode,isdefined,ismultiselectedenabled,isnextrow,isrevise,istotal,itemtype,label,maxlength,metadataproperty,metaid,metapath,modifiedtime,modifier,position,proid,refcode,refname,relatemeta,required,resid,showformula,textrows,ts,validateformula,visible,width)
            values('0001ZZZZa0a8dff99012','0001ZZZZf8a2c5cb8ebc','01675523-fa49-4965-b69a-d3f780ea7541','billstatus','1','#111111',null,'~',203,'自由=-1,审批未通过=0,审批通过=1,审批进行中=2,提交=3','-1',null,null,null,null,'Y',0,null,'N','N','N',null,'N','N','N','select','单据状态',28,NULL,'','billstatus',null,'~',6,'0ab098d3-b1cb-442e-beb3-a9dc758def26','/common-ref/','-99',null,'N',null,null,null,'2021-07-19 13:52:07',null,'Y',null);
            go
            insert into pub_form_property(pk_form_property,areaid,classid,code,colnum,color,creationtime,creator,datatype,dataval,defaultvalue,defaultvar,define1,define2,define3,disabled,dr,editformula,hyperlinkflag,iscode,isdefined,ismultiselectedenabled,isnextrow,isrevise,istotal,itemtype,label,maxlength,metadataproperty,metaid,metapath,modifiedtime,modifier,position,proid,refcode,refname,relatemeta,required,resid,showformula,textrows,ts,validateformula,visible,width)
            values('0001ZZZZa0a8dff99013','0001ZZZZf8a2c5cb8ebc','01675523-fa49-4965-b69a-d3f780ea7541','pk_billtypeid','1','#111111',null,'~',204,'0001Z0100BILLTYPEZJ7,code=N' , null,null,null,null,null,'N',0,null,'N','N','N',null,'N','N','N','refer','单据类型',28,'uap.BilltypeVO.billtypename','','pk_billtypeid',null,'~',9,'f497ced4-19bf-42dd-b96f-2a60239b7060','uap/refer/riart/billtype/index','影响因素单据类型',null,'N',null,null,null,'2021-07-19 13:52:07',null,'Y',null);
            go
            insert into pub_form_property(pk_form_property,areaid,classid,code,colnum,color,creationtime,creator,datatype,dataval,defaultvalue,defaultvar,define1,define2,define3,disabled,dr,editformula,hyperlinkflag,iscode,isdefined,ismultiselectedenabled,isnextrow,isrevise,istotal,itemtype,label,maxlength,metadataproperty,metaid,metapath,modifiedtime,modifier,position,proid,refcode,refname,relatemeta,required,resid,showformula,textrows,ts,validateformula,visible,width)
            values('0001ZZZZa0a8dff99014','0001ZZZZf8a2c5cb8ebc','01675523-fa49-4965-b69a-d3f780ea7541','billtype','1','#111111',null,'~',1,null, null,null,null,null,null,'N',0,null,'N','N','N',null,'N','N','N','input','单据类型编码',28,NULL,'','billtype',null,'~',10,'00419f04-6d05-49e2-905f-ce25e7961b4d','/common-ref/','-99',null,'N',null,null,null,'2021-07-19 13:52:07',null,'Y',null);
            go
            insert into pub_form_property(pk_form_property,areaid,classid,code,colnum,color,creationtime,creator,datatype,dataval,defaultvalue,defaultvar,define1,define2,define3,disabled,dr,editformula,hyperlinkflag,iscode,isdefined,ismultiselectedenabled,isnextrow,isrevise,istotal,itemtype,label,maxlength,metadataproperty,metaid,metapath,modifiedtime,modifier,position,proid,refcode,refname,relatemeta,required,resid,showformula,textrows,ts,validateformula,visible,width)
            values('0001ZZZZa0a8dff99015','0001ZZZZf8a2c5cb8ebc','01675523-fa49-4965-b69a-d3f780ea7541','vnote','1','#111111',null,'~',1,null, null,null,null,null,null,'N',0,null,'N','N','N',null,'N','N','N','input','备注',28,NULL,'','vnote',null,'~',23,'36e65b27-acf6-45eb-a3a1-a132a3201c7c','/common-ref/','-99',null,'N',null,null,null,'2021-07-19 13:52:07',null,'Y',null);
            go
            insert into pub_form_property(pk_form_property,areaid,classid,code,colnum,color,creationtime,creator,datatype,dataval,defaultvalue,defaultvar,define1,define2,define3,disabled,dr,editformula,hyperlinkflag,iscode,isdefined,ismultiselectedenabled,isnextrow,isrevise,istotal,itemtype,label,maxlength,metadataproperty,metaid,metapath,modifiedtime,modifier,position,proid,refcode,refname,relatemeta,required,resid,showformula,textrows,ts,validateformula,visible,width)
            values('0001ZZZZa0a8dff99016','0001ZZZZf8a2c5cb8ebc','01675523-fa49-4965-b69a-d3f780ea7541','ismaintain','1','#111111',null,'~',32,null, null,null,null,null,null,'N',0,null,'N','N','N',null,'N','N','N','checkbox_switch','学生进班英语成绩是否维护',28,NULL,'','ismaintain',null,'~',41,'8dd1efc2-7b32-44db-b4c2-48465e9b3452','/common-ref/','-99',null,'N',null,null,null,'2021-07-19 13:52:07',null,'Y',null);
            go
            insert into pub_form_property(pk_form_property,areaid,classid,code,colnum,color,creationtime,creator,datatype,dataval,defaultvalue,defaultvar,define1,define2,define3,disabled,dr,editformula,hyperlinkflag,iscode,isdefined,ismultiselectedenabled,isnextrow,isrevise,istotal,itemtype,label,maxlength,metadataproperty,metaid,metapath,modifiedtime,modifier,position,proid,refcode,refname,relatemeta,required,resid,showformula,textrows,ts,validateformula,visible,width)
            values('0001ZZZZ96c3207788e7','0001ZZZZf3b6685ccd5a','01675523-fa49-4965-b69a-d3f780ea7541','approver','1','#111111',null,'~',204,'0001Z01000000001BVPB,code=N', null,null,null,null,null,'N',0,null,'N','N','N',null,'N','N','N','refer','审批人',28,'uap.user.user_name','','approver',null,'~',19,'73cc4487-9832-4a34-ada7-9c17a30f6e85','uap/refer/riart/userDefaultRefer/index','用户',null,'N',null,null,null,'2021-07-19 13:52:07',null,'Y',null);
            go
            insert into pub_form_property(pk_form_property,areaid,classid,code,colnum,color,creationtime,creator,datatype,dataval,defaultvalue,defaultvar,define1,define2,define3,disabled,dr,editformula,hyperlinkflag,iscode,isdefined,ismultiselectedenabled,isnextrow,isrevise,istotal,itemtype,label,maxlength,metadataproperty,metaid,metapath,modifiedtime,modifier,position,proid,refcode,refname,relatemeta,required,resid,showformula,textrows,ts,validateformula,visible,width)
            values('0001ZZZZ359b35ebcdc7','0001ZZZZf3b6685ccd5a','01675523-fa49-4965-b69a-d3f780ea7541','approvenote','1','#111111',null,'~',1,null, null,null,null,null,null,'N',0,null,'N','N','N',null,'N','N','N','input','审批批语',28,NULL,'','approvenote',null,'~',21,'f48d2f6a-e670-404f-8f65-181c68745209','/common-ref/','-99',null,'N',null,null,null,'2021-07-19 13:52:07',null,'Y',null);
            go
            insert into pub_form_property(pk_form_property,areaid,classid,code,colnum,color,creationtime,creator,datatype,dataval,defaultvalue,defaultvar,define1,define2,define3,disabled,dr,editformula,hyperlinkflag,iscode,isdefined,ismultiselectedenabled,isnextrow,isrevise,istotal,itemtype,label,maxlength,metadataproperty,metaid,metapath,modifiedtime,modifier,position,proid,refcode,refname,relatemeta,required,resid,showformula,textrows,ts,validateformula,visible,width)
            values('0001ZZZZ85403b3cf59e','0001ZZZZf3b6685ccd5a','01675523-fa49-4965-b69a-d3f780ea7541','approvedate','1','#111111',null,'~',34,null, null,null,null,null,null,'N',0,null,'N','N','N',null,'N','N','N','datetimepicker','审批时间',28,NULL,'','approvedate',null,'~',22,'3cb629fc-fda1-4a41-97dd-f623a54e95c8','/common-ref/','-99',null,'N',null,null,null,'2021-07-19 13:52:07',null,'Y',null);
            go
            insert into pub_form_property(pk_form_property,areaid,classid,code,colnum,color,creationtime,creator,datatype,dataval,defaultvalue,defaultvar,define1,define2,define3,disabled,dr,editformula,hyperlinkflag,iscode,isdefined,ismultiselectedenabled,isnextrow,isrevise,istotal,itemtype,label,maxlength,metadataproperty,metaid,metapath,modifiedtime,modifier,position,proid,refcode,refname,relatemeta,required,resid,showformula,textrows,ts,validateformula,visible,width)
            values('0001ZZZZa0a8dff99020','0001ZZZZf8a2c5cb8ebc','01675523-fa49-4965-b69a-d3f780ea7541','approvestatus','1','#111111',null,'~',203,'自由=-1,审批未通过=0,审批通过=1,审批进行中=2,提交=3', null,null,null,null,null,'N',0,null,'N','N','N',null,'N','N','N','select','审批状态',28,NULL,'','approvestatus',null,'~',20,'a4f77e3e-76bc-42d1-8cb4-d82091daf699','/common-ref/','-99',null,'N',null,null,null,'2021-07-19 13:52:07',null,'Y',null);
            go
            insert into pub_form_property(pk_form_property,areaid,classid,code,colnum,color,creationtime,creator,datatype,dataval,defaultvalue,defaultvar,define1,define2,define3,disabled,dr,editformula,hyperlinkflag,iscode,isdefined,ismultiselectedenabled,isnextrow,isrevise,istotal,itemtype,label,maxlength,metadataproperty,metaid,metapath,modifiedtime,modifier,position,proid,refcode,refname,relatemeta,required,resid,showformula,textrows,ts,validateformula,visible,width)
            values('0001ZZZZa0a8dff99021','0001ZZZZf8a2c5cb8ebc','01675523-fa49-4965-b69a-d3f780ea7541','isapply','1','#111111',null,'~',32,null, null,null,null,null,null,'N',0,null,'N','N','N',null,'N','N','N','checkbox_switch','教材是否申领',28,NULL,'','isapply',null,'~',37,'b34e79d8-4355-46e5-a7d2-6f6a322010bb','/common-ref/','-99',null,'N',null,null,null,'2021-07-19 13:52:07',null,'Y',null);
            go
            insert into pub_form_property(pk_form_property,areaid,classid,code,colnum,color,creationtime,creator,datatype,dataval,defaultvalue,defaultvar,define1,define2,define3,disabled,dr,editformula,hyperlinkflag,iscode,isdefined,ismultiselectedenabled,isnextrow,isrevise,istotal,itemtype,label,maxlength,metadataproperty,metaid,metapath,modifiedtime,modifier,position,proid,refcode,refname,relatemeta,required,resid,showformula,textrows,ts,validateformula,visible,width)
            values('0001ZZZZa0a8dff99022','0001ZZZZf8a2c5cb8ebc','01675523-fa49-4965-b69a-d3f780ea7541','isuploadall','1','#111111',null,'~',32,null, null,null,null,null,null,'N',0,null,'N','N','N',null,'N','N','N','checkbox_switch','整体教学计划是否上传',28,NULL,'','isuploadall',null,'~',39,'79c611a3-d68d-4bf1-b001-144b61719438','/common-ref/','-99',null,'N',null,null,null,'2021-07-19 13:52:07',null,'Y',null);
            go
            insert into pub_form_property(pk_form_property,areaid,classid,code,colnum,color,creationtime,creator,datatype,dataval,defaultvalue,defaultvar,define1,define2,define3,disabled,dr,editformula,hyperlinkflag,iscode,isdefined,ismultiselectedenabled,isnextrow,isrevise,istotal,itemtype,label,maxlength,metadataproperty,metaid,metapath,modifiedtime,modifier,position,proid,refcode,refname,relatemeta,required,resid,showformula,textrows,ts,validateformula,visible,width)
            values('0001ZZZZa0a8dff99025','0001ZZZZf8a2c5cb8ebc','01675523-fa49-4965-b69a-d3f780ea7541','isuploadnow','1','#111111',null,'~',32,null, null,null,null,null,null,'N',0,null,'N','N','N',null,'N','N','N','checkbox_switch','本学期教学计划是否上传',28,NULL,'','isuploadnow',null,'~',40,'44d38df9-252d-402d-83dd-2ebdf809a1bb','/common-ref/','-99',null,'N',null,null,null,'2021-07-19 13:52:07',null,'Y',null);
            go
            insert into pub_form_property(pk_form_property,areaid,classid,code,colnum,color,creationtime,creator,datatype,dataval,defaultvalue,defaultvar,define1,define2,define3,disabled,dr,editformula,hyperlinkflag,iscode,isdefined,ismultiselectedenabled,isnextrow,isrevise,istotal,itemtype,label,maxlength,metadataproperty,metaid,metapath,modifiedtime,modifier,position,proid,refcode,refname,relatemeta,required,resid,showformula,textrows,ts,validateformula,visible,width)
            values('0001ZZZZa0a8dff99026','0001ZZZZf8a2c5cb8ebc','01675523-fa49-4965-b69a-d3f780ea7541','srctrantype','1','#111111',null,'~',1,null, null,null,null,null,null,'N',0,null,'N','N','N',null,'N','N','N','input','来源交易类型',28,NULL,'','srctrantype',null,'~',30,'9228afb7-813e-43fd-b2ec-ffa5aa9e12b3','/common-ref/','-99',null,'N',null,null,null,'2021-07-19 13:52:07',null,'Y',null);
            go
            insert into pub_form_property(pk_form_property,areaid,classid,code,colnum,color,creationtime,creator,datatype,dataval,defaultvalue,defaultvar,define1,define2,define3,disabled,dr,editformula,hyperlinkflag,iscode,isdefined,ismultiselectedenabled,isnextrow,isrevise,istotal,itemtype,label,maxlength,metadataproperty,metaid,metapath,modifiedtime,modifier,position,proid,refcode,refname,relatemeta,required,resid,showformula,textrows,ts,validateformula,visible,width)
            values('0001ZZZZa0a8dff99029','0001ZZZZf8a2c5cb8ebc','01675523-fa49-4965-b69a-d3f780ea7541','srccode','1','#111111',null,'~',1,null, null,null,null,null,null,'N',0,null,'N','N','N',null,'N','N','N','input','来源单据号',28,NULL,'','srccode',null,'~',26,'149f0695-29cd-45d6-a0d6-9366f28754f1','/common-ref/','-99',null,'N',null,null,null,'2021-07-19 13:52:07',null,'Y',null);
            go
            insert into pub_form_property(pk_form_property,areaid,classid,code,colnum,color,creationtime,creator,datatype,dataval,defaultvalue,defaultvar,define1,define2,define3,disabled,dr,editformula,hyperlinkflag,iscode,isdefined,ismultiselectedenabled,isnextrow,isrevise,istotal,itemtype,label,maxlength,metadataproperty,metaid,metapath,modifiedtime,modifier,position,proid,refcode,refname,relatemeta,required,resid,showformula,textrows,ts,validateformula,visible,width)
            values('0001ZZZZa0a8dff99031','0001ZZZZf8a2c5cb8ebc','01675523-fa49-4965-b69a-d3f780ea7541','srcbilltype','1','#111111',null,'~',1,null, null,null,null,null,null,'N',0,null,'N','N','N',null,'N','N','N','input','来源单据类型',28,NULL,'','srcbilltype',null,'~',24,'ed867d94-9565-4111-b064-937a6bd57b73','/common-ref/','-99',null,'N',null,null,null,'2021-07-19 13:52:07',null,'Y',null);
            go
            insert into pub_form_property(pk_form_property,areaid,classid,code,colnum,color,creationtime,creator,datatype,dataval,defaultvalue,defaultvar,define1,define2,define3,disabled,dr,editformula,hyperlinkflag,iscode,isdefined,ismultiselectedenabled,isnextrow,isrevise,istotal,itemtype,label,maxlength,metadataproperty,metaid,metapath,modifiedtime,modifier,position,proid,refcode,refname,relatemeta,required,resid,showformula,textrows,ts,validateformula,visible,width)
            values('0001ZZZZa0a8dff99032','0001ZZZZf8a2c5cb8ebc','01675523-fa49-4965-b69a-d3f780ea7541','srcrowno','1','#111111',null,'~',1,null, null,null,null,null,null,'N',0,null,'N','N','N',null,'N','N','N','input','来源单据行号',28,NULL,'','srcrowno',null,'~',29,'da622c19-7a02-4a83-af8a-d91d23d01dac','/common-ref/','-99',null,'N',null,null,null,'2021-07-19 13:52:07',null,'Y',null);
            go
            insert into pub_form_property(pk_form_property,areaid,classid,code,colnum,color,creationtime,creator,datatype,dataval,defaultvalue,defaultvar,define1,define2,define3,disabled,dr,editformula,hyperlinkflag,iscode,isdefined,ismultiselectedenabled,isnextrow,isrevise,istotal,itemtype,label,maxlength,metadataproperty,metaid,metapath,modifiedtime,modifier,position,proid,refcode,refname,relatemeta,required,resid,showformula,textrows,ts,validateformula,visible,width)
            values('0001ZZZZa0a8dff99033','0001ZZZZf8a2c5cb8ebc','01675523-fa49-4965-b69a-d3f780ea7541','vfirsttrantype','1','#111111',null,'~',1,null, null,null,null,null,null,'N',0,null,'N','N','N',null,'N','N','N','input','源头交易类型',28,NULL,'','vfirsttrantype',null,'~',36,'32adac95-6e5e-49cf-b701-238dcb94804a','/common-ref/','-99',null,'N',null,null,null,'2021-07-19 13:52:07',null,'Y',null);
            go
            insert into pub_form_property(pk_form_property,areaid,classid,code,colnum,color,creationtime,creator,datatype,dataval,defaultvalue,defaultvar,define1,define2,define3,disabled,dr,editformula,hyperlinkflag,iscode,isdefined,ismultiselectedenabled,isnextrow,isrevise,istotal,itemtype,label,maxlength,metadataproperty,metaid,metapath,modifiedtime,modifier,position,proid,refcode,refname,relatemeta,required,resid,showformula,textrows,ts,validateformula,visible,width)
            values('0001ZZZZa0a8dff99035','0001ZZZZf8a2c5cb8ebc','01675523-fa49-4965-b69a-d3f780ea7541','vfirstcode','1','#111111',null,'~',1,null, null,null,null,null,null,'N',0,null,'N','N','N',null,'N','N','N','input','源头单据号',28,NULL,'','vfirstcode',null,'~',32,'d7989380-9638-41c8-b396-e9373162a1fe','/common-ref/','-99',null,'N',null,null,null,'2021-07-19 13:52:07',null,'Y',null);
            go
            insert into pub_form_property(pk_form_property,areaid,classid,code,colnum,color,creationtime,creator,datatype,dataval,defaultvalue,defaultvar,define1,define2,define3,disabled,dr,editformula,hyperlinkflag,iscode,isdefined,ismultiselectedenabled,isnextrow,isrevise,istotal,itemtype,label,maxlength,metadataproperty,metaid,metapath,modifiedtime,modifier,position,proid,refcode,refname,relatemeta,required,resid,showformula,textrows,ts,validateformula,visible,width)
            values('0001ZZZZa0a8dff99037','0001ZZZZf8a2c5cb8ebc','01675523-fa49-4965-b69a-d3f780ea7541','vfirsttype','1','#111111',null,'~',1,null, null,null,null,null,null,'N',0,null,'N','N','N',null,'N','N','N','input','源头单据类型',28,NULL,'','vfirsttype',null,'~',31,'61e51a1a-e48f-4ff0-8f33-04719eea2b78','/common-ref/','-99',null,'N',null,null,null,'2021-07-19 13:52:07',null,'Y',null);
            go
            insert into pub_form_property(pk_form_property,areaid,classid,code,colnum,color,creationtime,creator,datatype,dataval,defaultvalue,defaultvar,define1,define2,define3,disabled,dr,editformula,hyperlinkflag,iscode,isdefined,ismultiselectedenabled,isnextrow,isrevise,istotal,itemtype,label,maxlength,metadataproperty,metaid,metapath,modifiedtime,modifier,position,proid,refcode,refname,relatemeta,required,resid,showformula,textrows,ts,validateformula,visible,width)
            values('0001ZZZZa0a8dff99038','0001ZZZZf8a2c5cb8ebc','01675523-fa49-4965-b69a-d3f780ea7541','vfirstrowno','1','#111111',null,'~',1,null, null,null,null,null,null,'N',0,null,'N','N','N',null,'N','N','N','input','源头单据行号',28,NULL,'','vfirstrowno',null,'~',35,'4f0ceb87-51b4-4972-b3cd-37f1efdc79dc','/common-ref/','-99',null,'N',null,null,null,'2021-07-19 13:52:07',null,'Y',null);
            go
            insert into pub_form_property(pk_form_property,areaid,classid,code,colnum,color,creationtime,creator,datatype,dataval,defaultvalue,defaultvar,define1,define2,define3,disabled,dr,editformula,hyperlinkflag,iscode,isdefined,ismultiselectedenabled,isnextrow,isrevise,istotal,itemtype,label,maxlength,metadataproperty,metaid,metapath,modifiedtime,modifier,position,proid,refcode,refname,relatemeta,required,resid,showformula,textrows,ts,validateformula,visible,width)
            values('0001ZZZZa0a8dff99039','0001ZZZZf8a2c5cb8ebc','01675523-fa49-4965-b69a-d3f780ea7541','pk_org','1','#111111',null,'~',204,'0001Z01000000001BVPS,code=N' , null,null,null,null,null,'N',0,null,'N','N','N',null,'N','N','N','refer','组织',28,'uap.org.name','','pk_org',null,'~',3,'aa99740e-dbd8-4de2-ac45-f77b1fc02fe9','uapbd/refer/org/BusinessUnitAndDeptTreeRef/index','业务单元及部门',null,'N',null,null,null,'2021-07-19 13:52:07',null,'Y',null);
            go
            insert into pub_form_property(pk_form_property,areaid,classid,code,colnum,color,creationtime,creator,datatype,dataval,defaultvalue,defaultvar,define1,define2,define3,disabled,dr,editformula,hyperlinkflag,iscode,isdefined,ismultiselectedenabled,isnextrow,isrevise,istotal,itemtype,label,maxlength,metadataproperty,metaid,metapath,modifiedtime,modifier,position,proid,refcode,refname,relatemeta,required,resid,showformula,textrows,ts,validateformula,visible,width)
            values('0001ZZZZa0a8dff99040','0001ZZZZf8a2c5cb8ebc','01675523-fa49-4965-b69a-d3f780ea7541','pk_org_v','1','#111111',null,'~',204,'' , null,null,null,null,null,'N',0,null,'N','N','N',null,'N','N','N','refer','组织版本',28,NULL,'','pk_org_v',null,'~',4,'f5ef12fe-bed4-4674-b1d2-afc1170ce0fd','uapbd/refer/orgv/BusinessUnitVersionDefaultAllTreeRef/index','业务单元版本(所有)',null,'N',null,null,null,'2021-07-19 13:52:07',null,'N',null);
            go
            insert into pub_form_property(pk_form_property,areaid,classid,code,colnum,color,creationtime,creator,datatype,dataval,defaultvalue,defaultvar,define1,define2,define3,disabled,dr,editformula,hyperlinkflag,iscode,isdefined,ismultiselectedenabled,isnextrow,isrevise,istotal,itemtype,label,maxlength,metadataproperty,metaid,metapath,modifiedtime,modifier,position,proid,refcode,refname,relatemeta,required,resid,showformula,textrows,ts,validateformula,visible,width)
            values('0001ZZZZa0a8dff99041','0001ZZZZf8a2c5cb8ebc','01675523-fa49-4965-b69a-d3f780ea7541','pk_group','1','#111111',null,'~',204,'0001Z010000000000ZKS,code=N' , null,null,null,null,null,'N',0,null,'N','N','N',null,'N','N','N','refer','集团',28,'uap.group.name','','pk_group',null,'~',2,'1ce0b2a3-f9be-4068-aea9-c61a1f8ef8cd','uap/refer/riart/groupTreeRef/index','集团',null,'N',null,null,null,'2021-07-19 13:52:07',null,'Y',null);
            go



















            insert into pub_form_property(pk_form_property,areaid,classid,code,colnum,color,creationtime,creator,datatype,dataval,defaultvalue,defaultvar,define1,define2,define3,disabled,dr,editformula,hyperlinkflag,iscode,isdefined,ismultiselectedenabled,isnextrow,isrevise,istotal,itemtype,label,maxlength,metadataproperty,metaid,metapath,modifiedtime,modifier,position,proid,refcode,refname,relatemeta,required,resid,showformula,textrows,ts,validateformula,visible,width)
            values('0001ZZZZ1da51c2df000','0001ZZZZacfe580d6864','01675523-fa49-4965-b69a-d3f780ea7541','isbuild','1','#111111',null,'~',32,null, null,null,null,null,null,'N',0,null,'N','N','N',null,'N','N','N','checkbox_switch','三群是否建立',28,NULL,'','isbuild',null,'~',38,'d32bc40d-c59b-4a57-8769-ccd6a97950f8','/common-ref/','-99',null,'N',null,null,null,'2021-07-19 13:52:07',null,'Y',null);
            go
            insert into pub_form_property(pk_form_property,areaid,classid,code,colnum,color,creationtime,creator,datatype,dataval,defaultvalue,defaultvar,define1,define2,define3,disabled,dr,editformula,hyperlinkflag,iscode,isdefined,ismultiselectedenabled,isnextrow,isrevise,istotal,itemtype,label,maxlength,metadataproperty,metaid,metapath,modifiedtime,modifier,position,proid,refcode,refname,relatemeta,required,resid,showformula,textrows,ts,validateformula,visible,width)
            values('0001ZZZZ1da51c2df001','0001ZZZZacfe580d6864','01675523-fa49-4965-b69a-d3f780ea7541','pk_busitype','1','#111111',null,'~',204,null, null,null,null,null,null,'N',0,null,'N','N','N',null,'N','N','N','refer','业务类型',28,NULL,'','pk_busitype',null,'~',8,'904a9f3d-fa1a-4568-bf33-2b7c579286ef','uap/refer/riart/busitype/index','业务流程',null,'N',null,null,null,'2021-07-19 13:52:07',null,'Y',null);
            go
            insert into pub_form_property(pk_form_property,areaid,classid,code,colnum,color,creationtime,creator,datatype,dataval,defaultvalue,defaultvar,define1,define2,define3,disabled,dr,editformula,hyperlinkflag,iscode,isdefined,ismultiselectedenabled,isnextrow,isrevise,istotal,itemtype,label,maxlength,metadataproperty,metaid,metapath,modifiedtime,modifier,position,proid,refcode,refname,relatemeta,required,resid,showformula,textrows,ts,validateformula,visible,width)
            values('0001ZZZZ1da51c2df002','0001ZZZZacfe580d6864','01675523-fa49-4965-b69a-d3f780ea7541','pk_transtype','1','#111111',null,'~',204,null, null,null,null,null,null,'N',0,null,'N','N','N',null,'N','N','N','refer','交易类型',28,'uap.BilltypeVO.billtypename','','pk_transtype',null,'~',12,'beb6ee6f-cf99-4a73-8cca-1af9b549c24c','uap/refer/riart/transtype/index','影响因素交 易类型',null,'N',null,null,null,'2021-07-19 13:52:07',null,'Y',null);
            go
            insert into pub_form_property(pk_form_property,areaid,classid,code,colnum,color,creationtime,creator,datatype,dataval,defaultvalue,defaultvar,define1,define2,define3,disabled,dr,editformula,hyperlinkflag,iscode,isdefined,ismultiselectedenabled,isnextrow,isrevise,istotal,itemtype,label,maxlength,metadataproperty,metaid,metapath,modifiedtime,modifier,position,proid,refcode,refname,relatemeta,required,resid,showformula,textrows,ts,validateformula,visible,width)
            values('0001ZZZZ1da51c2df003','0001ZZZZacfe580d6864','01675523-fa49-4965-b69a-d3f780ea7541','transtypecode','1','#111111',null,'~',1,null, null,null,null,null,null,'N',0,null,'N','N','N',null,'N','N','N','input','交易类型编码',28,NULL,'','transtypecode',null,'~',11,'a2eaab61-5a49-4d29-bedd-67f5a14049b0','/common-ref/','-99',null,'N',null,null,null,'2021-07-19 13:52:07',null,'Y',null);
            go
            insert into pub_form_property(pk_form_property,areaid,classid,code,colnum,color,creationtime,creator,datatype,dataval,defaultvalue,defaultvar,define1,define2,define3,disabled,dr,editformula,hyperlinkflag,iscode,isdefined,ismultiselectedenabled,isnextrow,isrevise,istotal,itemtype,label,maxlength,metadataproperty,metaid,metapath,modifiedtime,modifier,position,proid,refcode,refname,relatemeta,required,resid,showformula,textrows,ts,validateformula,visible,width)
            values('0001ZZZZ4d0edd3d10d2','0001ZZZZ820337f33886','01675523-fa49-4965-b69a-d3f780ea7541','modifier','1','#111111',null,'~',204,null, null,null,null,null,null,'N',0,null,'N','N','N',null,'N','N','N','refer','修改人',28,'uap.user.user_name','','modifier',null,'~',17,'f1ac8d0b-ee67-4fff-8fe6-2ca166c29e7a','uap/refer/riart/userDefaultRefer/index','用户',null,'N',null,null,null,'2021-07-19 13:52:07',null,'Y',null);
            go
            insert into pub_form_property(pk_form_property,areaid,classid,code,colnum,color,creationtime,creator,datatype,dataval,defaultvalue,defaultvar,define1,define2,define3,disabled,dr,editformula,hyperlinkflag,iscode,isdefined,ismultiselectedenabled,isnextrow,isrevise,istotal,itemtype,label,maxlength,metadataproperty,metaid,metapath,modifiedtime,modifier,position,proid,refcode,refname,relatemeta,required,resid,showformula,textrows,ts,validateformula,visible,width)
            values('0001ZZZZ00d3b7bdf7bb','0001ZZZZ820337f33886','01675523-fa49-4965-b69a-d3f780ea7541','modifiedtime','1','#111111',null,'~',34,null, null,null,null,null,null,'N',0,null,'N','N','N',null,'N','N','N','datetimepicker','修改时间',28,NULL,'','modifiedtime',null,'~',18,'63b864f4-c377-47fd-b495-ae6dae2a8be9','/common-ref/','-99',null,'N',null,null,null,'2021-07-19 13:52:07',null,'Y',null);
            go
            insert into pub_form_property(pk_form_property,areaid,classid,code,colnum,color,creationtime,creator,datatype,dataval,defaultvalue,defaultvar,define1,define2,define3,disabled,dr,editformula,hyperlinkflag,iscode,isdefined,ismultiselectedenabled,isnextrow,isrevise,istotal,itemtype,label,maxlength,metadataproperty,metaid,metapath,modifiedtime,modifier,position,proid,refcode,refname,relatemeta,required,resid,showformula,textrows,ts,validateformula,visible,width)
            values('0001ZZZZ9ae1c20d391b','0001ZZZZ820337f33886','01675523-fa49-4965-b69a-d3f780ea7541','creator','1','#111111',null,'~',204,null, null,null,null,null,null,'N',0,null,'N','N','N',null,'N','N','N','refer','创建人',28,'uap.user.user_name','','creator',null,'~',15,'0c6f5a3b-db7f-44e8-9710-26969402e091','uap/refer/riart/userDefaultRefer/index','用户',null,'N',null,null,null,'2021-07-19 13:52:07',null,'Y',null);
            go
            insert into pub_form_property(pk_form_property,areaid,classid,code,colnum,color,creationtime,creator,datatype,dataval,defaultvalue,defaultvar,define1,define2,define3,disabled,dr,editformula,hyperlinkflag,iscode,isdefined,ismultiselectedenabled,isnextrow,isrevise,istotal,itemtype,label,maxlength,metadataproperty,metaid,metapath,modifiedtime,modifier,position,proid,refcode,refname,relatemeta,required,resid,showformula,textrows,ts,validateformula,visible,width)
            values('0001ZZZZa33bccec6129','0001ZZZZ820337f33886','01675523-fa49-4965-b69a-d3f780ea7541','creationtime','1','#111111',null,'~',34,null, null,null,null,null,null,'N',0,null,'N','N','N',null,'N','N','N','datetimepicker','创建时间',28,NULL,'','creationtime',null,'~',16,'c9da91a7-11b3-43e5-880c-d36038e3cbc2','/common-ref/','-99',null,'N',null,null,null,'2021-07-19 13:52:07',null,'Y',null);
            go
            insert into pub_form_property(pk_form_property,areaid,classid,code,colnum,color,creationtime,creator,datatype,dataval,defaultvalue,defaultvar,define1,define2,define3,disabled,dr,editformula,hyperlinkflag,iscode,isdefined,ismultiselectedenabled,isnextrow,isrevise,istotal,itemtype,label,maxlength,metadataproperty,metaid,metapath,modifiedtime,modifier,position,proid,refcode,refname,relatemeta,required,resid,showformula,textrows,ts,validateformula,visible,width)
            values('0001ZZZZ1da51c2df008','0001ZZZZacfe580d6864','01675523-fa49-4965-b69a-d3f780ea7541','billmaker','1','#111111',null,'~',204,null, null,null,null,null,null,'N',0,null,'N','N','N',null,'N','N','N','refer','制单人',28,'uap.user.user_name','','billmaker',null,'~',13,'424c84be-76df-4407-a57a-0d488b2b4aae','uap/refer/riart/userDefaultRefer/index','用户',null,'N',null,null,null,'2021-07-19 13:52:07',null,'Y',null);
            go
            insert into pub_form_property(pk_form_property,areaid,classid,code,colnum,color,creationtime,creator,datatype,dataval,defaultvalue,defaultvar,define1,define2,define3,disabled,dr,editformula,hyperlinkflag,iscode,isdefined,ismultiselectedenabled,isnextrow,isrevise,istotal,itemtype,label,maxlength,metadataproperty,metaid,metapath,modifiedtime,modifier,position,proid,refcode,refname,relatemeta,required,resid,showformula,textrows,ts,validateformula,visible,width)
            values('0001ZZZZ1da51c2df009','0001ZZZZacfe580d6864','01675523-fa49-4965-b69a-d3f780ea7541','maketime','1','#111111',null,'~',33,null, null,null,null,null,null,'N',0,null,'N','N','N',null,'N','N','N','datepicker','制单时间',28,NULL,'','maketime',null,'~',14,'1cc4865a-843f-49d6-a035-ea7ae19ca0a2','/common-ref/','-99',null,'N',null,null,null,'2021-07-19 13:52:07',null,'Y',null);
            go
            insert into pub_form_property(pk_form_property,areaid,classid,code,colnum,color,creationtime,creator,datatype,dataval,defaultvalue,defaultvar,define1,define2,define3,disabled,dr,editformula,hyperlinkflag,iscode,isdefined,ismultiselectedenabled,isnextrow,isrevise,istotal,itemtype,label,maxlength,metadataproperty,metaid,metapath,modifiedtime,modifier,position,proid,refcode,refname,relatemeta,required,resid,showformula,textrows,ts,validateformula,visible,width)
            values('0001ZZZZ1da51c2df010','0001ZZZZacfe580d6864','01675523-fa49-4965-b69a-d3f780ea7541','bill_no','1','#111111',null,'~',1,null, null,null,null,null,null,'Y',0,null,'N','N','N',null,'N','N','N','input','单据号',28,NULL,'','bill_no',null,'~',7,'3a892b72-4ebc-4076-acc4-155952bbe124','/common-ref/','-99',null,'N',null,null,null,'2021-07-19 13:52:07',null,'Y',null);
            go
            insert into pub_form_property(pk_form_property,areaid,classid,code,colnum,color,creationtime,creator,datatype,dataval,defaultvalue,defaultvar,define1,define2,define3,disabled,dr,editformula,hyperlinkflag,iscode,isdefined,ismultiselectedenabled,isnextrow,isrevise,istotal,itemtype,label,maxlength,metadataproperty,metaid,metapath,modifiedtime,modifier,position,proid,refcode,refname,relatemeta,required,resid,showformula,textrows,ts,validateformula,visible,width)
            values('0001ZZZZ1da51c2df011','0001ZZZZacfe580d6864','01675523-fa49-4965-b69a-d3f780ea7541','dbilldate','1','#111111',null,'~',33,null, null,null,null,null,null,'N',0,null,'N','N','N',null,'N','N','N','datepicker','单据日期',28,NULL,'','dbilldate',null,'~',5,'b64eadb0-8bf2-4382-a2bb-f35495e55584','/common-ref/','-99',null,'N',null,null,null,'2021-07-19 13:52:07',null,'Y',null);
            go
            insert into pub_form_property(pk_form_property,areaid,classid,code,colnum,color,creationtime,creator,datatype,dataval,defaultvalue,defaultvar,define1,define2,define3,disabled,dr,editformula,hyperlinkflag,iscode,isdefined,ismultiselectedenabled,isnextrow,isrevise,istotal,itemtype,label,maxlength,metadataproperty,metaid,metapath,modifiedtime,modifier,position,proid,refcode,refname,relatemeta,required,resid,showformula,textrows,ts,validateformula,visible,width)
            values('0001ZZZZ1da51c2df012','0001ZZZZacfe580d6864','01675523-fa49-4965-b69a-d3f780ea7541','billstatus','1','#111111',null,'~',203,'自由=-1,审批未通过=0,审批通过=1,审批进行中=2,提交=3','-1',null,null,null,null,'Y',0,null,'N','N','N',null,'N','N','N','select','单据状态',28,NULL,'','billstatus',null,'~',6,'158481ca-9388-4f15-8024-dba1e8f2b603','/common-ref/','-99',null,'N',null,null,null,'2021-07-19 13:52:07',null,'Y',null);
            go
            insert into pub_form_property(pk_form_property,areaid,classid,code,colnum,color,creationtime,creator,datatype,dataval,defaultvalue,defaultvar,define1,define2,define3,disabled,dr,editformula,hyperlinkflag,iscode,isdefined,ismultiselectedenabled,isnextrow,isrevise,istotal,itemtype,label,maxlength,metadataproperty,metaid,metapath,modifiedtime,modifier,position,proid,refcode,refname,relatemeta,required,resid,showformula,textrows,ts,validateformula,visible,width)
            values('0001ZZZZ1da51c2df013','0001ZZZZacfe580d6864','01675523-fa49-4965-b69a-d3f780ea7541','pk_billtypeid','1','#111111',null,'~',204,null, null,null,null,null,null,'N',0,null,'N','N','N',null,'N','N','N','refer','单据类型',28,'uap.BilltypeVO.billtypename','','pk_billtypeid',null,'~',9,'2c5d1717-25a4-4b72-95e2-4d416d8d5820','uap/refer/riart/billtype/index','影响因素单据类型',null,'N',null,null,null,'2021-07-19 13:52:07',null,'Y',null);
            go
            insert into pub_form_property(pk_form_property,areaid,classid,code,colnum,color,creationtime,creator,datatype,dataval,defaultvalue,defaultvar,define1,define2,define3,disabled,dr,editformula,hyperlinkflag,iscode,isdefined,ismultiselectedenabled,isnextrow,isrevise,istotal,itemtype,label,maxlength,metadataproperty,metaid,metapath,modifiedtime,modifier,position,proid,refcode,refname,relatemeta,required,resid,showformula,textrows,ts,validateformula,visible,width)
            values('0001ZZZZ1da51c2df014','0001ZZZZacfe580d6864','01675523-fa49-4965-b69a-d3f780ea7541','billtype','1','#111111',null,'~',1,null, null,null,null,null,null,'N',0,null,'N','N','N',null,'N','N','N','input','单据类型编码',28,NULL,'','billtype',null,'~',10,'8957edcc-d506-48c2-8e8b-f12fb0065009','/common-ref/','-99',null,'N',null,null,null,'2021-07-19 13:52:07',null,'Y',null);
            go
            insert into pub_form_property(pk_form_property,areaid,classid,code,colnum,color,creationtime,creator,datatype,dataval,defaultvalue,defaultvar,define1,define2,define3,disabled,dr,editformula,hyperlinkflag,iscode,isdefined,ismultiselectedenabled,isnextrow,isrevise,istotal,itemtype,label,maxlength,metadataproperty,metaid,metapath,modifiedtime,modifier,position,proid,refcode,refname,relatemeta,required,resid,showformula,textrows,ts,validateformula,visible,width)
            values('0001ZZZZ1da51c2df015','0001ZZZZacfe580d6864','01675523-fa49-4965-b69a-d3f780ea7541','vnote','1','#111111',null,'~',1,null, null,null,null,null,null,'N',0,null,'N','N','N',null,'N','N','N','input','备注',28,NULL,'','vnote',null,'~',23,'3c12de3f-33f6-4325-a4a5-cc7ee105c618','/common-ref/','-99',null,'N',null,null,null,'2021-07-19 13:52:07',null,'Y',null);
            go
            insert into pub_form_property(pk_form_property,areaid,classid,code,colnum,color,creationtime,creator,datatype,dataval,defaultvalue,defaultvar,define1,define2,define3,disabled,dr,editformula,hyperlinkflag,iscode,isdefined,ismultiselectedenabled,isnextrow,isrevise,istotal,itemtype,label,maxlength,metadataproperty,metaid,metapath,modifiedtime,modifier,position,proid,refcode,refname,relatemeta,required,resid,showformula,textrows,ts,validateformula,visible,width)
            values('0001ZZZZ1da51c2df016','0001ZZZZacfe580d6864','01675523-fa49-4965-b69a-d3f780ea7541','ismaintain','1','#111111',null,'~',32,null, null,null,null,null,null,'N',0,null,'N','N','N',null,'N','N','N','checkbox_switch','学生进班英语成绩是否维护',28,NULL,'','ismaintain',null,'~',41,'989fe9cf-9f5c-4bfc-b667-02c135995cef','/common-ref/','-99',null,'N',null,null,null,'2021-07-19 13:52:07',null,'Y',null);
            go
            insert into pub_form_property(pk_form_property,areaid,classid,code,colnum,color,creationtime,creator,datatype,dataval,defaultvalue,defaultvar,define1,define2,define3,disabled,dr,editformula,hyperlinkflag,iscode,isdefined,ismultiselectedenabled,isnextrow,isrevise,istotal,itemtype,label,maxlength,metadataproperty,metaid,metapath,modifiedtime,modifier,position,proid,refcode,refname,relatemeta,required,resid,showformula,textrows,ts,validateformula,visible,width)
            values('0001ZZZZff78ad28734f','0001ZZZZ820337f33886','01675523-fa49-4965-b69a-d3f780ea7541','approver','1','#111111',null,'~',204,null, null,null,null,null,null,'N',0,null,'N','N','N',null,'N','N','N','refer','审批人',28,'uap.user.user_name','','approver',null,'~',19,'70a62ada-4e1d-4b22-9e8c-422d58a8cf00','uap/refer/riart/userDefaultRefer/index','用户',null,'N',null,null,null,'2021-07-19 13:52:07',null,'Y',null);
            go
            insert into pub_form_property(pk_form_property,areaid,classid,code,colnum,color,creationtime,creator,datatype,dataval,defaultvalue,defaultvar,define1,define2,define3,disabled,dr,editformula,hyperlinkflag,iscode,isdefined,ismultiselectedenabled,isnextrow,isrevise,istotal,itemtype,label,maxlength,metadataproperty,metaid,metapath,modifiedtime,modifier,position,proid,refcode,refname,relatemeta,required,resid,showformula,textrows,ts,validateformula,visible,width)
            values('0001ZZZZ71a0766d9a01','0001ZZZZ820337f33886','01675523-fa49-4965-b69a-d3f780ea7541','approvenote','1','#111111',null,'~',1,null, null,null,null,null,null,'N',0,null,'N','N','N',null,'N','N','N','input','审批批语',28,NULL,'','approvenote',null,'~',21,'4d90321c-8b12-4c6b-82df-af2427c5a9dc','/common-ref/','-99',null,'N',null,null,null,'2021-07-19 13:52:07',null,'Y',null);
            go
            insert into pub_form_property(pk_form_property,areaid,classid,code,colnum,color,creationtime,creator,datatype,dataval,defaultvalue,defaultvar,define1,define2,define3,disabled,dr,editformula,hyperlinkflag,iscode,isdefined,ismultiselectedenabled,isnextrow,isrevise,istotal,itemtype,label,maxlength,metadataproperty,metaid,metapath,modifiedtime,modifier,position,proid,refcode,refname,relatemeta,required,resid,showformula,textrows,ts,validateformula,visible,width)
            values('0001ZZZZbdd51c603734','0001ZZZZ820337f33886','01675523-fa49-4965-b69a-d3f780ea7541','approvedate','1','#111111',null,'~',34,null, null,null,null,null,null,'N',0,null,'N','N','N',null,'N','N','N','datetimepicker','审批时间',28,NULL,'','approvedate',null,'~',22,'9e8321c1-a01e-4a6e-ae9c-9805677a9dd2','/common-ref/','-99',null,'N',null,null,null,'2021-07-19 13:52:07',null,'Y',null);
            go
            insert into pub_form_property(pk_form_property,areaid,classid,code,colnum,color,creationtime,creator,datatype,dataval,defaultvalue,defaultvar,define1,define2,define3,disabled,dr,editformula,hyperlinkflag,iscode,isdefined,ismultiselectedenabled,isnextrow,isrevise,istotal,itemtype,label,maxlength,metadataproperty,metaid,metapath,modifiedtime,modifier,position,proid,refcode,refname,relatemeta,required,resid,showformula,textrows,ts,validateformula,visible,width)
            values('0001ZZZZ1da51c2df020','0001ZZZZacfe580d6864','01675523-fa49-4965-b69a-d3f780ea7541','approvestatus','1','#111111',null,'~',203,'自由=-1,审批未通过=0,审批通过=1,审批进行中=2,提交=3', null,null,null,null,null,'N',0,null,'N','N','N',null,'N','N','N','select','审批状态',28,NULL,'','approvestatus',null,'~',20,'438e1b94-3744-46d1-96da-1bf3d8ef2e11','/common-ref/','-99',null,'N',null,null,null,'2021-07-19 13:52:07',null,'Y',null);
            go
            insert into pub_form_property(pk_form_property,areaid,classid,code,colnum,color,creationtime,creator,datatype,dataval,defaultvalue,defaultvar,define1,define2,define3,disabled,dr,editformula,hyperlinkflag,iscode,isdefined,ismultiselectedenabled,isnextrow,isrevise,istotal,itemtype,label,maxlength,metadataproperty,metaid,metapath,modifiedtime,modifier,position,proid,refcode,refname,relatemeta,required,resid,showformula,textrows,ts,validateformula,visible,width)
            values('0001ZZZZ1da51c2df021','0001ZZZZacfe580d6864','01675523-fa49-4965-b69a-d3f780ea7541','isapply','1','#111111',null,'~',32,null, null,null,null,null,null,'N',0,null,'N','N','N',null,'N','N','N','checkbox_switch','教材是否申领',28,NULL,'','isapply',null,'~',37,'f38275b1-b797-4c5a-ac34-941739096799','/common-ref/','-99',null,'N',null,null,null,'2021-07-19 13:52:07',null,'Y',null);
            go
            insert into pub_form_property(pk_form_property,areaid,classid,code,colnum,color,creationtime,creator,datatype,dataval,defaultvalue,defaultvar,define1,define2,define3,disabled,dr,editformula,hyperlinkflag,iscode,isdefined,ismultiselectedenabled,isnextrow,isrevise,istotal,itemtype,label,maxlength,metadataproperty,metaid,metapath,modifiedtime,modifier,position,proid,refcode,refname,relatemeta,required,resid,showformula,textrows,ts,validateformula,visible,width)
            values('0001ZZZZ1da51c2df022','0001ZZZZacfe580d6864','01675523-fa49-4965-b69a-d3f780ea7541','isuploadall','1','#111111',null,'~',32,null, null,null,null,null,null,'N',0,null,'N','N','N',null,'N','N','N','checkbox_switch','整体教学计划是否上传',28,NULL,'','isuploadall',null,'~',39,'e7400e31-1b56-46a9-b515-1621e6d82583','/common-ref/','-99',null,'N',null,null,null,'2021-07-19 13:52:07',null,'Y',null);
            go
            insert into pub_form_property(pk_form_property,areaid,classid,code,colnum,color,creationtime,creator,datatype,dataval,defaultvalue,defaultvar,define1,define2,define3,disabled,dr,editformula,hyperlinkflag,iscode,isdefined,ismultiselectedenabled,isnextrow,isrevise,istotal,itemtype,label,maxlength,metadataproperty,metaid,metapath,modifiedtime,modifier,position,proid,refcode,refname,relatemeta,required,resid,showformula,textrows,ts,validateformula,visible,width)
            values('0001ZZZZ1da51c2df025','0001ZZZZacfe580d6864','01675523-fa49-4965-b69a-d3f780ea7541','isuploadnow','1','#111111',null,'~',32,null, null,null,null,null,null,'N',0,null,'N','N','N',null,'N','N','N','checkbox_switch','本学期教学计划是否上传',28,NULL,'','isuploadnow',null,'~',40,'4e635c10-e4b8-40ec-9ff4-e2bf6dc9a7a4','/common-ref/','-99',null,'N',null,null,null,'2021-07-19 13:52:07',null,'Y',null);
            go
            insert into pub_form_property(pk_form_property,areaid,classid,code,colnum,color,creationtime,creator,datatype,dataval,defaultvalue,defaultvar,define1,define2,define3,disabled,dr,editformula,hyperlinkflag,iscode,isdefined,ismultiselectedenabled,isnextrow,isrevise,istotal,itemtype,label,maxlength,metadataproperty,metaid,metapath,modifiedtime,modifier,position,proid,refcode,refname,relatemeta,required,resid,showformula,textrows,ts,validateformula,visible,width)
            values('0001ZZZZ1da51c2df026','0001ZZZZacfe580d6864','01675523-fa49-4965-b69a-d3f780ea7541','srctrantype','1','#111111',null,'~',1,null, null,null,null,null,null,'N',0,null,'N','N','N',null,'N','N','N','input','来源交易类型',28,NULL,'','srctrantype',null,'~',30,'2551b5b8-3677-4c14-878f-66a9d908f7ce','/common-ref/','-99',null,'N',null,null,null,'2021-07-19 13:52:07',null,'Y',null);
            go
            insert into pub_form_property(pk_form_property,areaid,classid,code,colnum,color,creationtime,creator,datatype,dataval,defaultvalue,defaultvar,define1,define2,define3,disabled,dr,editformula,hyperlinkflag,iscode,isdefined,ismultiselectedenabled,isnextrow,isrevise,istotal,itemtype,label,maxlength,metadataproperty,metaid,metapath,modifiedtime,modifier,position,proid,refcode,refname,relatemeta,required,resid,showformula,textrows,ts,validateformula,visible,width)
            values('0001ZZZZ1da51c2df029','0001ZZZZacfe580d6864','01675523-fa49-4965-b69a-d3f780ea7541','srccode','1','#111111',null,'~',1,null, null,null,null,null,null,'N',0,null,'N','N','N',null,'N','N','N','input','来源单据号',28,NULL,'','srccode',null,'~',26,'bc757a22-24b2-4682-8cf1-21dfc085112e','/common-ref/','-99',null,'N',null,null,null,'2021-07-19 13:52:07',null,'Y',null);
            go
            insert into pub_form_property(pk_form_property,areaid,classid,code,colnum,color,creationtime,creator,datatype,dataval,defaultvalue,defaultvar,define1,define2,define3,disabled,dr,editformula,hyperlinkflag,iscode,isdefined,ismultiselectedenabled,isnextrow,isrevise,istotal,itemtype,label,maxlength,metadataproperty,metaid,metapath,modifiedtime,modifier,position,proid,refcode,refname,relatemeta,required,resid,showformula,textrows,ts,validateformula,visible,width)
            values('0001ZZZZ1da51c2df031','0001ZZZZacfe580d6864','01675523-fa49-4965-b69a-d3f780ea7541','srcbilltype','1','#111111',null,'~',1,null, null,null,null,null,null,'N',0,null,'N','N','N',null,'N','N','N','input','来源单据类型',28,NULL,'','srcbilltype',null,'~',24,'9f0b4eb9-9302-49a5-98c8-78fcbb39fc2a','/common-ref/','-99',null,'N',null,null,null,'2021-07-19 13:52:07',null,'Y',null);
            go
            insert into pub_form_property(pk_form_property,areaid,classid,code,colnum,color,creationtime,creator,datatype,dataval,defaultvalue,defaultvar,define1,define2,define3,disabled,dr,editformula,hyperlinkflag,iscode,isdefined,ismultiselectedenabled,isnextrow,isrevise,istotal,itemtype,label,maxlength,metadataproperty,metaid,metapath,modifiedtime,modifier,position,proid,refcode,refname,relatemeta,required,resid,showformula,textrows,ts,validateformula,visible,width)
            values('0001ZZZZ1da51c2df032','0001ZZZZacfe580d6864','01675523-fa49-4965-b69a-d3f780ea7541','srcrowno','1','#111111',null,'~',1,null, null,null,null,null,null,'N',0,null,'N','N','N',null,'N','N','N','input','来源单据行号',28,NULL,'','srcrowno',null,'~',29,'3acc0542-66c2-4728-8150-5270aee847b4','/common-ref/','-99',null,'N',null,null,null,'2021-07-19 13:52:07',null,'Y',null);
            go
            insert into pub_form_property(pk_form_property,areaid,classid,code,colnum,color,creationtime,creator,datatype,dataval,defaultvalue,defaultvar,define1,define2,define3,disabled,dr,editformula,hyperlinkflag,iscode,isdefined,ismultiselectedenabled,isnextrow,isrevise,istotal,itemtype,label,maxlength,metadataproperty,metaid,metapath,modifiedtime,modifier,position,proid,refcode,refname,relatemeta,required,resid,showformula,textrows,ts,validateformula,visible,width)
            values('0001ZZZZ1da51c2df033','0001ZZZZacfe580d6864','01675523-fa49-4965-b69a-d3f780ea7541','vfirsttrantype','1','#111111',null,'~',1,null, null,null,null,null,null,'N',0,null,'N','N','N',null,'N','N','N','input','源头交易类型',28,NULL,'','vfirsttrantype',null,'~',36,'e1b4ed73-0790-4a67-86b4-e9d747bf59e9','/common-ref/','-99',null,'N',null,null,null,'2021-07-19 13:52:07',null,'Y',null);
            go
            insert into pub_form_property(pk_form_property,areaid,classid,code,colnum,color,creationtime,creator,datatype,dataval,defaultvalue,defaultvar,define1,define2,define3,disabled,dr,editformula,hyperlinkflag,iscode,isdefined,ismultiselectedenabled,isnextrow,isrevise,istotal,itemtype,label,maxlength,metadataproperty,metaid,metapath,modifiedtime,modifier,position,proid,refcode,refname,relatemeta,required,resid,showformula,textrows,ts,validateformula,visible,width)
            values('0001ZZZZ1da51c2df035','0001ZZZZacfe580d6864','01675523-fa49-4965-b69a-d3f780ea7541','vfirstcode','1','#111111',null,'~',1,null, null,null,null,null,null,'N',0,null,'N','N','N',null,'N','N','N','input','源头单据号',28,NULL,'','vfirstcode',null,'~',32,'d6e0e83e-89ef-4f41-acec-e7d94ca72a74','/common-ref/','-99',null,'N',null,null,null,'2021-07-19 13:52:07',null,'Y',null);
            go
            insert into pub_form_property(pk_form_property,areaid,classid,code,colnum,color,creationtime,creator,datatype,dataval,defaultvalue,defaultvar,define1,define2,define3,disabled,dr,editformula,hyperlinkflag,iscode,isdefined,ismultiselectedenabled,isnextrow,isrevise,istotal,itemtype,label,maxlength,metadataproperty,metaid,metapath,modifiedtime,modifier,position,proid,refcode,refname,relatemeta,required,resid,showformula,textrows,ts,validateformula,visible,width)
            values('0001ZZZZ1da51c2df037','0001ZZZZacfe580d6864','01675523-fa49-4965-b69a-d3f780ea7541','vfirsttype','1','#111111',null,'~',1,null, null,null,null,null,null,'N',0,null,'N','N','N',null,'N','N','N','input','源头单据类型',28,NULL,'','vfirsttype',null,'~',31,'6ca4ac88-8df3-4f8f-a90e-58bfd6b4a47c','/common-ref/','-99',null,'N',null,null,null,'2021-07-19 13:52:07',null,'Y',null);
            go
            insert into pub_form_property(pk_form_property,areaid,classid,code,colnum,color,creationtime,creator,datatype,dataval,defaultvalue,defaultvar,define1,define2,define3,disabled,dr,editformula,hyperlinkflag,iscode,isdefined,ismultiselectedenabled,isnextrow,isrevise,istotal,itemtype,label,maxlength,metadataproperty,metaid,metapath,modifiedtime,modifier,position,proid,refcode,refname,relatemeta,required,resid,showformula,textrows,ts,validateformula,visible,width)
            values('0001ZZZZ1da51c2df038','0001ZZZZacfe580d6864','01675523-fa49-4965-b69a-d3f780ea7541','vfirstrowno','1','#111111',null,'~',1,null, null,null,null,null,null,'N',0,null,'N','N','N',null,'N','N','N','input','源头单据行号',28,NULL,'','vfirstrowno',null,'~',35,'160db4af-fe5d-4c11-b6e6-f95204062fad','/common-ref/','-99',null,'N',null,null,null,'2021-07-19 13:52:07',null,'Y',null);
            go
            insert into pub_form_property(pk_form_property,areaid,classid,code,colnum,color,creationtime,creator,datatype,dataval,defaultvalue,defaultvar,define1,define2,define3,disabled,dr,editformula,hyperlinkflag,iscode,isdefined,ismultiselectedenabled,isnextrow,isrevise,istotal,itemtype,label,maxlength,metadataproperty,metaid,metapath,modifiedtime,modifier,position,proid,refcode,refname,relatemeta,required,resid,showformula,textrows,ts,validateformula,visible,width)
            values('0001ZZZZ1da51c2df039','0001ZZZZacfe580d6864','01675523-fa49-4965-b69a-d3f780ea7541','pk_org','1','#111111',null,'~',204,null, null,null,null,null,null,'N',0,null,'N','N','N',null,'N','N','N','refer','组织',28,'uap.org.name','','pk_org',null,'~',3,'613e4a11-159e-4f60-b67c-625c9707b6da','uapbd/refer/org/BusinessUnitAndDeptTreeRef/index','业务单元及部门',null,'N',null,null,null,'2021-07-19 13:52:07',null,'Y',null);
            go
            insert into pub_form_property(pk_form_property,areaid,classid,code,colnum,color,creationtime,creator,datatype,dataval,defaultvalue,defaultvar,define1,define2,define3,disabled,dr,editformula,hyperlinkflag,iscode,isdefined,ismultiselectedenabled,isnextrow,isrevise,istotal,itemtype,label,maxlength,metadataproperty,metaid,metapath,modifiedtime,modifier,position,proid,refcode,refname,relatemeta,required,resid,showformula,textrows,ts,validateformula,visible,width)
            values('0001ZZZZ1da51c2df040','0001ZZZZacfe580d6864','01675523-fa49-4965-b69a-d3f780ea7541','pk_org_v','1','#111111',null,'~',204,null, null,null,null,null,null,'N',0,null,'N','N','N',null,'N','N','N','refer','组织版本',28,NULL,'','pk_org_v',null,'~',4,'7aba74bb-3057-4e1d-86ee-e52f6c8b9043','uapbd/refer/orgv/BusinessUnitVersionDefaultAllTreeRef/index','业务单元版本(所有)',null,'N',null,null,null,'2021-07-19 13:52:07',null,'N',null);
            go
            insert into pub_form_property(pk_form_property,areaid,classid,code,colnum,color,creationtime,creator,datatype,dataval,defaultvalue,defaultvar,define1,define2,define3,disabled,dr,editformula,hyperlinkflag,iscode,isdefined,ismultiselectedenabled,isnextrow,isrevise,istotal,itemtype,label,maxlength,metadataproperty,metaid,metapath,modifiedtime,modifier,position,proid,refcode,refname,relatemeta,required,resid,showformula,textrows,ts,validateformula,visible,width)
            values('0001ZZZZ1da51c2df041','0001ZZZZacfe580d6864','01675523-fa49-4965-b69a-d3f780ea7541','pk_group','1','#111111',null,'~',204,null, null,null,null,null,null,'N',0,null,'N','N','N',null,'N','N','N','refer','集团',28,'uap.group.name','','pk_group',null,'~',2,'f11cde8d-9fe0-4a12-978e-d288501c86e0','uap/refer/riart/groupTreeRef/index','集团',null,'N',null,null,null,'2021-07-19 13:52:07',null,'Y',null);
            go













            insert into pub_form_property(pk_form_property,areaid,classid,code,colnum,color,creationtime,creator,datatype,dataval,defaultvalue,defaultvar,define1,define2,define3,disabled,dr,editformula,hyperlinkflag,iscode,isdefined,ismultiselectedenabled,isnextrow,isrevise,istotal,itemtype,label,maxlength,metadataproperty,metaid,metapath,modifiedtime,modifier,position,proid,refcode,refname,relatemeta,required,resid,showformula,textrows,ts,validateformula,visible,width)
            values('0001ZZZZb968be50e000','0001ZZZZ9770215b768d','01675523-fa49-4965-b69a-d3f780ea7541','isbuild','1','#111111',null,'~',32,null, null,null,null,null,null,'N',0,null,'N','N','N',null,'N','N','N','checkbox_switch','三群是否建立',28,NULL,'','isbuild',null,'~',38,'6c4c32df-bba1-4446-b16a-dc995c1a4359','/common-ref/','-99',null,'N',null,null,null,'2021-07-19 13:52:07',null,'Y',null);
            go
            insert into pub_form_property(pk_form_property,areaid,classid,code,colnum,color,creationtime,creator,datatype,dataval,defaultvalue,defaultvar,define1,define2,define3,disabled,dr,editformula,hyperlinkflag,iscode,isdefined,ismultiselectedenabled,isnextrow,isrevise,istotal,itemtype,label,maxlength,metadataproperty,metaid,metapath,modifiedtime,modifier,position,proid,refcode,refname,relatemeta,required,resid,showformula,textrows,ts,validateformula,visible,width)
            values('0001ZZZZb968be50e001','0001ZZZZ9770215b768d','01675523-fa49-4965-b69a-d3f780ea7541','pk_busitype','1','#111111',null,'~',204,null, null,null,null,null,null,'N',0,null,'N','N','N',null,'N','N','N','refer','业务类型',28,NULL,'','pk_busitype',null,'~',8,'cda5750c-23e5-4b95-94c5-ee0d3d90bbd6','uap/refer/riart/busitype/index','业务流程',null,'N',null,null,null,'2021-07-19 13:52:07',null,'Y',null);
            go
            insert into pub_form_property(pk_form_property,areaid,classid,code,colnum,color,creationtime,creator,datatype,dataval,defaultvalue,defaultvar,define1,define2,define3,disabled,dr,editformula,hyperlinkflag,iscode,isdefined,ismultiselectedenabled,isnextrow,isrevise,istotal,itemtype,label,maxlength,metadataproperty,metaid,metapath,modifiedtime,modifier,position,proid,refcode,refname,relatemeta,required,resid,showformula,textrows,ts,validateformula,visible,width)
            values('0001ZZZZb968be50e002','0001ZZZZ9770215b768d','01675523-fa49-4965-b69a-d3f780ea7541','pk_transtype','1','#111111',null,'~',204,null, null,null,null,null,null,'N',0,null,'N','N','N',null,'N','N','N','refer','交易类型',28,'uap.BilltypeVO.billtypename','','pk_transtype',null,'~',12,'58c78af4-1f5c-48db-9829-b0156e976d6e','uap/refer/riart/transtype/index','影响因素交 易类型',null,'N',null,null,null,'2021-07-19 13:52:07',null,'Y',null);
            go
            insert into pub_form_property(pk_form_property,areaid,classid,code,colnum,color,creationtime,creator,datatype,dataval,defaultvalue,defaultvar,define1,define2,define3,disabled,dr,editformula,hyperlinkflag,iscode,isdefined,ismultiselectedenabled,isnextrow,isrevise,istotal,itemtype,label,maxlength,metadataproperty,metaid,metapath,modifiedtime,modifier,position,proid,refcode,refname,relatemeta,required,resid,showformula,textrows,ts,validateformula,visible,width)
            values('0001ZZZZb968be50e003','0001ZZZZ9770215b768d','01675523-fa49-4965-b69a-d3f780ea7541','transtypecode','1','#111111',null,'~',1,null, null,null,null,null,null,'N',0,null,'N','N','N',null,'N','N','N','input','交易类型编码',28,NULL,'','transtypecode',null,'~',11,'73b104e3-4e63-4201-acd8-6f5693fd3274','/common-ref/','-99',null,'N',null,null,null,'2021-07-19 13:52:07',null,'Y',null);
            go
            insert into pub_form_property(pk_form_property,areaid,classid,code,colnum,color,creationtime,creator,datatype,dataval,defaultvalue,defaultvar,define1,define2,define3,disabled,dr,editformula,hyperlinkflag,iscode,isdefined,ismultiselectedenabled,isnextrow,isrevise,istotal,itemtype,label,maxlength,metadataproperty,metaid,metapath,modifiedtime,modifier,position,proid,refcode,refname,relatemeta,required,resid,showformula,textrows,ts,validateformula,visible,width)
            values('0001ZZZZ4356e33878ed','0001ZZZZaf62bd63e751','01675523-fa49-4965-b69a-d3f780ea7541','modifier','1','#111111',null,'~',204,null, null,null,null,null,null,'N',0,null,'N','N','N',null,'N','N','N','refer','修改人',28,'uap.user.user_name','','modifier',null,'~',17,'690a25b9-1a21-418c-b6f4-e6e0904f66d0','uap/refer/riart/userDefaultRefer/index','用户',null,'N',null,null,null,'2021-07-19 13:52:07',null,'Y',null);
            go
            insert into pub_form_property(pk_form_property,areaid,classid,code,colnum,color,creationtime,creator,datatype,dataval,defaultvalue,defaultvar,define1,define2,define3,disabled,dr,editformula,hyperlinkflag,iscode,isdefined,ismultiselectedenabled,isnextrow,isrevise,istotal,itemtype,label,maxlength,metadataproperty,metaid,metapath,modifiedtime,modifier,position,proid,refcode,refname,relatemeta,required,resid,showformula,textrows,ts,validateformula,visible,width)
            values('0001ZZZZ0607fa247a9a','0001ZZZZaf62bd63e751','01675523-fa49-4965-b69a-d3f780ea7541','modifiedtime','1','#111111',null,'~',34,null, null,null,null,null,null,'N',0,null,'N','N','N',null,'N','N','N','datetimepicker','修改时间',28,NULL,'','modifiedtime',null,'~',18,'b36c1857-4a01-4212-a02a-c934ba0aeea1','/common-ref/','-99',null,'N',null,null,null,'2021-07-19 13:52:07',null,'Y',null);
            go
            insert into pub_form_property(pk_form_property,areaid,classid,code,colnum,color,creationtime,creator,datatype,dataval,defaultvalue,defaultvar,define1,define2,define3,disabled,dr,editformula,hyperlinkflag,iscode,isdefined,ismultiselectedenabled,isnextrow,isrevise,istotal,itemtype,label,maxlength,metadataproperty,metaid,metapath,modifiedtime,modifier,position,proid,refcode,refname,relatemeta,required,resid,showformula,textrows,ts,validateformula,visible,width)
            values('0001ZZZZb5cbf0ef8bf8','0001ZZZZaf62bd63e751','01675523-fa49-4965-b69a-d3f780ea7541','creator','1','#111111',null,'~',204,null, null,null,null,null,null,'N',0,null,'N','N','N',null,'N','N','N','refer','创建人',28,'uap.user.user_name','','creator',null,'~',15,'4f779661-43a9-4d6a-bfb3-6cd93490e62d','uap/refer/riart/userDefaultRefer/index','用户',null,'N',null,null,null,'2021-07-19 13:52:07',null,'Y',null);
            go
            insert into pub_form_property(pk_form_property,areaid,classid,code,colnum,color,creationtime,creator,datatype,dataval,defaultvalue,defaultvar,define1,define2,define3,disabled,dr,editformula,hyperlinkflag,iscode,isdefined,ismultiselectedenabled,isnextrow,isrevise,istotal,itemtype,label,maxlength,metadataproperty,metaid,metapath,modifiedtime,modifier,position,proid,refcode,refname,relatemeta,required,resid,showformula,textrows,ts,validateformula,visible,width)
            values('0001ZZZZeb74df005638','0001ZZZZaf62bd63e751','01675523-fa49-4965-b69a-d3f780ea7541','creationtime','1','#111111',null,'~',34,null, null,null,null,null,null,'N',0,null,'N','N','N',null,'N','N','N','datetimepicker','创建时间',28,NULL,'','creationtime',null,'~',16,'5e0f25ba-c12c-482f-8540-2ece429fe572','/common-ref/','-99',null,'N',null,null,null,'2021-07-19 13:52:07',null,'Y',null);
            go
            insert into pub_form_property(pk_form_property,areaid,classid,code,colnum,color,creationtime,creator,datatype,dataval,defaultvalue,defaultvar,define1,define2,define3,disabled,dr,editformula,hyperlinkflag,iscode,isdefined,ismultiselectedenabled,isnextrow,isrevise,istotal,itemtype,label,maxlength,metadataproperty,metaid,metapath,modifiedtime,modifier,position,proid,refcode,refname,relatemeta,required,resid,showformula,textrows,ts,validateformula,visible,width)
            values('0001ZZZZb968be50e008','0001ZZZZ9770215b768d','01675523-fa49-4965-b69a-d3f780ea7541','billmaker','1','#111111',null,'~',204,null, null,null,null,null,null,'N',0,null,'N','N','N',null,'N','N','N','refer','制单人',28,'uap.user.user_name','','billmaker',null,'~',13,'3e91c3ed-b3c2-45d7-9641-1ad9e7092a84','uap/refer/riart/userDefaultRefer/index','用户',null,'N',null,null,null,'2021-07-19 13:52:07',null,'Y',null);
            go
            insert into pub_form_property(pk_form_property,areaid,classid,code,colnum,color,creationtime,creator,datatype,dataval,defaultvalue,defaultvar,define1,define2,define3,disabled,dr,editformula,hyperlinkflag,iscode,isdefined,ismultiselectedenabled,isnextrow,isrevise,istotal,itemtype,label,maxlength,metadataproperty,metaid,metapath,modifiedtime,modifier,position,proid,refcode,refname,relatemeta,required,resid,showformula,textrows,ts,validateformula,visible,width)
            values('0001ZZZZb968be50e009','0001ZZZZ9770215b768d','01675523-fa49-4965-b69a-d3f780ea7541','maketime','1','#111111',null,'~',33,null, null,null,null,null,null,'N',0,null,'N','N','N',null,'N','N','N','datepicker','制单时间',28,NULL,'','maketime',null,'~',14,'e74b7a5d-1cf2-4ebd-8d71-f009bb62871a','/common-ref/','-99',null,'N',null,null,null,'2021-07-19 13:52:07',null,'Y',null);
            go
            insert into pub_form_property(pk_form_property,areaid,classid,code,colnum,color,creationtime,creator,datatype,dataval,defaultvalue,defaultvar,define1,define2,define3,disabled,dr,editformula,hyperlinkflag,iscode,isdefined,ismultiselectedenabled,isnextrow,isrevise,istotal,itemtype,label,maxlength,metadataproperty,metaid,metapath,modifiedtime,modifier,position,proid,refcode,refname,relatemeta,required,resid,showformula,textrows,ts,validateformula,visible,width)
            values('0001ZZZZb968be50e010','0001ZZZZ9770215b768d','01675523-fa49-4965-b69a-d3f780ea7541','bill_no','1','#111111',null,'~',1,null, null,null,null,null,null,'Y',0,null,'N','N','N',null,'N','N','N','input','单据号',28,NULL,'','bill_no',null,'~',7,'4d07a5ff-b1d2-4cf3-9242-4d53d2016d46','/common-ref/','-99',null,'N',null,null,null,'2021-07-19 13:52:07',null,'Y',null);
            go
            insert into pub_form_property(pk_form_property,areaid,classid,code,colnum,color,creationtime,creator,datatype,dataval,defaultvalue,defaultvar,define1,define2,define3,disabled,dr,editformula,hyperlinkflag,iscode,isdefined,ismultiselectedenabled,isnextrow,isrevise,istotal,itemtype,label,maxlength,metadataproperty,metaid,metapath,modifiedtime,modifier,position,proid,refcode,refname,relatemeta,required,resid,showformula,textrows,ts,validateformula,visible,width)
            values('0001ZZZZb968be50e011','0001ZZZZ9770215b768d','01675523-fa49-4965-b69a-d3f780ea7541','dbilldate','1','#111111',null,'~',33,null, null,null,null,null,null,'N',0,null,'N','N','N',null,'N','N','N','datepicker','单据日期',28,NULL,'','dbilldate',null,'~',5,'b4a98484-c83e-4fe5-9672-d5a201f21854','/common-ref/','-99',null,'N',null,null,null,'2021-07-19 13:52:07',null,'Y',null);
            go
            insert into pub_form_property(pk_form_property,areaid,classid,code,colnum,color,creationtime,creator,datatype,dataval,defaultvalue,defaultvar,define1,define2,define3,disabled,dr,editformula,hyperlinkflag,iscode,isdefined,ismultiselectedenabled,isnextrow,isrevise,istotal,itemtype,label,maxlength,metadataproperty,metaid,metapath,modifiedtime,modifier,position,proid,refcode,refname,relatemeta,required,resid,showformula,textrows,ts,validateformula,visible,width)
            values('0001ZZZZb968be50e012','0001ZZZZ9770215b768d','01675523-fa49-4965-b69a-d3f780ea7541','billstatus','1','#111111',null,'~',203,'自由=-1,审批未通过=0,审批通过=1,审批进行中=2,提交=3','-1',null,null,null,null,'Y',0,null,'N','N','N',null,'N','N','N','select','单据状态',28,NULL,'','billstatus',null,'~',6,'60e328a3-b9cd-4fc0-bdca-660ceae9a945','/common-ref/','-99',null,'N',null,null,null,'2021-07-19 13:52:07',null,'Y',null);
            go
            insert into pub_form_property(pk_form_property,areaid,classid,code,colnum,color,creationtime,creator,datatype,dataval,defaultvalue,defaultvar,define1,define2,define3,disabled,dr,editformula,hyperlinkflag,iscode,isdefined,ismultiselectedenabled,isnextrow,isrevise,istotal,itemtype,label,maxlength,metadataproperty,metaid,metapath,modifiedtime,modifier,position,proid,refcode,refname,relatemeta,required,resid,showformula,textrows,ts,validateformula,visible,width)
            values('0001ZZZZb968be50e013','0001ZZZZ9770215b768d','01675523-fa49-4965-b69a-d3f780ea7541','pk_billtypeid','1','#111111',null,'~',204,null, null,null,null,null,null,'N',0,null,'N','N','N',null,'N','N','N','refer','单据类型',28,'uap.BilltypeVO.billtypename','','pk_billtypeid',null,'~',9,'2dc1e558-e3eb-403a-805c-8bc67cae3061','uap/refer/riart/billtype/index','影响因素单据类型',null,'N',null,null,null,'2021-07-19 13:52:07',null,'Y',null);
            go
            insert into pub_form_property(pk_form_property,areaid,classid,code,colnum,color,creationtime,creator,datatype,dataval,defaultvalue,defaultvar,define1,define2,define3,disabled,dr,editformula,hyperlinkflag,iscode,isdefined,ismultiselectedenabled,isnextrow,isrevise,istotal,itemtype,label,maxlength,metadataproperty,metaid,metapath,modifiedtime,modifier,position,proid,refcode,refname,relatemeta,required,resid,showformula,textrows,ts,validateformula,visible,width)
            values('0001ZZZZb968be50e014','0001ZZZZ9770215b768d','01675523-fa49-4965-b69a-d3f780ea7541','billtype','1','#111111',null,'~',1,null, null,null,null,null,null,'N',0,null,'N','N','N',null,'N','N','N','input','单据类型编码',28,NULL,'','billtype',null,'~',10,'ed08f57b-8367-4a99-bf5a-f098231b4ffd','/common-ref/','-99',null,'N',null,null,null,'2021-07-19 13:52:07',null,'Y',null);
            go
            insert into pub_form_property(pk_form_property,areaid,classid,code,colnum,color,creationtime,creator,datatype,dataval,defaultvalue,defaultvar,define1,define2,define3,disabled,dr,editformula,hyperlinkflag,iscode,isdefined,ismultiselectedenabled,isnextrow,isrevise,istotal,itemtype,label,maxlength,metadataproperty,metaid,metapath,modifiedtime,modifier,position,proid,refcode,refname,relatemeta,required,resid,showformula,textrows,ts,validateformula,visible,width)
            values('0001ZZZZb968be50e015','0001ZZZZ9770215b768d','01675523-fa49-4965-b69a-d3f780ea7541','vnote','1','#111111',null,'~',1,null, null,null,null,null,null,'N',0,null,'N','N','N',null,'N','N','N','input','备注',28,NULL,'','vnote',null,'~',23,'edcef587-4b47-48fd-b151-0fc23c7d157f','/common-ref/','-99',null,'N',null,null,null,'2021-07-19 13:52:07',null,'Y',null);
            go
            insert into pub_form_property(pk_form_property,areaid,classid,code,colnum,color,creationtime,creator,datatype,dataval,defaultvalue,defaultvar,define1,define2,define3,disabled,dr,editformula,hyperlinkflag,iscode,isdefined,ismultiselectedenabled,isnextrow,isrevise,istotal,itemtype,label,maxlength,metadataproperty,metaid,metapath,modifiedtime,modifier,position,proid,refcode,refname,relatemeta,required,resid,showformula,textrows,ts,validateformula,visible,width)
            values('0001ZZZZb968be50e016','0001ZZZZ9770215b768d','01675523-fa49-4965-b69a-d3f780ea7541','ismaintain','1','#111111',null,'~',32,null, null,null,null,null,null,'N',0,null,'N','N','N',null,'N','N','N','checkbox_switch','学生进班英语成绩是否维护',28,NULL,'','ismaintain',null,'~',41,'f1991123-80c6-4513-a674-5688db16d9ed','/common-ref/','-99',null,'N',null,null,null,'2021-07-19 13:52:07',null,'Y',null);
            go
            insert into pub_form_property(pk_form_property,areaid,classid,code,colnum,color,creationtime,creator,datatype,dataval,defaultvalue,defaultvar,define1,define2,define3,disabled,dr,editformula,hyperlinkflag,iscode,isdefined,ismultiselectedenabled,isnextrow,isrevise,istotal,itemtype,label,maxlength,metadataproperty,metaid,metapath,modifiedtime,modifier,position,proid,refcode,refname,relatemeta,required,resid,showformula,textrows,ts,validateformula,visible,width)
            values('0001ZZZZ43d1f0f1a9ea','0001ZZZZaf62bd63e751','01675523-fa49-4965-b69a-d3f780ea7541','approver','1','#111111',null,'~',204,null, null,null,null,null,null,'N',0,null,'N','N','N',null,'N','N','N','refer','审批人',28,'uap.user.user_name','','approver',null,'~',19,'13339b8b-6ba1-45c0-85c6-5919b1c110ed','uap/refer/riart/userDefaultRefer/index','用户',null,'N',null,null,null,'2021-07-19 13:52:07',null,'Y',null);
            go
            insert into pub_form_property(pk_form_property,areaid,classid,code,colnum,color,creationtime,creator,datatype,dataval,defaultvalue,defaultvar,define1,define2,define3,disabled,dr,editformula,hyperlinkflag,iscode,isdefined,ismultiselectedenabled,isnextrow,isrevise,istotal,itemtype,label,maxlength,metadataproperty,metaid,metapath,modifiedtime,modifier,position,proid,refcode,refname,relatemeta,required,resid,showformula,textrows,ts,validateformula,visible,width)
            values('0001ZZZZdb482b9118a6','0001ZZZZaf62bd63e751','01675523-fa49-4965-b69a-d3f780ea7541','approvenote','1','#111111',null,'~',1,null, null,null,null,null,null,'N',0,null,'N','N','N',null,'N','N','N','input','审批批语',28,NULL,'','approvenote',null,'~',21,'1f6b5d99-cc67-4555-b74d-66b81233f124','/common-ref/','-99',null,'N',null,null,null,'2021-07-19 13:52:07',null,'Y',null);
            go
            insert into pub_form_property(pk_form_property,areaid,classid,code,colnum,color,creationtime,creator,datatype,dataval,defaultvalue,defaultvar,define1,define2,define3,disabled,dr,editformula,hyperlinkflag,iscode,isdefined,ismultiselectedenabled,isnextrow,isrevise,istotal,itemtype,label,maxlength,metadataproperty,metaid,metapath,modifiedtime,modifier,position,proid,refcode,refname,relatemeta,required,resid,showformula,textrows,ts,validateformula,visible,width)
            values('0001ZZZZ6fa18e20d32f','0001ZZZZaf62bd63e751','01675523-fa49-4965-b69a-d3f780ea7541','approvedate','1','#111111',null,'~',34,null, null,null,null,null,null,'N',0,null,'N','N','N',null,'N','N','N','datetimepicker','审批时间',28,NULL,'','approvedate',null,'~',22,'4b2fa739-d475-47fd-b040-db1bd86e60ec','/common-ref/','-99',null,'N',null,null,null,'2021-07-19 13:52:07',null,'Y',null);
            go
            insert into pub_form_property(pk_form_property,areaid,classid,code,colnum,color,creationtime,creator,datatype,dataval,defaultvalue,defaultvar,define1,define2,define3,disabled,dr,editformula,hyperlinkflag,iscode,isdefined,ismultiselectedenabled,isnextrow,isrevise,istotal,itemtype,label,maxlength,metadataproperty,metaid,metapath,modifiedtime,modifier,position,proid,refcode,refname,relatemeta,required,resid,showformula,textrows,ts,validateformula,visible,width)
            values('0001ZZZZb968be50e020','0001ZZZZ9770215b768d','01675523-fa49-4965-b69a-d3f780ea7541','approvestatus','1','#111111',null,'~',203,'自由=-1,审批未通过=0,审批通过=1,审批进行中=2,提交=3', null,null,null,null,null,'N',0,null,'N','N','N',null,'N','N','N','select','审批状态',28,NULL,'','approvestatus',null,'~',20,'70a9859e-668b-4c1a-b182-2a484134afce','/common-ref/','-99',null,'N',null,null,null,'2021-07-19 13:52:07',null,'Y',null);
            go
            insert into pub_form_property(pk_form_property,areaid,classid,code,colnum,color,creationtime,creator,datatype,dataval,defaultvalue,defaultvar,define1,define2,define3,disabled,dr,editformula,hyperlinkflag,iscode,isdefined,ismultiselectedenabled,isnextrow,isrevise,istotal,itemtype,label,maxlength,metadataproperty,metaid,metapath,modifiedtime,modifier,position,proid,refcode,refname,relatemeta,required,resid,showformula,textrows,ts,validateformula,visible,width)
            values('0001ZZZZb968be50e021','0001ZZZZ9770215b768d','01675523-fa49-4965-b69a-d3f780ea7541','isapply','1','#111111',null,'~',32,null, null,null,null,null,null,'N',0,null,'N','N','N',null,'N','N','N','checkbox_switch','教材是否申领',28,NULL,'','isapply',null,'~',37,'096b0fca-d90a-41ce-aec4-6f5623acecb8','/common-ref/','-99',null,'N',null,null,null,'2021-07-19 13:52:07',null,'Y',null);
            go
            insert into pub_form_property(pk_form_property,areaid,classid,code,colnum,color,creationtime,creator,datatype,dataval,defaultvalue,defaultvar,define1,define2,define3,disabled,dr,editformula,hyperlinkflag,iscode,isdefined,ismultiselectedenabled,isnextrow,isrevise,istotal,itemtype,label,maxlength,metadataproperty,metaid,metapath,modifiedtime,modifier,position,proid,refcode,refname,relatemeta,required,resid,showformula,textrows,ts,validateformula,visible,width)
            values('0001ZZZZb968be50e022','0001ZZZZ9770215b768d','01675523-fa49-4965-b69a-d3f780ea7541','isuploadall','1','#111111',null,'~',32,null, null,null,null,null,null,'N',0,null,'N','N','N',null,'N','N','N','checkbox_switch','整体教学计划是否上传',28,NULL,'','isuploadall',null,'~',39,'2039cd51-1f6c-4b4a-8eec-d59d6b64e6e8','/common-ref/','-99',null,'N',null,null,null,'2021-07-19 13:52:07',null,'Y',null);
            go
            insert into pub_form_property(pk_form_property,areaid,classid,code,colnum,color,creationtime,creator,datatype,dataval,defaultvalue,defaultvar,define1,define2,define3,disabled,dr,editformula,hyperlinkflag,iscode,isdefined,ismultiselectedenabled,isnextrow,isrevise,istotal,itemtype,label,maxlength,metadataproperty,metaid,metapath,modifiedtime,modifier,position,proid,refcode,refname,relatemeta,required,resid,showformula,textrows,ts,validateformula,visible,width)
            values('0001ZZZZb968be50e025','0001ZZZZ9770215b768d','01675523-fa49-4965-b69a-d3f780ea7541','isuploadnow','1','#111111',null,'~',32,null, null,null,null,null,null,'N',0,null,'N','N','N',null,'N','N','N','checkbox_switch','本学期教学计划是否上传',28,NULL,'','isuploadnow',null,'~',40,'60474669-87d1-4132-8358-6ea2e5e48b83','/common-ref/','-99',null,'N',null,null,null,'2021-07-19 13:52:07',null,'Y',null);
            go
            insert into pub_form_property(pk_form_property,areaid,classid,code,colnum,color,creationtime,creator,datatype,dataval,defaultvalue,defaultvar,define1,define2,define3,disabled,dr,editformula,hyperlinkflag,iscode,isdefined,ismultiselectedenabled,isnextrow,isrevise,istotal,itemtype,label,maxlength,metadataproperty,metaid,metapath,modifiedtime,modifier,position,proid,refcode,refname,relatemeta,required,resid,showformula,textrows,ts,validateformula,visible,width)
            values('0001ZZZZb968be50e026','0001ZZZZ9770215b768d','01675523-fa49-4965-b69a-d3f780ea7541','srctrantype','1','#111111',null,'~',1,null, null,null,null,null,null,'N',0,null,'N','N','N',null,'N','N','N','input','来源交易类型',28,NULL,'','srctrantype',null,'~',30,'dc8f7919-a8b1-4d5b-8ebd-0dfa4318674c','/common-ref/','-99',null,'N',null,null,null,'2021-07-19 13:52:07',null,'Y',null);
            go
            insert into pub_form_property(pk_form_property,areaid,classid,code,colnum,color,creationtime,creator,datatype,dataval,defaultvalue,defaultvar,define1,define2,define3,disabled,dr,editformula,hyperlinkflag,iscode,isdefined,ismultiselectedenabled,isnextrow,isrevise,istotal,itemtype,label,maxlength,metadataproperty,metaid,metapath,modifiedtime,modifier,position,proid,refcode,refname,relatemeta,required,resid,showformula,textrows,ts,validateformula,visible,width)
            values('0001ZZZZb968be50e029','0001ZZZZ9770215b768d','01675523-fa49-4965-b69a-d3f780ea7541','srccode','1','#111111',null,'~',1,null, null,null,null,null,null,'N',0,null,'N','N','N',null,'N','N','N','input','来源单据号',28,NULL,'','srccode',null,'~',26,'feac26df-ab1d-4596-9d4f-ffa290788055','/common-ref/','-99',null,'N',null,null,null,'2021-07-19 13:52:07',null,'Y',null);
            go
            insert into pub_form_property(pk_form_property,areaid,classid,code,colnum,color,creationtime,creator,datatype,dataval,defaultvalue,defaultvar,define1,define2,define3,disabled,dr,editformula,hyperlinkflag,iscode,isdefined,ismultiselectedenabled,isnextrow,isrevise,istotal,itemtype,label,maxlength,metadataproperty,metaid,metapath,modifiedtime,modifier,position,proid,refcode,refname,relatemeta,required,resid,showformula,textrows,ts,validateformula,visible,width)
            values('0001ZZZZb968be50e031','0001ZZZZ9770215b768d','01675523-fa49-4965-b69a-d3f780ea7541','srcbilltype','1','#111111',null,'~',1,null, null,null,null,null,null,'N',0,null,'N','N','N',null,'N','N','N','input','来源单据类型',28,NULL,'','srcbilltype',null,'~',24,'d65da72a-4ffd-40a0-a88f-3d3825a929f8','/common-ref/','-99',null,'N',null,null,null,'2021-07-19 13:52:07',null,'Y',null);
            go
            insert into pub_form_property(pk_form_property,areaid,classid,code,colnum,color,creationtime,creator,datatype,dataval,defaultvalue,defaultvar,define1,define2,define3,disabled,dr,editformula,hyperlinkflag,iscode,isdefined,ismultiselectedenabled,isnextrow,isrevise,istotal,itemtype,label,maxlength,metadataproperty,metaid,metapath,modifiedtime,modifier,position,proid,refcode,refname,relatemeta,required,resid,showformula,textrows,ts,validateformula,visible,width)
            values('0001ZZZZb968be50e032','0001ZZZZ9770215b768d','01675523-fa49-4965-b69a-d3f780ea7541','srcrowno','1','#111111',null,'~',1,null, null,null,null,null,null,'N',0,null,'N','N','N',null,'N','N','N','input','来源单据行号',28,NULL,'','srcrowno',null,'~',29,'9794a7bb-9399-4a9b-a5f3-34503650160f','/common-ref/','-99',null,'N',null,null,null,'2021-07-19 13:52:07',null,'Y',null);
            go
            insert into pub_form_property(pk_form_property,areaid,classid,code,colnum,color,creationtime,creator,datatype,dataval,defaultvalue,defaultvar,define1,define2,define3,disabled,dr,editformula,hyperlinkflag,iscode,isdefined,ismultiselectedenabled,isnextrow,isrevise,istotal,itemtype,label,maxlength,metadataproperty,metaid,metapath,modifiedtime,modifier,position,proid,refcode,refname,relatemeta,required,resid,showformula,textrows,ts,validateformula,visible,width)
            values('0001ZZZZb968be50e033','0001ZZZZ9770215b768d','01675523-fa49-4965-b69a-d3f780ea7541','vfirsttrantype','1','#111111',null,'~',1,null, null,null,null,null,null,'N',0,null,'N','N','N',null,'N','N','N','input','源头交易类型',28,NULL,'','vfirsttrantype',null,'~',36,'17a920b8-c4c3-4f92-9a87-1a1a89e3898f','/common-ref/','-99',null,'N',null,null,null,'2021-07-19 13:52:07',null,'Y',null);
            go
            insert into pub_form_property(pk_form_property,areaid,classid,code,colnum,color,creationtime,creator,datatype,dataval,defaultvalue,defaultvar,define1,define2,define3,disabled,dr,editformula,hyperlinkflag,iscode,isdefined,ismultiselectedenabled,isnextrow,isrevise,istotal,itemtype,label,maxlength,metadataproperty,metaid,metapath,modifiedtime,modifier,position,proid,refcode,refname,relatemeta,required,resid,showformula,textrows,ts,validateformula,visible,width)
            values('0001ZZZZb968be50e035','0001ZZZZ9770215b768d','01675523-fa49-4965-b69a-d3f780ea7541','vfirstcode','1','#111111',null,'~',1,null, null,null,null,null,null,'N',0,null,'N','N','N',null,'N','N','N','input','源头单据号',28,NULL,'','vfirstcode',null,'~',32,'e1904a6d-1ec9-4351-bc63-fe0c6b3c7cf8','/common-ref/','-99',null,'N',null,null,null,'2021-07-19 13:52:07',null,'Y',null);
            go
            insert into pub_form_property(pk_form_property,areaid,classid,code,colnum,color,creationtime,creator,datatype,dataval,defaultvalue,defaultvar,define1,define2,define3,disabled,dr,editformula,hyperlinkflag,iscode,isdefined,ismultiselectedenabled,isnextrow,isrevise,istotal,itemtype,label,maxlength,metadataproperty,metaid,metapath,modifiedtime,modifier,position,proid,refcode,refname,relatemeta,required,resid,showformula,textrows,ts,validateformula,visible,width)
            values('0001ZZZZb968be50e037','0001ZZZZ9770215b768d','01675523-fa49-4965-b69a-d3f780ea7541','vfirsttype','1','#111111',null,'~',1,null, null,null,null,null,null,'N',0,null,'N','N','N',null,'N','N','N','input','源头单据类型',28,NULL,'','vfirsttype',null,'~',31,'58e2cb48-5cf6-47bf-b467-d499e22030f1','/common-ref/','-99',null,'N',null,null,null,'2021-07-19 13:52:07',null,'Y',null);
            go
            insert into pub_form_property(pk_form_property,areaid,classid,code,colnum,color,creationtime,creator,datatype,dataval,defaultvalue,defaultvar,define1,define2,define3,disabled,dr,editformula,hyperlinkflag,iscode,isdefined,ismultiselectedenabled,isnextrow,isrevise,istotal,itemtype,label,maxlength,metadataproperty,metaid,metapath,modifiedtime,modifier,position,proid,refcode,refname,relatemeta,required,resid,showformula,textrows,ts,validateformula,visible,width)
            values('0001ZZZZb968be50e038','0001ZZZZ9770215b768d','01675523-fa49-4965-b69a-d3f780ea7541','vfirstrowno','1','#111111',null,'~',1,null, null,null,null,null,null,'N',0,null,'N','N','N',null,'N','N','N','input','源头单据行号',28,NULL,'','vfirstrowno',null,'~',35,'e6e866d9-3b13-4c83-ba9f-37b3c2ed3687','/common-ref/','-99',null,'N',null,null,null,'2021-07-19 13:52:07',null,'Y',null);
            go
            insert into pub_form_property(pk_form_property,areaid,classid,code,colnum,color,creationtime,creator,datatype,dataval,defaultvalue,defaultvar,define1,define2,define3,disabled,dr,editformula,hyperlinkflag,iscode,isdefined,ismultiselectedenabled,isnextrow,isrevise,istotal,itemtype,label,maxlength,metadataproperty,metaid,metapath,modifiedtime,modifier,position,proid,refcode,refname,relatemeta,required,resid,showformula,textrows,ts,validateformula,visible,width)
            values('0001ZZZZb968be50e039','0001ZZZZ9770215b768d','01675523-fa49-4965-b69a-d3f780ea7541','pk_org','1','#111111',null,'~',204,null, null,null,null,null,null,'N',0,null,'N','N','N',null,'N','N','N','refer','组织',28,'uap.org.name','','pk_org',null,'~',3,'e94885f5-6475-4f56-bd90-8af85a42e2b3','uapbd/refer/org/BusinessUnitAndDeptTreeRef/index','业务单元及部门',null,'N',null,null,null,'2021-07-19 13:52:07',null,'Y',null);
            go
            insert into pub_form_property(pk_form_property,areaid,classid,code,colnum,color,creationtime,creator,datatype,dataval,defaultvalue,defaultvar,define1,define2,define3,disabled,dr,editformula,hyperlinkflag,iscode,isdefined,ismultiselectedenabled,isnextrow,isrevise,istotal,itemtype,label,maxlength,metadataproperty,metaid,metapath,modifiedtime,modifier,position,proid,refcode,refname,relatemeta,required,resid,showformula,textrows,ts,validateformula,visible,width)
            values('0001ZZZZb968be50e040','0001ZZZZ9770215b768d','01675523-fa49-4965-b69a-d3f780ea7541','pk_org_v','1','#111111',null,'~',204,null, null,null,null,null,null,'N',0,null,'N','N','N',null,'N','N','N','refer','组织版本',28,NULL,'','pk_org_v',null,'~',4,'8cdfdcd2-06d4-44e7-8d0a-40c534fafee3','uapbd/refer/orgv/BusinessUnitVersionDefaultAllTreeRef/index','业务单元版本(所有)',null,'N',null,null,null,'2021-07-19 13:52:07',null,'N',null);
            go
            insert into pub_form_property(pk_form_property,areaid,classid,code,colnum,color,creationtime,creator,datatype,dataval,defaultvalue,defaultvar,define1,define2,define3,disabled,dr,editformula,hyperlinkflag,iscode,isdefined,ismultiselectedenabled,isnextrow,isrevise,istotal,itemtype,label,maxlength,metadataproperty,metaid,metapath,modifiedtime,modifier,position,proid,refcode,refname,relatemeta,required,resid,showformula,textrows,ts,validateformula,visible,width)
            values('0001ZZZZb968be50e041','0001ZZZZ9770215b768d','01675523-fa49-4965-b69a-d3f780ea7541','pk_group','1','#111111',null,'~',204,null, null,null,null,null,null,'N',0,null,'N','N','N',null,'N','N','N','refer','集团',28,'uap.group.name','','pk_group',null,'~',2,'4cbc9b2d-e113-40b0-a4dd-0ef12fa0076b','uap/refer/riart/groupTreeRef/index','集团',null,'N',null,null,null,'2021-07-19 13:52:07',null,'Y',null);
            go






