insert into pub_page_templet(pk_page_templet,appcode,clazz,code,creationtime,creator,dr,headcode,isdefault,metaid,modifiedtime,modifier,name,pagecode,parentid,pk_group,pk_org,resid,resmodule,templetdesc,ts)
values('0001ZZZZ7c18578345a8','81H10501','nc.vo.cy.schoolform.AggSchoolformHVO','81H10501_LIST',null,'~',0,'list_head','Y',null,null,'~','新发现学校申请单列表','81H10501_LIST','root',null,null,null,null,'新发现学校申请单列表页面','2021-06-23 14:36:45');
go

insert into pub_page_templet(pk_page_templet,appcode,clazz,code,creationtime,creator,dr,headcode,isdefault,metaid,modifiedtime,modifier,name,pagecode,parentid,pk_group,pk_org,resid,resmodule,templetdesc,ts)
values('0001ZZZZbd6134d7a798','81H10501','nc.vo.cy.schoolform.AggSchoolformHVO','81H10501_CARD',null,'~',0,'card_head','N',null,null,'~','新发现学校申请单卡片','81H10501_CARD','root',null,null,null,null,'新发现学校申请单卡片页面','2021-06-23 14:36:45');
go

insert into pub_page_templet(pk_page_templet,appcode,clazz,code,creationtime,creator,dr,headcode,isdefault,metaid,modifiedtime,modifier,name,pagecode,parentid,pk_group,pk_org,resid,resmodule,templetdesc,ts)
values('0001ZZZZ659361a6a640','81H10501','nc.vo.cy.schoolform.AggSchoolformHVO','81H10501L_CARD',null,'~',0,'card_head','N',null,null,'~','新发现学校申请单联查卡片','81H10501L_CARD','root',null,null,null,null,'新发现学校申请单联查卡片页面','2021-06-23 14:36:45');
go

insert into pub_page_templet(pk_page_templet,appcode,clazz,code,creationtime,creator,dr,headcode,isdefault,metaid,modifiedtime,modifier,name,pagecode,parentid,pk_group,pk_org,resid,resmodule,templetdesc,ts)
values('0001ZZZZd9f7fd831785','81H10501A','nc.vo.cy.schoolform.AggSchoolformHVO','81H10501A_CARD',null,'~',0,'card_head','N',null,null,'~','新发现学校申请单审批卡片','81H10501A_CARD','root',null,null,null,null,'新发现学校申请单审批卡片页面','2021-06-23 14:36:45');
go







insert into pub_area(pk_area,areadesc,areastatus,areatype,clazz,code,creationtime,creator,dr,isunfold,metaid,metaname,metaspace,modifiedtime,modifier,name,pagination,position,relationcode,resid,templetid,ts)
values('0001ZZZZ665b7486cc1e',null,'browse',0,'nc.vo.cy.schoolform.SchoolformHVO','list_query',null,'~',0,null,'005173a2-bb00-4ee5-88e5-8b32e0ef254d','学校申请单',null,null,'~','查询区',null,2,null,'','0001ZZZZ7c18578345a8','2021-06-23 14:36:45');
go
insert into pub_area(pk_area,areadesc,areastatus,areatype,clazz,code,creationtime,creator,dr,isunfold,metaid,metaname,metaspace,modifiedtime,modifier,name,pagination,position,relationcode,resid,templetid,ts)
values('0001ZZZZff7b7c689f8c',null,'browse',2,'nc.vo.cy.schoolform.SchoolformHVO','list_head',null,'~',0,null,'005173a2-bb00-4ee5-88e5-8b32e0ef254d','学校申请单',null,null,'~','表头',null,1,null,'','0001ZZZZ7c18578345a8','2021-06-23 14:36:45');
go




insert into pub_area(pk_area,areadesc,areastatus,areatype,clazz,code,creationtime,creator,dr,isunfold,metaid,metaname,metaspace,modifiedtime,modifier,name,pagination,position,relationcode,resid,templetid,ts)
values('0001ZZZZ54c2495dc236',null,'browse',1,'nc.vo.cy.schoolform.SchoolformHVO','card_head',null,'~',0,null,'005173a2-bb00-4ee5-88e5-8b32e0ef254d','学校申请单','cy.schoolform',null,'~','学校申请单',null,1,null,null,'0001ZZZZbd6134d7a798','2021-06-23 14:36:45');
go
insert into pub_area(pk_area,areadesc,areastatus,areatype,clazz,code,creationtime,creator,dr,isunfold,metaid,metaname,metaspace,modifiedtime,modifier,name,pagination,position,relationcode,resid,templetid,ts)
values('0001ZZZZcab8b4b1589d',null,'browse',1,'nc.vo.cy.schoolform.SchoolformHVO','card_operate',null,'~',0,null,'005173a2-bb00-4ee5-88e5-8b32e0ef254d','学校申请单','cy.schoolform',null,'~','操作信息',null,2,'card_head',null,'0001ZZZZbd6134d7a798','2021-06-23 14:36:45');
go
insert into pub_area(pk_area,areadesc,areastatus,areatype,clazz,code,creationtime,creator,dr,isunfold,metaid,metaname,metaspace,modifiedtime,modifier,name,pagination,position,relationcode,resid,templetid,ts)
values('0001ZZZZa02525c6786a',null,'browse',2,'nc.vo.cy.schoolform.SchoolformDetailVO','card_body',null,'~',0,null,'005173a2-bb00-4ee5-88e5-8b32e0ef254d','学校申请单','cy.schoolform',null,'~','申请单明细',null,3,null,null,'0001ZZZZbd6134d7a798','2021-06-23 14:36:45');
go
insert into pub_area(pk_area,areadesc,areastatus,areatype,clazz,code,creationtime,creator,dr,isunfold,metaid,metaname,metaspace,modifiedtime,modifier,name,pagination,position,relationcode,resid,templetid,ts)
values('0001ZZZZa97442409ef2',null,'edit',1,'nc.vo.cy.schoolform.SchoolformDetailVO','card_body_edit',null,'~',0,null,'005173a2-bb00-4ee5-88e5-8b32e0ef254d','学校申请单','cy.schoolform',null,'~','申请单明细',null,4,'card_body',null,'0001ZZZZbd6134d7a798','2021-06-23 14:36:45');
go
insert into pub_area(pk_area,areadesc,areastatus,areatype,clazz,code,creationtime,creator,dr,isunfold,metaid,metaname,metaspace,modifiedtime,modifier,name,pagination,position,relationcode,resid,templetid,ts)
values('0001ZZZZ48087cc721fa',null,'browse',1,'nc.vo.cy.schoolform.SchoolformDetailVO','card_body_browse',null,'~',0,null,'005173a2-bb00-4ee5-88e5-8b32e0ef254d','学校申请单','cy.schoolform',null,'~','申请单明细',null,5,'card_body',null,'0001ZZZZbd6134d7a798','2021-06-23 14:36:45');
go


insert into pub_area(pk_area,areadesc,areastatus,areatype,clazz,code,creationtime,creator,dr,isunfold,metaid,metaname,metaspace,modifiedtime,modifier,name,pagination,position,relationcode,resid,templetid,ts)
values('0001ZZZZdc5d86610982',null,'browse',1,'nc.vo.cy.schoolform.SchoolformHVO','card_head',null,'~',0,null,'005173a2-bb00-4ee5-88e5-8b32e0ef254d','学校申请单','cy.schoolform',null,'~','学校申请单',null,1,null,null,'0001ZZZZ659361a6a640','2021-06-23 14:36:45');
go
insert into pub_area(pk_area,areadesc,areastatus,areatype,clazz,code,creationtime,creator,dr,isunfold,metaid,metaname,metaspace,modifiedtime,modifier,name,pagination,position,relationcode,resid,templetid,ts)
values('0001ZZZZ49069375a76e',null,'browse',1,'nc.vo.cy.schoolform.SchoolformHVO','card_operate',null,'~',0,null,'005173a2-bb00-4ee5-88e5-8b32e0ef254d','学校申请单','cy.schoolform',null,'~','操作信息',null,2,'card_head',null,'0001ZZZZ659361a6a640','2021-06-23 14:36:45');
go
insert into pub_area(pk_area,areadesc,areastatus,areatype,clazz,code,creationtime,creator,dr,isunfold,metaid,metaname,metaspace,modifiedtime,modifier,name,pagination,position,relationcode,resid,templetid,ts)
values('0001ZZZZcab3a50f3747',null,'browse',2,'nc.vo.cy.schoolform.SchoolformDetailVO','card_body',null,'~',0,null,'005173a2-bb00-4ee5-88e5-8b32e0ef254d','学校申请单','cy.schoolform',null,'~','申请单明细',null,3,null,null,'0001ZZZZ659361a6a640','2021-06-23 14:36:45');
go
insert into pub_area(pk_area,areadesc,areastatus,areatype,clazz,code,creationtime,creator,dr,isunfold,metaid,metaname,metaspace,modifiedtime,modifier,name,pagination,position,relationcode,resid,templetid,ts)
values('0001ZZZZcf3587f873b8',null,'edit',1,'nc.vo.cy.schoolform.SchoolformDetailVO','card_body_edit',null,'~',0,null,'005173a2-bb00-4ee5-88e5-8b32e0ef254d','学校申请单','cy.schoolform',null,'~','申请单明细',null,4,'card_body',null,'0001ZZZZ659361a6a640','2021-06-23 14:36:45');
go
insert into pub_area(pk_area,areadesc,areastatus,areatype,clazz,code,creationtime,creator,dr,isunfold,metaid,metaname,metaspace,modifiedtime,modifier,name,pagination,position,relationcode,resid,templetid,ts)
values('0001ZZZZb217b55591f0',null,'browse',1,'nc.vo.cy.schoolform.SchoolformDetailVO','card_body_browse',null,'~',0,null,'005173a2-bb00-4ee5-88e5-8b32e0ef254d','学校申请单','cy.schoolform',null,'~','申请单明细',null,5,'card_body',null,'0001ZZZZ659361a6a640','2021-06-23 14:36:45');
go

insert into pub_area(pk_area,areadesc,areastatus,areatype,clazz,code,creationtime,creator,dr,isunfold,metaid,metaname,metaspace,modifiedtime,modifier,name,pagination,position,relationcode,resid,templetid,ts)
values('0001ZZZZ173fd0507f76',null,'browse',1,'nc.vo.cy.schoolform.SchoolformHVO','card_head',null,'~',0,null,'005173a2-bb00-4ee5-88e5-8b32e0ef254d','学校申请单','cy.schoolform',null,'~','学校申请单',null,1,null,null,'0001ZZZZd9f7fd831785','2021-06-23 14:36:45');
go
insert into pub_area(pk_area,areadesc,areastatus,areatype,clazz,code,creationtime,creator,dr,isunfold,metaid,metaname,metaspace,modifiedtime,modifier,name,pagination,position,relationcode,resid,templetid,ts)
values('0001ZZZZe3cb9c8e659e',null,'browse',1,'nc.vo.cy.schoolform.SchoolformHVO','card_operate',null,'~',0,null,'005173a2-bb00-4ee5-88e5-8b32e0ef254d','学校申请单','cy.schoolform',null,'~','操作信息',null,2,'card_head',null,'0001ZZZZd9f7fd831785','2021-06-23 14:36:45');
go
insert into pub_area(pk_area,areadesc,areastatus,areatype,clazz,code,creationtime,creator,dr,isunfold,metaid,metaname,metaspace,modifiedtime,modifier,name,pagination,position,relationcode,resid,templetid,ts)
values('0001ZZZZ20ab755a6a47',null,'browse',2,'nc.vo.cy.schoolform.SchoolformDetailVO','card_body',null,'~',0,null,'005173a2-bb00-4ee5-88e5-8b32e0ef254d','学校申请单','cy.schoolform',null,'~','申请单明细',null,3,null,null,'0001ZZZZd9f7fd831785','2021-06-23 14:36:45');
go
insert into pub_area(pk_area,areadesc,areastatus,areatype,clazz,code,creationtime,creator,dr,isunfold,metaid,metaname,metaspace,modifiedtime,modifier,name,pagination,position,relationcode,resid,templetid,ts)
values('0001ZZZZa6c5324e2fdc',null,'edit',1,'nc.vo.cy.schoolform.SchoolformDetailVO','card_body_edit',null,'~',0,null,'005173a2-bb00-4ee5-88e5-8b32e0ef254d','学校申请单','cy.schoolform',null,'~','申请单明细',null,4,'card_body',null,'0001ZZZZd9f7fd831785','2021-06-23 14:36:45');
go
insert into pub_area(pk_area,areadesc,areastatus,areatype,clazz,code,creationtime,creator,dr,isunfold,metaid,metaname,metaspace,modifiedtime,modifier,name,pagination,position,relationcode,resid,templetid,ts)
values('0001ZZZZf514919c3504',null,'browse',1,'nc.vo.cy.schoolform.SchoolformDetailVO','card_body_browse',null,'~',0,null,'005173a2-bb00-4ee5-88e5-8b32e0ef254d','学校申请单','cy.schoolform',null,'~','申请单明细',null,5,'card_body',null,'0001ZZZZd9f7fd831785','2021-06-23 14:36:45');
go




            insert into pub_query_property(pk_query_property,areaid,classid,code,containlower,creationtime,creator,datatype,dataval,defaultvalue,define1,define2,define3,define4,define5,disabled,dr,isbeyondorg,ischeck,isdefined,isfixedcondition,ismultiselectedenabled,isnotmeta,isquerycondition,isuse,itemtype,label,maxlength,metadataproperty,metapath,opersign,opersignname,position,proid,querytablename,refcode,refname,required,resid,returntype,showtype,tablecode,ts,usefunc,visible,visibleposition,width)
            values('0001ZZZZ35496c2c4a53','0001ZZZZ665b7486cc1e','005173a2-bb00-4ee5-88e5-8b32e0ef254d','pk_busitype',null,null,'~',204,'','','','','','','','N',0,'N','N','N','N','N','N','Y','Y','refer','业务类型',20,'uap.BusitypeVO.businame','pk_busitype','=@','等于@',9,'11dca40a-34c9-4a17-a6c9-2cb2168e961c','','uap/refer/riart/busitype/index','业务流程','N','','refpk',1,'','2021-06-23 14:36:45','N','Y',null,1);
            go
            insert into pub_query_property(pk_query_property,areaid,classid,code,containlower,creationtime,creator,datatype,dataval,defaultvalue,define1,define2,define3,define4,define5,disabled,dr,isbeyondorg,ischeck,isdefined,isfixedcondition,ismultiselectedenabled,isnotmeta,isquerycondition,isuse,itemtype,label,maxlength,metadataproperty,metapath,opersign,opersignname,position,proid,querytablename,refcode,refname,required,resid,returntype,showtype,tablecode,ts,usefunc,visible,visibleposition,width)
            values('0001ZZZZ339bd17b935d','0001ZZZZ665b7486cc1e','005173a2-bb00-4ee5-88e5-8b32e0ef254d','pk_transtype',null,null,'~',204,'','','','','','','','N',0,'N','N','N','N','N','N','Y','Y','refer','交易类型',20,'uap.BilltypeVO.billtypename','pk_transtype','=@','等于@',13,'a671945b-a3df-4d3c-b18e-27c74b3521df','','uap/refer/riart/transtype/index','影响因素交 易类型','N','','refpk',1,'','2021-06-23 14:36:45','N','Y',null,1);
            go
            insert into pub_query_property(pk_query_property,areaid,classid,code,containlower,creationtime,creator,datatype,dataval,defaultvalue,define1,define2,define3,define4,define5,disabled,dr,isbeyondorg,ischeck,isdefined,isfixedcondition,ismultiselectedenabled,isnotmeta,isquerycondition,isuse,itemtype,label,maxlength,metadataproperty,metapath,opersign,opersignname,position,proid,querytablename,refcode,refname,required,resid,returntype,showtype,tablecode,ts,usefunc,visible,visibleposition,width)
            values('0001ZZZZ08602d1bddaa','0001ZZZZ665b7486cc1e','005173a2-bb00-4ee5-88e5-8b32e0ef254d','transtypecode',null,null,'~',1,'','','','','','','','N',0,'N','N','N','N','N','N','Y','Y','input','交易类型编码',50,NULL,'transtypecode','=@','等于@',12,'f377c71f-be93-4536-99a5-cd4262154636','','/common-ref/','-99','N','','refpk',1,'','2021-06-23 14:36:45','N','Y',null,1);
            go
            insert into pub_query_property(pk_query_property,areaid,classid,code,containlower,creationtime,creator,datatype,dataval,defaultvalue,define1,define2,define3,define4,define5,disabled,dr,isbeyondorg,ischeck,isdefined,isfixedcondition,ismultiselectedenabled,isnotmeta,isquerycondition,isuse,itemtype,label,maxlength,metadataproperty,metapath,opersign,opersignname,position,proid,querytablename,refcode,refname,required,resid,returntype,showtype,tablecode,ts,usefunc,visible,visibleposition,width)
            values('0001ZZZZ7251abaca876','0001ZZZZ665b7486cc1e','005173a2-bb00-4ee5-88e5-8b32e0ef254d','modifier',null,null,'~',204,'','','','','','','','N',0,'N','N','N','N','N','N','Y','Y','refer','修改人',20,NULL,'modifier','=@','等于@',18,'a8bc38f0-788c-45aa-83de-fdf9eaef9c99','','uap/refer/riart/userDefaultRefer/index','用户','N','','refpk',1,'','2021-06-23 14:36:45','N','Y',null,1);
            go
            insert into pub_query_property(pk_query_property,areaid,classid,code,containlower,creationtime,creator,datatype,dataval,defaultvalue,define1,define2,define3,define4,define5,disabled,dr,isbeyondorg,ischeck,isdefined,isfixedcondition,ismultiselectedenabled,isnotmeta,isquerycondition,isuse,itemtype,label,maxlength,metadataproperty,metapath,opersign,opersignname,position,proid,querytablename,refcode,refname,required,resid,returntype,showtype,tablecode,ts,usefunc,visible,visibleposition,width)
            values('0001ZZZZ43b078ba2350','0001ZZZZ665b7486cc1e','005173a2-bb00-4ee5-88e5-8b32e0ef254d','modifiedtime',null,null,'~',34,'','','','','','','','N',0,'N','N','N','N','N','N','Y','Y','datetimepicker','修改时间',19,NULL,'modifiedtime','=@','等于@',19,'6c23c794-cf40-410e-b8dc-e7a466b60c09','','/common-ref/','-99','N','','refpk',1,'','2021-06-23 14:36:45','N','Y',null,1);
            go
            insert into pub_query_property(pk_query_property,areaid,classid,code,containlower,creationtime,creator,datatype,dataval,defaultvalue,define1,define2,define3,define4,define5,disabled,dr,isbeyondorg,ischeck,isdefined,isfixedcondition,ismultiselectedenabled,isnotmeta,isquerycondition,isuse,itemtype,label,maxlength,metadataproperty,metapath,opersign,opersignname,position,proid,querytablename,refcode,refname,required,resid,returntype,showtype,tablecode,ts,usefunc,visible,visibleposition,width)
            values('0001ZZZZ2892cbf7a6d8','0001ZZZZ665b7486cc1e','005173a2-bb00-4ee5-88e5-8b32e0ef254d','creator',null,null,'~',204,'','','','','','','','N',0,'N','N','N','N','N','N','Y','Y','refer','创建人',20,NULL,'creator','=@','等于@',16,'601b4012-7043-4cd3-841e-678ba485f406','','uap/refer/riart/userDefaultRefer/index','用户','N','','refpk',1,'','2021-06-23 14:36:45','N','Y',null,1);
            go
            insert into pub_query_property(pk_query_property,areaid,classid,code,containlower,creationtime,creator,datatype,dataval,defaultvalue,define1,define2,define3,define4,define5,disabled,dr,isbeyondorg,ischeck,isdefined,isfixedcondition,ismultiselectedenabled,isnotmeta,isquerycondition,isuse,itemtype,label,maxlength,metadataproperty,metapath,opersign,opersignname,position,proid,querytablename,refcode,refname,required,resid,returntype,showtype,tablecode,ts,usefunc,visible,visibleposition,width)
            values('0001ZZZZa70f5b6d8876','0001ZZZZ665b7486cc1e','005173a2-bb00-4ee5-88e5-8b32e0ef254d','creationtime',null,null,'~',34,'','','','','','','','N',0,'N','N','N','N','N','N','Y','Y','datetimepicker','创建时间',19,NULL,'creationtime','=@','等于@',17,'7c962045-2e19-4fc5-ae91-2a96a2316a72','','/common-ref/','-99','N','','refpk',1,'','2021-06-23 14:36:45','N','Y',null,1);
            go
            insert into pub_query_property(pk_query_property,areaid,classid,code,containlower,creationtime,creator,datatype,dataval,defaultvalue,define1,define2,define3,define4,define5,disabled,dr,isbeyondorg,ischeck,isdefined,isfixedcondition,ismultiselectedenabled,isnotmeta,isquerycondition,isuse,itemtype,label,maxlength,metadataproperty,metapath,opersign,opersignname,position,proid,querytablename,refcode,refname,required,resid,returntype,showtype,tablecode,ts,usefunc,visible,visibleposition,width)
            values('0001ZZZZe071a59883d3','0001ZZZZ665b7486cc1e','005173a2-bb00-4ee5-88e5-8b32e0ef254d','billmaker',null,null,'~',204,'','','','','','','','N',0,'N','N','N','N','N','N','Y','Y','refer','制单人',20,NULL,'billmaker','=@','等于@',14,'0d29949b-f747-445e-88f1-dc7354226e20','','uap/refer/riart/userDefaultRefer/index','用户','N','','refpk',1,'','2021-06-23 14:36:45','N','Y',null,1);
            go
            insert into pub_query_property(pk_query_property,areaid,classid,code,containlower,creationtime,creator,datatype,dataval,defaultvalue,define1,define2,define3,define4,define5,disabled,dr,isbeyondorg,ischeck,isdefined,isfixedcondition,ismultiselectedenabled,isnotmeta,isquerycondition,isuse,itemtype,label,maxlength,metadataproperty,metapath,opersign,opersignname,position,proid,querytablename,refcode,refname,required,resid,returntype,showtype,tablecode,ts,usefunc,visible,visibleposition,width)
            values('0001ZZZZefddebde2c3d','0001ZZZZ665b7486cc1e','005173a2-bb00-4ee5-88e5-8b32e0ef254d','maketime',null,null,'~',33,'','','','','','','','N',0,'N','N','N','N','N','N','Y','Y','datepicker','制单时间',19,NULL,'maketime','=@','等于@',15,'39a7e4d9-7d72-42ad-9482-122b135f8a59','','/common-ref/','-99','N','','refpk',1,'','2021-06-23 14:36:45','N','Y',null,1);
            go
            insert into pub_query_property(pk_query_property,areaid,classid,code,containlower,creationtime,creator,datatype,dataval,defaultvalue,define1,define2,define3,define4,define5,disabled,dr,isbeyondorg,ischeck,isdefined,isfixedcondition,ismultiselectedenabled,isnotmeta,isquerycondition,isuse,itemtype,label,maxlength,metadataproperty,metapath,opersign,opersignname,position,proid,querytablename,refcode,refname,required,resid,returntype,showtype,tablecode,ts,usefunc,visible,visibleposition,width)
            values('0001ZZZZda4390581dc0','0001ZZZZ665b7486cc1e','005173a2-bb00-4ee5-88e5-8b32e0ef254d','bill_no',null,null,'~',1,'','','','','','','','Y',0,'N','N','N','N','N','N','Y','Y','input','单据号',50,NULL,'bill_no','=@','等于@',8,'891af444-3004-4225-8f6b-82ea826f70f8','','/common-ref/','-99','N','','refpk',1,'','2021-06-23 14:36:45','N','Y',null,1);
            go
            insert into pub_query_property(pk_query_property,areaid,classid,code,containlower,creationtime,creator,datatype,dataval,defaultvalue,define1,define2,define3,define4,define5,disabled,dr,isbeyondorg,ischeck,isdefined,isfixedcondition,ismultiselectedenabled,isnotmeta,isquerycondition,isuse,itemtype,label,maxlength,metadataproperty,metapath,opersign,opersignname,position,proid,querytablename,refcode,refname,required,resid,returntype,showtype,tablecode,ts,usefunc,visible,visibleposition,width)
            values('0001ZZZZb41eed705728','0001ZZZZ665b7486cc1e','005173a2-bb00-4ee5-88e5-8b32e0ef254d','dbilldate',null,null,'~',33,'','','','','','','','N',0,'N','N','N','N','N','N','Y','Y','datepicker','单据日期',19,NULL,'dbilldate','=@','等于@',6,'041d935d-18d9-442e-a422-872d1e00b499','','/common-ref/','-99','N','','refpk',1,'','2021-06-23 14:36:45','N','Y',null,1);
            go
            insert into pub_query_property(pk_query_property,areaid,classid,code,containlower,creationtime,creator,datatype,dataval,defaultvalue,define1,define2,define3,define4,define5,disabled,dr,isbeyondorg,ischeck,isdefined,isfixedcondition,ismultiselectedenabled,isnotmeta,isquerycondition,isuse,itemtype,label,maxlength,metadataproperty,metapath,opersign,opersignname,position,proid,querytablename,refcode,refname,required,resid,returntype,showtype,tablecode,ts,usefunc,visible,visibleposition,width)
            values('0001ZZZZf01994502d43','0001ZZZZ665b7486cc1e','005173a2-bb00-4ee5-88e5-8b32e0ef254d','billstatus',null,null,'~',203,'自由=-1,审批未通过=0,审批通过=1,审批进行中=2,提交=3','','','','','','','N',0,'N','N','N','N','N','N','Y','Y','select','单据状态',50,NULL,'billstatus','=@','等于@',7,'5a9781ca-0105-4a53-a283-a8d78dc2e04d','','/common-ref/','-99','N','','refpk',1,'','2021-06-23 14:36:45','N','Y',null,1);
            go
            insert into pub_query_property(pk_query_property,areaid,classid,code,containlower,creationtime,creator,datatype,dataval,defaultvalue,define1,define2,define3,define4,define5,disabled,dr,isbeyondorg,ischeck,isdefined,isfixedcondition,ismultiselectedenabled,isnotmeta,isquerycondition,isuse,itemtype,label,maxlength,metadataproperty,metapath,opersign,opersignname,position,proid,querytablename,refcode,refname,required,resid,returntype,showtype,tablecode,ts,usefunc,visible,visibleposition,width)
            values('0001ZZZZ437c672dbe4c','0001ZZZZ665b7486cc1e','005173a2-bb00-4ee5-88e5-8b32e0ef254d','pk_billtypeid',null,null,'~',204,'','','','','','','','N',0,'N','N','N','N','N','N','Y','Y','refer','单据类型',20,'uap.BilltypeVO.billtypename','pk_billtypeid','=@','等于@',10,'efb5c4ea-fe6b-4962-9ff7-061513984196','','uap/refer/riart/billtype/index','影响因素单据类型','N','','refpk',1,'','2021-06-23 14:36:45','N','Y',null,1);
            go
            insert into pub_query_property(pk_query_property,areaid,classid,code,containlower,creationtime,creator,datatype,dataval,defaultvalue,define1,define2,define3,define4,define5,disabled,dr,isbeyondorg,ischeck,isdefined,isfixedcondition,ismultiselectedenabled,isnotmeta,isquerycondition,isuse,itemtype,label,maxlength,metadataproperty,metapath,opersign,opersignname,position,proid,querytablename,refcode,refname,required,resid,returntype,showtype,tablecode,ts,usefunc,visible,visibleposition,width)
            values('0001ZZZZ2598886a41e3','0001ZZZZ665b7486cc1e','005173a2-bb00-4ee5-88e5-8b32e0ef254d','billtype',null,null,'~',1,'','','','','','','','N',0,'N','N','N','N','N','N','Y','Y','input','单据类型编码',50,NULL,'billtype','=@','等于@',11,'3b76f0dc-3fe5-413e-8dba-e8cf026fb4a8','','/common-ref/','-99','N','','refpk',1,'','2021-06-23 14:36:45','N','Y',null,1);
            go
            insert into pub_query_property(pk_query_property,areaid,classid,code,containlower,creationtime,creator,datatype,dataval,defaultvalue,define1,define2,define3,define4,define5,disabled,dr,isbeyondorg,ischeck,isdefined,isfixedcondition,ismultiselectedenabled,isnotmeta,isquerycondition,isuse,itemtype,label,maxlength,metadataproperty,metapath,opersign,opersignname,position,proid,querytablename,refcode,refname,required,resid,returntype,showtype,tablecode,ts,usefunc,visible,visibleposition,width)
            values('0001ZZZZ5131e2aa92b0','0001ZZZZ665b7486cc1e','005173a2-bb00-4ee5-88e5-8b32e0ef254d','vnote',null,null,'~',1,'','','','','','','','N',0,'N','N','N','N','N','N','Y','Y','input','备注',200,NULL,'vnote','=@','等于@',24,'847fb6f9-ab41-4aa1-ac76-bbf90e35764b','','/common-ref/','-99','N','','refpk',1,'','2021-06-23 14:36:45','N','Y',null,1);
            go
            insert into pub_query_property(pk_query_property,areaid,classid,code,containlower,creationtime,creator,datatype,dataval,defaultvalue,define1,define2,define3,define4,define5,disabled,dr,isbeyondorg,ischeck,isdefined,isfixedcondition,ismultiselectedenabled,isnotmeta,isquerycondition,isuse,itemtype,label,maxlength,metadataproperty,metapath,opersign,opersignname,position,proid,querytablename,refcode,refname,required,resid,returntype,showtype,tablecode,ts,usefunc,visible,visibleposition,width)
            values('0001ZZZZc4f9a7648a3f','0001ZZZZ665b7486cc1e','005173a2-bb00-4ee5-88e5-8b32e0ef254d','school',null,null,'~',1,'','','','','','','','N',0,'N','N','N','N','N','N','Y','Y','input','学校名称',50,NULL,'school','=@','等于@',68,'8cd72dc4-5c1a-4083-a32a-15a88ff47991','','/common-ref/','-99','N','','refpk',1,'','2021-06-23 14:36:45','N','Y',null,1);
            go
            insert into pub_query_property(pk_query_property,areaid,classid,code,containlower,creationtime,creator,datatype,dataval,defaultvalue,define1,define2,define3,define4,define5,disabled,dr,isbeyondorg,ischeck,isdefined,isfixedcondition,ismultiselectedenabled,isnotmeta,isquerycondition,isuse,itemtype,label,maxlength,metadataproperty,metapath,opersign,opersignname,position,proid,querytablename,refcode,refname,required,resid,returntype,showtype,tablecode,ts,usefunc,visible,visibleposition,width)
            values('0001ZZZZ0700fb9a6639','0001ZZZZ665b7486cc1e','005173a2-bb00-4ee5-88e5-8b32e0ef254d','pk_schoolf',null,null,'~',1,'','','','','','','','N',0,'N','N','N','N','N','Y','Y','Y','input','学校申请单主键',20,NULL,'pk_schoolf','=@','等于@',1,'0c4f50fa-6675-4f53-96e3-6106c3fa949e','','/common-ref/','-99','N','','refpk',1,'','2021-06-23 14:36:45','N','N',null,1);
            go
            insert into pub_query_property(pk_query_property,areaid,classid,code,containlower,creationtime,creator,datatype,dataval,defaultvalue,define1,define2,define3,define4,define5,disabled,dr,isbeyondorg,ischeck,isdefined,isfixedcondition,ismultiselectedenabled,isnotmeta,isquerycondition,isuse,itemtype,label,maxlength,metadataproperty,metapath,opersign,opersignname,position,proid,querytablename,refcode,refname,required,resid,returntype,showtype,tablecode,ts,usefunc,visible,visibleposition,width)
            values('0001ZZZZa64aab08eb3c','0001ZZZZ665b7486cc1e','005173a2-bb00-4ee5-88e5-8b32e0ef254d','approver',null,null,'~',204,'','','','','','','','N',0,'N','N','N','N','N','N','Y','Y','refer','审批人',20,NULL,'approver','=@','等于@',20,'34cbcf2c-40c3-48b5-af65-52efcf4a2fd7','','uap/refer/riart/userDefaultRefer/index','用户','N','','refpk',1,'','2021-06-23 14:36:45','N','Y',null,1);
            go
            insert into pub_query_property(pk_query_property,areaid,classid,code,containlower,creationtime,creator,datatype,dataval,defaultvalue,define1,define2,define3,define4,define5,disabled,dr,isbeyondorg,ischeck,isdefined,isfixedcondition,ismultiselectedenabled,isnotmeta,isquerycondition,isuse,itemtype,label,maxlength,metadataproperty,metapath,opersign,opersignname,position,proid,querytablename,refcode,refname,required,resid,returntype,showtype,tablecode,ts,usefunc,visible,visibleposition,width)
            values('0001ZZZZb82d6d776ce8','0001ZZZZ665b7486cc1e','005173a2-bb00-4ee5-88e5-8b32e0ef254d','approvenote',null,null,'~',1,'','','','','','','','N',0,'N','N','N','N','N','N','Y','Y','input','审批批语',50,NULL,'approvenote','=@','等于@',22,'ae282978-37cd-4f22-9963-7c610e57796d','','/common-ref/','-99','N','','refpk',1,'','2021-06-23 14:36:45','N','Y',null,1);
            go
            insert into pub_query_property(pk_query_property,areaid,classid,code,containlower,creationtime,creator,datatype,dataval,defaultvalue,define1,define2,define3,define4,define5,disabled,dr,isbeyondorg,ischeck,isdefined,isfixedcondition,ismultiselectedenabled,isnotmeta,isquerycondition,isuse,itemtype,label,maxlength,metadataproperty,metapath,opersign,opersignname,position,proid,querytablename,refcode,refname,required,resid,returntype,showtype,tablecode,ts,usefunc,visible,visibleposition,width)
            values('0001ZZZZ4f1878a621f5','0001ZZZZ665b7486cc1e','005173a2-bb00-4ee5-88e5-8b32e0ef254d','approvedate',null,null,'~',34,'','','','','','','','N',0,'N','N','N','N','N','N','Y','Y','datetimepicker','审批时间',19,NULL,'approvedate','=@','等于@',23,'f7be9069-8765-4551-a8cc-5a9bc1202d13','','/common-ref/','-99','N','','refpk',1,'','2021-06-23 14:36:45','N','Y',null,1);
            go
            insert into pub_query_property(pk_query_property,areaid,classid,code,containlower,creationtime,creator,datatype,dataval,defaultvalue,define1,define2,define3,define4,define5,disabled,dr,isbeyondorg,ischeck,isdefined,isfixedcondition,ismultiselectedenabled,isnotmeta,isquerycondition,isuse,itemtype,label,maxlength,metadataproperty,metapath,opersign,opersignname,position,proid,querytablename,refcode,refname,required,resid,returntype,showtype,tablecode,ts,usefunc,visible,visibleposition,width)
            values('0001ZZZZcad56251ece9','0001ZZZZ665b7486cc1e','005173a2-bb00-4ee5-88e5-8b32e0ef254d','approvestatus',null,null,'~',203,'自由=-1,审批未通过=0,审批通过=1,审批进行中=2,提交=3','','','','','','','N',0,'N','N','N','N','N','N','Y','Y','select','审批状态',50,NULL,'approvestatus','=@','等于@',21,'448d01b5-bd50-4166-9750-941354721347','','/common-ref/','-99','N','','refpk',1,'','2021-06-23 14:36:45','N','Y',null,1);
            go
            insert into pub_query_property(pk_query_property,areaid,classid,code,containlower,creationtime,creator,datatype,dataval,defaultvalue,define1,define2,define3,define4,define5,disabled,dr,isbeyondorg,ischeck,isdefined,isfixedcondition,ismultiselectedenabled,isnotmeta,isquerycondition,isuse,itemtype,label,maxlength,metadataproperty,metapath,opersign,opersignname,position,proid,querytablename,refcode,refname,required,resid,returntype,showtype,tablecode,ts,usefunc,visible,visibleposition,width)
            values('0001ZZZZ715624a403b1','0001ZZZZ665b7486cc1e','005173a2-bb00-4ee5-88e5-8b32e0ef254d','region',null,null,'~',1,'','','','','','','','N',0,'N','N','N','N','N','N','Y','Y','input','所属大区',50,NULL,'region','=@','等于@',69,'3c19e2b9-5e20-4069-9524-32a163fada60','','/common-ref/','-99','N','','refpk',1,'','2021-06-23 14:36:45','N','Y',null,1);
            go
            insert into pub_query_property(pk_query_property,areaid,classid,code,containlower,creationtime,creator,datatype,dataval,defaultvalue,define1,define2,define3,define4,define5,disabled,dr,isbeyondorg,ischeck,isdefined,isfixedcondition,ismultiselectedenabled,isnotmeta,isquerycondition,isuse,itemtype,label,maxlength,metadataproperty,metapath,opersign,opersignname,position,proid,querytablename,refcode,refname,required,resid,returntype,showtype,tablecode,ts,usefunc,visible,visibleposition,width)
            values('0001ZZZZda8e7c74f2ce','0001ZZZZ665b7486cc1e','005173a2-bb00-4ee5-88e5-8b32e0ef254d','proposer',null,null,'~',204,'','','','','','','','N',0,'N','N','N','N','N','N','Y','Y','refer','申请人',20,NULL,'proposer','=@','等于@',71,'bdbbc4c2-a1e4-4ce5-8ca7-741dd8a54fb6','','uapbd/refer/psninfo/PsndocRiartTreeGridRef/index','人员','N','','refpk',1,'','2021-06-23 14:36:45','N','Y',null,1);
            go
            insert into pub_query_property(pk_query_property,areaid,classid,code,containlower,creationtime,creator,datatype,dataval,defaultvalue,define1,define2,define3,define4,define5,disabled,dr,isbeyondorg,ischeck,isdefined,isfixedcondition,ismultiselectedenabled,isnotmeta,isquerycondition,isuse,itemtype,label,maxlength,metadataproperty,metapath,opersign,opersignname,position,proid,querytablename,refcode,refname,required,resid,returntype,showtype,tablecode,ts,usefunc,visible,visibleposition,width)
            values('0001ZZZZb18cb9f34b1c','0001ZZZZ665b7486cc1e','005173a2-bb00-4ee5-88e5-8b32e0ef254d','pk_org',null,null,'~',204,'','','','','','','','N',0,'N','N','N','N','N','N','Y','Y','refer','组织',20,'uap.org.name','pk_org','=@','等于@',4,'5ba1c32c-668e-490d-a539-e28aff33cc58','','uapbd/refer/org/BusinessUnitAndDeptTreeRef/index','业务单元及部门','N','','refpk',1,'','2021-06-23 14:36:45','N','Y',null,1);
            go
            insert into pub_query_property(pk_query_property,areaid,classid,code,containlower,creationtime,creator,datatype,dataval,defaultvalue,define1,define2,define3,define4,define5,disabled,dr,isbeyondorg,ischeck,isdefined,isfixedcondition,ismultiselectedenabled,isnotmeta,isquerycondition,isuse,itemtype,label,maxlength,metadataproperty,metapath,opersign,opersignname,position,proid,querytablename,refcode,refname,required,resid,returntype,showtype,tablecode,ts,usefunc,visible,visibleposition,width)
            values('0001ZZZZ0113f4840221','0001ZZZZ665b7486cc1e','005173a2-bb00-4ee5-88e5-8b32e0ef254d','pk_org_v',null,null,'~',204,'','','','','','','','N',0,'N','N','N','N','N','N','Y','Y','refer','组织版本',20,'uap.org_v.name','pk_org_v','=@','等于@',5,'3490a553-abf6-430c-adea-d8631b7dca14','','uapbd/refer/orgv/BusinessUnitVersionDefaultAllTreeRef/index','业务单元版本(所有)','N','','refpk',1,'','2021-06-23 14:36:45','N','N',null,1);
            go
            insert into pub_query_property(pk_query_property,areaid,classid,code,containlower,creationtime,creator,datatype,dataval,defaultvalue,define1,define2,define3,define4,define5,disabled,dr,isbeyondorg,ischeck,isdefined,isfixedcondition,ismultiselectedenabled,isnotmeta,isquerycondition,isuse,itemtype,label,maxlength,metadataproperty,metapath,opersign,opersignname,position,proid,querytablename,refcode,refname,required,resid,returntype,showtype,tablecode,ts,usefunc,visible,visibleposition,width)
            values('0001ZZZZ2b72bfbd67ed','0001ZZZZ665b7486cc1e','005173a2-bb00-4ee5-88e5-8b32e0ef254d','address',null,null,'~',1,'','','','','','','','N',0,'N','N','N','N','N','N','Y','Y','input','详细地址',50,NULL,'address','=@','等于@',70,'4735e862-e82d-404c-8ee0-ed2f0aea0b36','','/common-ref/','-99','N','','refpk',1,'','2021-06-23 14:36:45','N','Y',null,1);
            go
            insert into pub_query_property(pk_query_property,areaid,classid,code,containlower,creationtime,creator,datatype,dataval,defaultvalue,define1,define2,define3,define4,define5,disabled,dr,isbeyondorg,ischeck,isdefined,isfixedcondition,ismultiselectedenabled,isnotmeta,isquerycondition,isuse,itemtype,label,maxlength,metadataproperty,metapath,opersign,opersignname,position,proid,querytablename,refcode,refname,required,resid,returntype,showtype,tablecode,ts,usefunc,visible,visibleposition,width)
            values('0001ZZZZ8f87962c8eda','0001ZZZZ665b7486cc1e','005173a2-bb00-4ee5-88e5-8b32e0ef254d','pk_group',null,null,'~',204,'','','','','','','','N',0,'N','N','N','N','N','N','Y','Y','refer','集团',20,'uap.group.name','pk_group','=@','等于@',3,'be7929b6-0364-44f5-b264-194436142015','','uap/refer/riart/groupTreeRef/index','集团','N','','refpk',1,'','2021-06-23 14:36:45','N','Y',null,1);
            go


        insert into pub_form_property(pk_form_property,areaid,classid,code,colnum,color,creationtime,creator,datatype,dataval,defaultvalue,defaultvar,define1,define2,define3,disabled,dr,editformula,hyperlinkflag,iscode,isdefined,ismultiselectedenabled,isnextrow,isrevise,istotal,itemtype,label,maxlength,metadataproperty,metaid,metapath,modifiedtime,modifier,position,proid,refcode,refname,relatemeta,required,resid,showformula,textrows,ts,validateformula,visible,width)
        values('0001ZZZZ9596140d4000','0001ZZZZff7b7c689f8c','005173a2-bb00-4ee5-88e5-8b32e0ef254d','pk_busitype',null,'#111111',null,'~',204, '', null,null,null,null,null,'N',0,null,'N','N','N',null,'N','N','N','refer','业务类型',28,'uap.BusitypeVO.businame','7717f1a3-b777-454e-abb5-ef8705a0f0c2','pk_busitype',null,'~',9,'af2d0ff4-9a46-4646-9b1f-08b6301e5089','uap/refer/riart/busitype/index','业务流程',null,'N',null,null,null,'2021-06-23 14:36:45',null,'Y',null);
        go

        insert into pub_form_property(pk_form_property,areaid,classid,code,colnum,color,creationtime,creator,datatype,dataval,defaultvalue,defaultvar,define1,define2,define3,disabled,dr,editformula,hyperlinkflag,iscode,isdefined,ismultiselectedenabled,isnextrow,isrevise,istotal,itemtype,label,maxlength,metadataproperty,metaid,metapath,modifiedtime,modifier,position,proid,refcode,refname,relatemeta,required,resid,showformula,textrows,ts,validateformula,visible,width)
        values('0001ZZZZ9596140d4001','0001ZZZZff7b7c689f8c','005173a2-bb00-4ee5-88e5-8b32e0ef254d','pk_transtype',null,'#111111',null,'~',204, '', null,null,null,null,null,'N',0,null,'N','N','N',null,'N','N','N','refer','交易类型',28,'uap.BilltypeVO.billtypename','b0fa41cd-a649-4309-b685-d341a5d1b0ed','pk_transtype',null,'~',13,'6d476a0f-2dc0-4e6b-a0fd-fd818769096b','uap/refer/riart/transtype/index','影响因素交 易类型',null,'N',null,null,null,'2021-06-23 14:36:45',null,'Y',null);
        go

        insert into pub_form_property(pk_form_property,areaid,classid,code,colnum,color,creationtime,creator,datatype,dataval,defaultvalue,defaultvar,define1,define2,define3,disabled,dr,editformula,hyperlinkflag,iscode,isdefined,ismultiselectedenabled,isnextrow,isrevise,istotal,itemtype,label,maxlength,metadataproperty,metaid,metapath,modifiedtime,modifier,position,proid,refcode,refname,relatemeta,required,resid,showformula,textrows,ts,validateformula,visible,width)
        values('0001ZZZZ9596140d4002','0001ZZZZff7b7c689f8c','005173a2-bb00-4ee5-88e5-8b32e0ef254d','transtypecode',null,'#111111',null,'~',1, null, null,null,null,null,null,'N',0,null,'N','N','N',null,'N','N','N','input','交易类型编码',28,NULL,'','transtypecode',null,'~',12,'f8a95f90-4b00-4f7c-b0ef-90a5cdc3ed6e','/common-ref/','-99',null,'N',null,null,null,'2021-06-23 14:36:45',null,'Y',null);
        go

        insert into pub_form_property(pk_form_property,areaid,classid,code,colnum,color,creationtime,creator,datatype,dataval,defaultvalue,defaultvar,define1,define2,define3,disabled,dr,editformula,hyperlinkflag,iscode,isdefined,ismultiselectedenabled,isnextrow,isrevise,istotal,itemtype,label,maxlength,metadataproperty,metaid,metapath,modifiedtime,modifier,position,proid,refcode,refname,relatemeta,required,resid,showformula,textrows,ts,validateformula,visible,width)
        values('0001ZZZZ9596140d4003','0001ZZZZff7b7c689f8c','005173a2-bb00-4ee5-88e5-8b32e0ef254d','modifier',null,'#111111',null,'~',204, '', null,null,null,null,null,'N',0,null,'N','N','N',null,'N','N','N','refer','修改人',28,NULL,'f6f9a473-56c0-432f-8bc7-fbf8fde54fee','modifier',null,'~',18,'1562f4d0-4eb8-42a9-8838-60e92964df8f','uap/refer/riart/userDefaultRefer/index','用户',null,'N',null,null,null,'2021-06-23 14:36:45',null,'Y',null);
        go

        insert into pub_form_property(pk_form_property,areaid,classid,code,colnum,color,creationtime,creator,datatype,dataval,defaultvalue,defaultvar,define1,define2,define3,disabled,dr,editformula,hyperlinkflag,iscode,isdefined,ismultiselectedenabled,isnextrow,isrevise,istotal,itemtype,label,maxlength,metadataproperty,metaid,metapath,modifiedtime,modifier,position,proid,refcode,refname,relatemeta,required,resid,showformula,textrows,ts,validateformula,visible,width)
        values('0001ZZZZ9596140d4004','0001ZZZZff7b7c689f8c','005173a2-bb00-4ee5-88e5-8b32e0ef254d','modifiedtime',null,'#111111',null,'~',34, null, null,null,null,null,null,'N',0,null,'N','N','N',null,'N','N','N','datetimepicker','修改时间',28,NULL,'','modifiedtime',null,'~',19,'ef0d261f-11b2-419e-9ade-b6cc6c9650df','/common-ref/','-99',null,'N',null,null,null,'2021-06-23 14:36:45',null,'Y',null);
        go

        insert into pub_form_property(pk_form_property,areaid,classid,code,colnum,color,creationtime,creator,datatype,dataval,defaultvalue,defaultvar,define1,define2,define3,disabled,dr,editformula,hyperlinkflag,iscode,isdefined,ismultiselectedenabled,isnextrow,isrevise,istotal,itemtype,label,maxlength,metadataproperty,metaid,metapath,modifiedtime,modifier,position,proid,refcode,refname,relatemeta,required,resid,showformula,textrows,ts,validateformula,visible,width)
        values('0001ZZZZ9596140d4005','0001ZZZZff7b7c689f8c','005173a2-bb00-4ee5-88e5-8b32e0ef254d','creator',null,'#111111',null,'~',204, '', null,null,null,null,null,'N',0,null,'N','N','N',null,'N','N','N','refer','创建人',28,NULL,'f6f9a473-56c0-432f-8bc7-fbf8fde54fee','creator',null,'~',16,'a7c20a04-407d-4e9a-a625-c800c1abf491','uap/refer/riart/userDefaultRefer/index','用户',null,'N',null,null,null,'2021-06-23 14:36:45',null,'Y',null);
        go

        insert into pub_form_property(pk_form_property,areaid,classid,code,colnum,color,creationtime,creator,datatype,dataval,defaultvalue,defaultvar,define1,define2,define3,disabled,dr,editformula,hyperlinkflag,iscode,isdefined,ismultiselectedenabled,isnextrow,isrevise,istotal,itemtype,label,maxlength,metadataproperty,metaid,metapath,modifiedtime,modifier,position,proid,refcode,refname,relatemeta,required,resid,showformula,textrows,ts,validateformula,visible,width)
        values('0001ZZZZ9596140d4006','0001ZZZZff7b7c689f8c','005173a2-bb00-4ee5-88e5-8b32e0ef254d','creationtime',null,'#111111',null,'~',34, null, null,null,null,null,null,'N',0,null,'N','N','N',null,'N','N','N','datetimepicker','创建时间',28,NULL,'','creationtime',null,'~',17,'05b682b4-faa6-485c-8963-189446b118c4','/common-ref/','-99',null,'N',null,null,null,'2021-06-23 14:36:45',null,'Y',null);
        go

        insert into pub_form_property(pk_form_property,areaid,classid,code,colnum,color,creationtime,creator,datatype,dataval,defaultvalue,defaultvar,define1,define2,define3,disabled,dr,editformula,hyperlinkflag,iscode,isdefined,ismultiselectedenabled,isnextrow,isrevise,istotal,itemtype,label,maxlength,metadataproperty,metaid,metapath,modifiedtime,modifier,position,proid,refcode,refname,relatemeta,required,resid,showformula,textrows,ts,validateformula,visible,width)
        values('0001ZZZZ9596140d4007','0001ZZZZff7b7c689f8c','005173a2-bb00-4ee5-88e5-8b32e0ef254d','billmaker',null,'#111111',null,'~',204, '', null,null,null,null,null,'N',0,null,'N','N','N',null,'N','N','N','refer','制单人',28,NULL,'f6f9a473-56c0-432f-8bc7-fbf8fde54fee','billmaker',null,'~',14,'dfbae509-80ba-4726-a097-07dddb868a8a','uap/refer/riart/userDefaultRefer/index','用户',null,'N',null,null,null,'2021-06-23 14:36:45',null,'Y',null);
        go

        insert into pub_form_property(pk_form_property,areaid,classid,code,colnum,color,creationtime,creator,datatype,dataval,defaultvalue,defaultvar,define1,define2,define3,disabled,dr,editformula,hyperlinkflag,iscode,isdefined,ismultiselectedenabled,isnextrow,isrevise,istotal,itemtype,label,maxlength,metadataproperty,metaid,metapath,modifiedtime,modifier,position,proid,refcode,refname,relatemeta,required,resid,showformula,textrows,ts,validateformula,visible,width)
        values('0001ZZZZ9596140d4008','0001ZZZZff7b7c689f8c','005173a2-bb00-4ee5-88e5-8b32e0ef254d','maketime',null,'#111111',null,'~',33, null, null,null,null,null,null,'N',0,null,'N','N','N',null,'N','N','N','datepicker','制单时间',28,NULL,'','maketime',null,'~',15,'efcde589-3d2e-4cde-b81f-94723d3f9576','/common-ref/','-99',null,'N',null,null,null,'2021-06-23 14:36:45',null,'Y',null);
        go

        insert into pub_form_property(pk_form_property,areaid,classid,code,colnum,color,creationtime,creator,datatype,dataval,defaultvalue,defaultvar,define1,define2,define3,disabled,dr,editformula,hyperlinkflag,iscode,isdefined,ismultiselectedenabled,isnextrow,isrevise,istotal,itemtype,label,maxlength,metadataproperty,metaid,metapath,modifiedtime,modifier,position,proid,refcode,refname,relatemeta,required,resid,showformula,textrows,ts,validateformula,visible,width)
        values('0001ZZZZ9596140d4009','0001ZZZZff7b7c689f8c','005173a2-bb00-4ee5-88e5-8b32e0ef254d','bill_no',null,'#111111',null,'~',1, null, null,null,null,null,null,'Y',0,null,'N','N','N',null,'N','N','N','input','单据号',28,NULL,'','bill_no',null,'~',8,'745522d0-d7ef-4496-b602-07d409135979','/common-ref/','-99',null,'N',null,null,null,'2021-06-23 14:36:45',null,'Y',null);
        go

        insert into pub_form_property(pk_form_property,areaid,classid,code,colnum,color,creationtime,creator,datatype,dataval,defaultvalue,defaultvar,define1,define2,define3,disabled,dr,editformula,hyperlinkflag,iscode,isdefined,ismultiselectedenabled,isnextrow,isrevise,istotal,itemtype,label,maxlength,metadataproperty,metaid,metapath,modifiedtime,modifier,position,proid,refcode,refname,relatemeta,required,resid,showformula,textrows,ts,validateformula,visible,width)
        values('0001ZZZZ9596140d4010','0001ZZZZff7b7c689f8c','005173a2-bb00-4ee5-88e5-8b32e0ef254d','dbilldate',null,'#111111',null,'~',33, null, null,null,null,null,null,'N',0,null,'N','N','N',null,'N','N','N','datepicker','单据日期',28,NULL,'','dbilldate',null,'~',6,'9b50550a-da0e-4897-961b-0344581aff6c','/common-ref/','-99',null,'N',null,null,null,'2021-06-23 14:36:45',null,'Y',null);
        go

        insert into pub_form_property(pk_form_property,areaid,classid,code,colnum,color,creationtime,creator,datatype,dataval,defaultvalue,defaultvar,define1,define2,define3,disabled,dr,editformula,hyperlinkflag,iscode,isdefined,ismultiselectedenabled,isnextrow,isrevise,istotal,itemtype,label,maxlength,metadataproperty,metaid,metapath,modifiedtime,modifier,position,proid,refcode,refname,relatemeta,required,resid,showformula,textrows,ts,validateformula,visible,width)
        values('0001ZZZZ9596140d4011','0001ZZZZff7b7c689f8c','005173a2-bb00-4ee5-88e5-8b32e0ef254d','billstatus',null,'#111111',null,'~',203, '自由=-1,审批未通过=0,审批通过=1,审批进行中=2,提交=3','-1',null,null,null,null,'N',0,null,'N','N','N',null,'N','N','N','select','单据状态',28,NULL,'','billstatus',null,'~',7,'f95212d6-6b5d-4883-95a7-018605bbfd4d','/common-ref/','-99',null,'N',null,null,null,'2021-06-23 14:36:45',null,'Y',null);
        go

        insert into pub_form_property(pk_form_property,areaid,classid,code,colnum,color,creationtime,creator,datatype,dataval,defaultvalue,defaultvar,define1,define2,define3,disabled,dr,editformula,hyperlinkflag,iscode,isdefined,ismultiselectedenabled,isnextrow,isrevise,istotal,itemtype,label,maxlength,metadataproperty,metaid,metapath,modifiedtime,modifier,position,proid,refcode,refname,relatemeta,required,resid,showformula,textrows,ts,validateformula,visible,width)
        values('0001ZZZZ9596140d4012','0001ZZZZff7b7c689f8c','005173a2-bb00-4ee5-88e5-8b32e0ef254d','pk_billtypeid',null,'#111111',null,'~',204, '', null,null,null,null,null,'N',0,null,'N','N','N',null,'N','N','N','refer','单据类型',28,'uap.BilltypeVO.billtypename','b0fa41cd-a649-4309-b685-d341a5d1b0ed','pk_billtypeid',null,'~',10,'768bb088-8ef8-4545-88d5-ef8d175913f2','uap/refer/riart/billtype/index','影响因素单据类型',null,'N',null,null,null,'2021-06-23 14:36:45',null,'Y',null);
        go

        insert into pub_form_property(pk_form_property,areaid,classid,code,colnum,color,creationtime,creator,datatype,dataval,defaultvalue,defaultvar,define1,define2,define3,disabled,dr,editformula,hyperlinkflag,iscode,isdefined,ismultiselectedenabled,isnextrow,isrevise,istotal,itemtype,label,maxlength,metadataproperty,metaid,metapath,modifiedtime,modifier,position,proid,refcode,refname,relatemeta,required,resid,showformula,textrows,ts,validateformula,visible,width)
        values('0001ZZZZ9596140d4013','0001ZZZZff7b7c689f8c','005173a2-bb00-4ee5-88e5-8b32e0ef254d','billtype',null,'#111111',null,'~',1, null, null,null,null,null,null,'N',0,null,'N','N','N',null,'N','N','N','input','单据类型编码',28,NULL,'','billtype',null,'~',11,'67467793-ef1b-4444-bfdb-e9cb79f526da','/common-ref/','-99',null,'N',null,null,null,'2021-06-23 14:36:45',null,'Y',null);
        go

        insert into pub_form_property(pk_form_property,areaid,classid,code,colnum,color,creationtime,creator,datatype,dataval,defaultvalue,defaultvar,define1,define2,define3,disabled,dr,editformula,hyperlinkflag,iscode,isdefined,ismultiselectedenabled,isnextrow,isrevise,istotal,itemtype,label,maxlength,metadataproperty,metaid,metapath,modifiedtime,modifier,position,proid,refcode,refname,relatemeta,required,resid,showformula,textrows,ts,validateformula,visible,width)
        values('0001ZZZZ9596140d4014','0001ZZZZff7b7c689f8c','005173a2-bb00-4ee5-88e5-8b32e0ef254d','vnote',null,'#111111',null,'~',1, null, null,null,null,null,null,'N',0,null,'N','N','N',null,'N','N','N','input','备注',28,NULL,'','vnote',null,'~',24,'7fef25d3-41eb-47c2-9c2c-c1ab7ae744d9','/common-ref/','-99',null,'N',null,null,null,'2021-06-23 14:36:45',null,'Y',null);
        go

        insert into pub_form_property(pk_form_property,areaid,classid,code,colnum,color,creationtime,creator,datatype,dataval,defaultvalue,defaultvar,define1,define2,define3,disabled,dr,editformula,hyperlinkflag,iscode,isdefined,ismultiselectedenabled,isnextrow,isrevise,istotal,itemtype,label,maxlength,metadataproperty,metaid,metapath,modifiedtime,modifier,position,proid,refcode,refname,relatemeta,required,resid,showformula,textrows,ts,validateformula,visible,width)
        values('0001ZZZZ9596140d4015','0001ZZZZff7b7c689f8c','005173a2-bb00-4ee5-88e5-8b32e0ef254d','school',null,'#111111',null,'~',1, null, null,null,null,null,null,'N',0,null,'N','N','N',null,'N','N','N','input','学校名称',28,NULL,'','school',null,'~',68,'f15e8386-9bb9-4f07-8b8a-f09a9566c7e5','/common-ref/','-99',null,'N',null,null,null,'2021-06-23 14:36:45',null,'Y',null);
        go

        insert into pub_form_property(pk_form_property,areaid,classid,code,colnum,color,creationtime,creator,datatype,dataval,defaultvalue,defaultvar,define1,define2,define3,disabled,dr,editformula,hyperlinkflag,iscode,isdefined,ismultiselectedenabled,isnextrow,isrevise,istotal,itemtype,label,maxlength,metadataproperty,metaid,metapath,modifiedtime,modifier,position,proid,refcode,refname,relatemeta,required,resid,showformula,textrows,ts,validateformula,visible,width)
        values('0001ZZZZ9596140d4016','0001ZZZZff7b7c689f8c','005173a2-bb00-4ee5-88e5-8b32e0ef254d','pk_schoolf',null,'#111111',null,'~',1, null, null,null,null,null,null,'N',0,null,'N','N','N',null,'N','N','N','input','学校申请单主键',28,NULL,'','pk_schoolf',null,'~',1,'83e91d30-2453-4bd1-8d93-02bb7e9e9372','/common-ref/','-99',null,'Y',null,null,null,'2021-06-23 14:36:45',null,'N',null);
        go

        insert into pub_form_property(pk_form_property,areaid,classid,code,colnum,color,creationtime,creator,datatype,dataval,defaultvalue,defaultvar,define1,define2,define3,disabled,dr,editformula,hyperlinkflag,iscode,isdefined,ismultiselectedenabled,isnextrow,isrevise,istotal,itemtype,label,maxlength,metadataproperty,metaid,metapath,modifiedtime,modifier,position,proid,refcode,refname,relatemeta,required,resid,showformula,textrows,ts,validateformula,visible,width)
        values('0001ZZZZ9596140d4017','0001ZZZZff7b7c689f8c','005173a2-bb00-4ee5-88e5-8b32e0ef254d','approver',null,'#111111',null,'~',204, '', null,null,null,null,null,'N',0,null,'N','N','N',null,'N','N','N','refer','审批人',28,NULL,'f6f9a473-56c0-432f-8bc7-fbf8fde54fee','approver',null,'~',20,'d94a8645-88ef-438f-a798-79f196a1641f','uap/refer/riart/userDefaultRefer/index','用户',null,'N',null,null,null,'2021-06-23 14:36:45',null,'Y',null);
        go

        insert into pub_form_property(pk_form_property,areaid,classid,code,colnum,color,creationtime,creator,datatype,dataval,defaultvalue,defaultvar,define1,define2,define3,disabled,dr,editformula,hyperlinkflag,iscode,isdefined,ismultiselectedenabled,isnextrow,isrevise,istotal,itemtype,label,maxlength,metadataproperty,metaid,metapath,modifiedtime,modifier,position,proid,refcode,refname,relatemeta,required,resid,showformula,textrows,ts,validateformula,visible,width)
        values('0001ZZZZ9596140d4018','0001ZZZZff7b7c689f8c','005173a2-bb00-4ee5-88e5-8b32e0ef254d','approvenote',null,'#111111',null,'~',1, null, null,null,null,null,null,'N',0,null,'N','N','N',null,'N','N','N','input','审批批语',28,NULL,'','approvenote',null,'~',22,'a913bad9-3603-4474-ae45-6fef8528e8ef','/common-ref/','-99',null,'N',null,null,null,'2021-06-23 14:36:45',null,'Y',null);
        go

        insert into pub_form_property(pk_form_property,areaid,classid,code,colnum,color,creationtime,creator,datatype,dataval,defaultvalue,defaultvar,define1,define2,define3,disabled,dr,editformula,hyperlinkflag,iscode,isdefined,ismultiselectedenabled,isnextrow,isrevise,istotal,itemtype,label,maxlength,metadataproperty,metaid,metapath,modifiedtime,modifier,position,proid,refcode,refname,relatemeta,required,resid,showformula,textrows,ts,validateformula,visible,width)
        values('0001ZZZZ9596140d4019','0001ZZZZff7b7c689f8c','005173a2-bb00-4ee5-88e5-8b32e0ef254d','approvedate',null,'#111111',null,'~',34, null, null,null,null,null,null,'N',0,null,'N','N','N',null,'N','N','N','datetimepicker','审批时间',28,NULL,'','approvedate',null,'~',23,'49ba691c-23bb-4ce7-9213-95cd0dbcdb5b','/common-ref/','-99',null,'N',null,null,null,'2021-06-23 14:36:45',null,'Y',null);
        go

        insert into pub_form_property(pk_form_property,areaid,classid,code,colnum,color,creationtime,creator,datatype,dataval,defaultvalue,defaultvar,define1,define2,define3,disabled,dr,editformula,hyperlinkflag,iscode,isdefined,ismultiselectedenabled,isnextrow,isrevise,istotal,itemtype,label,maxlength,metadataproperty,metaid,metapath,modifiedtime,modifier,position,proid,refcode,refname,relatemeta,required,resid,showformula,textrows,ts,validateformula,visible,width)
        values('0001ZZZZ9596140d4020','0001ZZZZff7b7c689f8c','005173a2-bb00-4ee5-88e5-8b32e0ef254d','approvestatus',null,'#111111',null,'~',203, '自由=-1,审批未通过=0,审批通过=1,审批进行中=2,提交=3', null,null,null,null,null,'N',0,null,'N','N','N',null,'N','N','N','select','审批状态',28,NULL,'','approvestatus',null,'~',21,'2d0407e7-4bdf-46c2-b6e8-6803c873a6be','/common-ref/','-99',null,'N',null,null,null,'2021-06-23 14:36:45',null,'Y',null);
        go

        insert into pub_form_property(pk_form_property,areaid,classid,code,colnum,color,creationtime,creator,datatype,dataval,defaultvalue,defaultvar,define1,define2,define3,disabled,dr,editformula,hyperlinkflag,iscode,isdefined,ismultiselectedenabled,isnextrow,isrevise,istotal,itemtype,label,maxlength,metadataproperty,metaid,metapath,modifiedtime,modifier,position,proid,refcode,refname,relatemeta,required,resid,showformula,textrows,ts,validateformula,visible,width)
        values('0001ZZZZ9596140d4021','0001ZZZZff7b7c689f8c','005173a2-bb00-4ee5-88e5-8b32e0ef254d','region',null,'#111111',null,'~',1, null, null,null,null,null,null,'N',0,null,'N','N','N',null,'N','N','N','input','所属大区',28,NULL,'','region',null,'~',69,'91eb9020-0f47-493c-8e75-009503425e75','/common-ref/','-99',null,'N',null,null,null,'2021-06-23 14:36:45',null,'Y',null);
        go

        insert into pub_form_property(pk_form_property,areaid,classid,code,colnum,color,creationtime,creator,datatype,dataval,defaultvalue,defaultvar,define1,define2,define3,disabled,dr,editformula,hyperlinkflag,iscode,isdefined,ismultiselectedenabled,isnextrow,isrevise,istotal,itemtype,label,maxlength,metadataproperty,metaid,metapath,modifiedtime,modifier,position,proid,refcode,refname,relatemeta,required,resid,showformula,textrows,ts,validateformula,visible,width)
        values('0001ZZZZ9596140d4035','0001ZZZZff7b7c689f8c','005173a2-bb00-4ee5-88e5-8b32e0ef254d','proposer',null,'#111111',null,'~',204, '', null,null,null,null,null,'N',0,null,'N','N','N',null,'N','N','N','refer','申请人',28,NULL,'40d39c26-a2b6-4f16-a018-45664cac1a1f','proposer',null,'~',71,'203dcee2-427f-482e-b930-407458438d10','uapbd/refer/psninfo/PsndocRiartTreeGridRef/index','人员',null,'N',null,null,null,'2021-06-23 14:36:45',null,'Y',null);
        go

        insert into pub_form_property(pk_form_property,areaid,classid,code,colnum,color,creationtime,creator,datatype,dataval,defaultvalue,defaultvar,define1,define2,define3,disabled,dr,editformula,hyperlinkflag,iscode,isdefined,ismultiselectedenabled,isnextrow,isrevise,istotal,itemtype,label,maxlength,metadataproperty,metaid,metapath,modifiedtime,modifier,position,proid,refcode,refname,relatemeta,required,resid,showformula,textrows,ts,validateformula,visible,width)
        values('0001ZZZZ9596140d4037','0001ZZZZff7b7c689f8c','005173a2-bb00-4ee5-88e5-8b32e0ef254d','pk_org',null,'#111111',null,'~',204, '', null,null,null,null,null,'N',0,null,'N','N','N',null,'N','N','N','refer','组织',28,'uap.org.name','985be8a4-3a36-4778-8afe-2d8ed3902659','pk_org',null,'~',4,'cc999678-881a-4dd0-b50f-a9c9ed01d012','uapbd/refer/org/BusinessUnitAndDeptTreeRef/index','业务单元及部门',null,'N',null,null,null,'2021-06-23 14:36:45',null,'Y',null);
        go

        insert into pub_form_property(pk_form_property,areaid,classid,code,colnum,color,creationtime,creator,datatype,dataval,defaultvalue,defaultvar,define1,define2,define3,disabled,dr,editformula,hyperlinkflag,iscode,isdefined,ismultiselectedenabled,isnextrow,isrevise,istotal,itemtype,label,maxlength,metadataproperty,metaid,metapath,modifiedtime,modifier,position,proid,refcode,refname,relatemeta,required,resid,showformula,textrows,ts,validateformula,visible,width)
        values('0001ZZZZ9596140d4038','0001ZZZZff7b7c689f8c','005173a2-bb00-4ee5-88e5-8b32e0ef254d','pk_org_v',null,'#111111',null,'~',204, '', null,null,null,null,null,'N',0,null,'N','N','N',null,'N','N','N','refer','组织版本',28,'uap.org_v.name','da7bba89-9a59-42d6-a262-c13ef459dbd9','pk_org_v',null,'~',5,'6bafb413-b75d-412e-abec-66de7c60b1db','uapbd/refer/orgv/BusinessUnitVersionDefaultAllTreeRef/index','业务单元版本(所有)',null,'N',null,null,null,'2021-06-23 14:36:45',null,'N',null);
        go

        insert into pub_form_property(pk_form_property,areaid,classid,code,colnum,color,creationtime,creator,datatype,dataval,defaultvalue,defaultvar,define1,define2,define3,disabled,dr,editformula,hyperlinkflag,iscode,isdefined,ismultiselectedenabled,isnextrow,isrevise,istotal,itemtype,label,maxlength,metadataproperty,metaid,metapath,modifiedtime,modifier,position,proid,refcode,refname,relatemeta,required,resid,showformula,textrows,ts,validateformula,visible,width)
        values('0001ZZZZ9596140d4069','0001ZZZZff7b7c689f8c','005173a2-bb00-4ee5-88e5-8b32e0ef254d','address',null,'#111111',null,'~',1, null, null,null,null,null,null,'N',0,null,'N','N','N',null,'N','N','N','input','详细地址',28,NULL,'','address',null,'~',70,'cdc04c9c-fad6-44e5-a6ed-1a26e4825a03','/common-ref/','-99',null,'N',null,null,null,'2021-06-23 14:36:45',null,'Y',null);
        go

        insert into pub_form_property(pk_form_property,areaid,classid,code,colnum,color,creationtime,creator,datatype,dataval,defaultvalue,defaultvar,define1,define2,define3,disabled,dr,editformula,hyperlinkflag,iscode,isdefined,ismultiselectedenabled,isnextrow,isrevise,istotal,itemtype,label,maxlength,metadataproperty,metaid,metapath,modifiedtime,modifier,position,proid,refcode,refname,relatemeta,required,resid,showformula,textrows,ts,validateformula,visible,width)
        values('0001ZZZZ9596140d4070','0001ZZZZff7b7c689f8c','005173a2-bb00-4ee5-88e5-8b32e0ef254d','pk_group',null,'#111111',null,'~',204, '', null,null,null,null,null,'N',0,null,'N','N','N',null,'N','N','N','refer','集团',28,'uap.group.name','3b6dd171-2900-47f3-bfbe-41e4483a2a65','pk_group',null,'~',3,'365f6ee0-a84b-44e7-b6ef-46438f473d6d','uap/refer/riart/groupTreeRef/index','集团',null,'N',null,null,null,'2021-06-23 14:36:45',null,'Y',null);
        go








            insert into pub_form_property(pk_form_property,areaid,classid,code,colnum,color,creationtime,creator,datatype,dataval,defaultvalue,defaultvar,define1,define2,define3,disabled,dr,editformula,hyperlinkflag,iscode,isdefined,ismultiselectedenabled,isnextrow,isrevise,istotal,itemtype,label,maxlength,metadataproperty,metaid,metapath,modifiedtime,modifier,position,proid,refcode,refname,relatemeta,required,resid,showformula,textrows,ts,validateformula,visible,width)
            values('0001ZZZZ500b61819000','0001ZZZZ54c2495dc236','005173a2-bb00-4ee5-88e5-8b32e0ef254d','pk_busitype','1','#111111',null,'~',204,'' , null,null,null,null,null,'N',0,null,'N','N','N',null,'N','N','N','refer','业务类型',28,'uap.BusitypeVO.businame','','pk_busitype',null,'~',9,'78dbbacf-c801-40c3-99de-09175f687bed','uap/refer/riart/busitype/index','业务流程',null,'N',null,null,null,'2021-06-23 14:36:45',null,'Y',null);
            go
            insert into pub_form_property(pk_form_property,areaid,classid,code,colnum,color,creationtime,creator,datatype,dataval,defaultvalue,defaultvar,define1,define2,define3,disabled,dr,editformula,hyperlinkflag,iscode,isdefined,ismultiselectedenabled,isnextrow,isrevise,istotal,itemtype,label,maxlength,metadataproperty,metaid,metapath,modifiedtime,modifier,position,proid,refcode,refname,relatemeta,required,resid,showformula,textrows,ts,validateformula,visible,width)
            values('0001ZZZZ500b61819001','0001ZZZZ54c2495dc236','005173a2-bb00-4ee5-88e5-8b32e0ef254d','pk_transtype','1','#111111',null,'~',204,'' , null,null,null,null,null,'N',0,null,'N','N','N',null,'N','N','N','refer','交易类型',28,'uap.BilltypeVO.billtypename','','pk_transtype',null,'~',13,'aeb67bc0-6d64-4072-b61a-8e7e66cc71f5','uap/refer/riart/transtype/index','影响因素交 易类型',null,'N',null,null,null,'2021-06-23 14:36:45',null,'Y',null);
            go
            insert into pub_form_property(pk_form_property,areaid,classid,code,colnum,color,creationtime,creator,datatype,dataval,defaultvalue,defaultvar,define1,define2,define3,disabled,dr,editformula,hyperlinkflag,iscode,isdefined,ismultiselectedenabled,isnextrow,isrevise,istotal,itemtype,label,maxlength,metadataproperty,metaid,metapath,modifiedtime,modifier,position,proid,refcode,refname,relatemeta,required,resid,showformula,textrows,ts,validateformula,visible,width)
            values('0001ZZZZ500b61819002','0001ZZZZ54c2495dc236','005173a2-bb00-4ee5-88e5-8b32e0ef254d','transtypecode','1','#111111',null,'~',1,null, null,null,null,null,null,'N',0,null,'N','N','N',null,'N','N','N','input','交易类型编码',28,NULL,'','transtypecode',null,'~',12,'2f68f7b0-a160-4c7e-aacc-f54f6f97953c','/common-ref/','-99',null,'N',null,null,null,'2021-06-23 14:36:45',null,'Y',null);
            go
            insert into pub_form_property(pk_form_property,areaid,classid,code,colnum,color,creationtime,creator,datatype,dataval,defaultvalue,defaultvar,define1,define2,define3,disabled,dr,editformula,hyperlinkflag,iscode,isdefined,ismultiselectedenabled,isnextrow,isrevise,istotal,itemtype,label,maxlength,metadataproperty,metaid,metapath,modifiedtime,modifier,position,proid,refcode,refname,relatemeta,required,resid,showformula,textrows,ts,validateformula,visible,width)
            values('0001ZZZZ27546e5da37d','0001ZZZZcab8b4b1589d','005173a2-bb00-4ee5-88e5-8b32e0ef254d','modifier','1','#111111',null,'~',204,'', null,null,null,null,null,'N',0,null,'N','N','N',null,'N','N','N','refer','修改人',28,NULL,'','modifier',null,'~',18,'cd909438-3902-42f2-a851-4a3bc12e8e51','uap/refer/riart/userDefaultRefer/index','用户',null,'N',null,null,null,'2021-06-23 14:36:45',null,'Y',null);
            go
            insert into pub_form_property(pk_form_property,areaid,classid,code,colnum,color,creationtime,creator,datatype,dataval,defaultvalue,defaultvar,define1,define2,define3,disabled,dr,editformula,hyperlinkflag,iscode,isdefined,ismultiselectedenabled,isnextrow,isrevise,istotal,itemtype,label,maxlength,metadataproperty,metaid,metapath,modifiedtime,modifier,position,proid,refcode,refname,relatemeta,required,resid,showformula,textrows,ts,validateformula,visible,width)
            values('0001ZZZZ601e260cf729','0001ZZZZcab8b4b1589d','005173a2-bb00-4ee5-88e5-8b32e0ef254d','modifiedtime','1','#111111',null,'~',34,null, null,null,null,null,null,'N',0,null,'N','N','N',null,'N','N','N','datetimepicker','修改时间',28,NULL,'','modifiedtime',null,'~',19,'6d9f5c2b-db7d-413b-a6c1-e3ade5c9240c','/common-ref/','-99',null,'N',null,null,null,'2021-06-23 14:36:45',null,'Y',null);
            go
            insert into pub_form_property(pk_form_property,areaid,classid,code,colnum,color,creationtime,creator,datatype,dataval,defaultvalue,defaultvar,define1,define2,define3,disabled,dr,editformula,hyperlinkflag,iscode,isdefined,ismultiselectedenabled,isnextrow,isrevise,istotal,itemtype,label,maxlength,metadataproperty,metaid,metapath,modifiedtime,modifier,position,proid,refcode,refname,relatemeta,required,resid,showformula,textrows,ts,validateformula,visible,width)
            values('0001ZZZZ46e1970d5b01','0001ZZZZcab8b4b1589d','005173a2-bb00-4ee5-88e5-8b32e0ef254d','creator','1','#111111',null,'~',204,'', null,null,null,null,null,'N',0,null,'N','N','N',null,'N','N','N','refer','创建人',28,NULL,'','creator',null,'~',16,'48b08d26-2a82-449c-8e31-2a25a5b4b9a1','uap/refer/riart/userDefaultRefer/index','用户',null,'N',null,null,null,'2021-06-23 14:36:45',null,'Y',null);
            go
            insert into pub_form_property(pk_form_property,areaid,classid,code,colnum,color,creationtime,creator,datatype,dataval,defaultvalue,defaultvar,define1,define2,define3,disabled,dr,editformula,hyperlinkflag,iscode,isdefined,ismultiselectedenabled,isnextrow,isrevise,istotal,itemtype,label,maxlength,metadataproperty,metaid,metapath,modifiedtime,modifier,position,proid,refcode,refname,relatemeta,required,resid,showformula,textrows,ts,validateformula,visible,width)
            values('0001ZZZZb1fd7db09f15','0001ZZZZcab8b4b1589d','005173a2-bb00-4ee5-88e5-8b32e0ef254d','creationtime','1','#111111',null,'~',34,null, null,null,null,null,null,'N',0,null,'N','N','N',null,'N','N','N','datetimepicker','创建时间',28,NULL,'','creationtime',null,'~',17,'ce42cb80-5ad1-42a0-b77d-f10bec502e40','/common-ref/','-99',null,'N',null,null,null,'2021-06-23 14:36:45',null,'Y',null);
            go
            insert into pub_form_property(pk_form_property,areaid,classid,code,colnum,color,creationtime,creator,datatype,dataval,defaultvalue,defaultvar,define1,define2,define3,disabled,dr,editformula,hyperlinkflag,iscode,isdefined,ismultiselectedenabled,isnextrow,isrevise,istotal,itemtype,label,maxlength,metadataproperty,metaid,metapath,modifiedtime,modifier,position,proid,refcode,refname,relatemeta,required,resid,showformula,textrows,ts,validateformula,visible,width)
            values('0001ZZZZ500b61819007','0001ZZZZ54c2495dc236','005173a2-bb00-4ee5-88e5-8b32e0ef254d','billmaker','1','#111111',null,'~',204,'' , null,null,null,null,null,'N',0,null,'N','N','N',null,'N','N','N','refer','制单人',28,NULL,'','billmaker',null,'~',14,'303cdd4a-2754-416d-ad7e-e6bcd64d8cd7','uap/refer/riart/userDefaultRefer/index','用户',null,'N',null,null,null,'2021-06-23 14:36:45',null,'Y',null);
            go
            insert into pub_form_property(pk_form_property,areaid,classid,code,colnum,color,creationtime,creator,datatype,dataval,defaultvalue,defaultvar,define1,define2,define3,disabled,dr,editformula,hyperlinkflag,iscode,isdefined,ismultiselectedenabled,isnextrow,isrevise,istotal,itemtype,label,maxlength,metadataproperty,metaid,metapath,modifiedtime,modifier,position,proid,refcode,refname,relatemeta,required,resid,showformula,textrows,ts,validateformula,visible,width)
            values('0001ZZZZ500b61819008','0001ZZZZ54c2495dc236','005173a2-bb00-4ee5-88e5-8b32e0ef254d','maketime','1','#111111',null,'~',33,null, null,null,null,null,null,'N',0,null,'N','N','N',null,'N','N','N','datepicker','制单时间',28,NULL,'','maketime',null,'~',15,'9735e83c-988c-4302-bc13-cd74d7a040d3','/common-ref/','-99',null,'N',null,null,null,'2021-06-23 14:36:45',null,'Y',null);
            go
            insert into pub_form_property(pk_form_property,areaid,classid,code,colnum,color,creationtime,creator,datatype,dataval,defaultvalue,defaultvar,define1,define2,define3,disabled,dr,editformula,hyperlinkflag,iscode,isdefined,ismultiselectedenabled,isnextrow,isrevise,istotal,itemtype,label,maxlength,metadataproperty,metaid,metapath,modifiedtime,modifier,position,proid,refcode,refname,relatemeta,required,resid,showformula,textrows,ts,validateformula,visible,width)
            values('0001ZZZZ500b61819009','0001ZZZZ54c2495dc236','005173a2-bb00-4ee5-88e5-8b32e0ef254d','bill_no','1','#111111',null,'~',1,null, null,null,null,null,null,'Y',0,null,'N','N','N',null,'N','N','N','input','单据号',28,NULL,'','bill_no',null,'~',8,'e734909f-66f4-4f24-814f-93f950d5128f','/common-ref/','-99',null,'N',null,null,null,'2021-06-23 14:36:45',null,'Y',null);
            go
            insert into pub_form_property(pk_form_property,areaid,classid,code,colnum,color,creationtime,creator,datatype,dataval,defaultvalue,defaultvar,define1,define2,define3,disabled,dr,editformula,hyperlinkflag,iscode,isdefined,ismultiselectedenabled,isnextrow,isrevise,istotal,itemtype,label,maxlength,metadataproperty,metaid,metapath,modifiedtime,modifier,position,proid,refcode,refname,relatemeta,required,resid,showformula,textrows,ts,validateformula,visible,width)
            values('0001ZZZZ500b61819010','0001ZZZZ54c2495dc236','005173a2-bb00-4ee5-88e5-8b32e0ef254d','dbilldate','1','#111111',null,'~',33,null, null,null,null,null,null,'N',0,null,'N','N','N',null,'N','N','N','datepicker','单据日期',28,NULL,'','dbilldate',null,'~',6,'43f233a2-3554-4804-af80-a9b1a9791ca8','/common-ref/','-99',null,'N',null,null,null,'2021-06-23 14:36:45',null,'Y',null);
            go
            insert into pub_form_property(pk_form_property,areaid,classid,code,colnum,color,creationtime,creator,datatype,dataval,defaultvalue,defaultvar,define1,define2,define3,disabled,dr,editformula,hyperlinkflag,iscode,isdefined,ismultiselectedenabled,isnextrow,isrevise,istotal,itemtype,label,maxlength,metadataproperty,metaid,metapath,modifiedtime,modifier,position,proid,refcode,refname,relatemeta,required,resid,showformula,textrows,ts,validateformula,visible,width)
            values('0001ZZZZ500b61819011','0001ZZZZ54c2495dc236','005173a2-bb00-4ee5-88e5-8b32e0ef254d','billstatus','1','#111111',null,'~',203,'自由=-1,审批未通过=0,审批通过=1,审批进行中=2,提交=3','-1',null,null,null,null,'Y',0,null,'N','N','N',null,'N','N','N','select','单据状态',28,NULL,'','billstatus',null,'~',7,'6a10019d-82e0-4c98-8298-00fa9e12cde2','/common-ref/','-99',null,'N',null,null,null,'2021-06-23 14:36:45',null,'Y',null);
            go
            insert into pub_form_property(pk_form_property,areaid,classid,code,colnum,color,creationtime,creator,datatype,dataval,defaultvalue,defaultvar,define1,define2,define3,disabled,dr,editformula,hyperlinkflag,iscode,isdefined,ismultiselectedenabled,isnextrow,isrevise,istotal,itemtype,label,maxlength,metadataproperty,metaid,metapath,modifiedtime,modifier,position,proid,refcode,refname,relatemeta,required,resid,showformula,textrows,ts,validateformula,visible,width)
            values('0001ZZZZ500b61819012','0001ZZZZ54c2495dc236','005173a2-bb00-4ee5-88e5-8b32e0ef254d','pk_billtypeid','1','#111111',null,'~',204,'' , null,null,null,null,null,'N',0,null,'N','N','N',null,'N','N','N','refer','单据类型',28,'uap.BilltypeVO.billtypename','','pk_billtypeid',null,'~',10,'3900c6b3-0c68-4269-8eaa-6d0ec11413a7','uap/refer/riart/billtype/index','影响因素单据类型',null,'N',null,null,null,'2021-06-23 14:36:45',null,'Y',null);
            go
            insert into pub_form_property(pk_form_property,areaid,classid,code,colnum,color,creationtime,creator,datatype,dataval,defaultvalue,defaultvar,define1,define2,define3,disabled,dr,editformula,hyperlinkflag,iscode,isdefined,ismultiselectedenabled,isnextrow,isrevise,istotal,itemtype,label,maxlength,metadataproperty,metaid,metapath,modifiedtime,modifier,position,proid,refcode,refname,relatemeta,required,resid,showformula,textrows,ts,validateformula,visible,width)
            values('0001ZZZZ500b61819013','0001ZZZZ54c2495dc236','005173a2-bb00-4ee5-88e5-8b32e0ef254d','billtype','1','#111111',null,'~',1,null, null,null,null,null,null,'N',0,null,'N','N','N',null,'N','N','N','input','单据类型编码',28,NULL,'','billtype',null,'~',11,'00d38397-0aec-43e6-848a-a2ed1342488d','/common-ref/','-99',null,'N',null,null,null,'2021-06-23 14:36:45',null,'Y',null);
            go
            insert into pub_form_property(pk_form_property,areaid,classid,code,colnum,color,creationtime,creator,datatype,dataval,defaultvalue,defaultvar,define1,define2,define3,disabled,dr,editformula,hyperlinkflag,iscode,isdefined,ismultiselectedenabled,isnextrow,isrevise,istotal,itemtype,label,maxlength,metadataproperty,metaid,metapath,modifiedtime,modifier,position,proid,refcode,refname,relatemeta,required,resid,showformula,textrows,ts,validateformula,visible,width)
            values('0001ZZZZ500b61819014','0001ZZZZ54c2495dc236','005173a2-bb00-4ee5-88e5-8b32e0ef254d','vnote','1','#111111',null,'~',1,null, null,null,null,null,null,'N',0,null,'N','N','N',null,'N','N','N','input','备注',28,NULL,'','vnote',null,'~',24,'94d46271-f7e1-4976-904e-9361017f6f51','/common-ref/','-99',null,'N',null,null,null,'2021-06-23 14:36:45',null,'Y',null);
            go
            insert into pub_form_property(pk_form_property,areaid,classid,code,colnum,color,creationtime,creator,datatype,dataval,defaultvalue,defaultvar,define1,define2,define3,disabled,dr,editformula,hyperlinkflag,iscode,isdefined,ismultiselectedenabled,isnextrow,isrevise,istotal,itemtype,label,maxlength,metadataproperty,metaid,metapath,modifiedtime,modifier,position,proid,refcode,refname,relatemeta,required,resid,showformula,textrows,ts,validateformula,visible,width)
            values('0001ZZZZ500b61819015','0001ZZZZ54c2495dc236','005173a2-bb00-4ee5-88e5-8b32e0ef254d','school','1','#111111',null,'~',1,null, null,null,null,null,null,'N',0,null,'N','N','N',null,'N','N','N','input','学校名称',28,NULL,'','school',null,'~',68,'b17e8a04-8886-4e9e-ae4a-8fb1562a6f38','/common-ref/','-99',null,'N',null,null,null,'2021-06-23 14:36:45',null,'Y',null);
            go
            insert into pub_form_property(pk_form_property,areaid,classid,code,colnum,color,creationtime,creator,datatype,dataval,defaultvalue,defaultvar,define1,define2,define3,disabled,dr,editformula,hyperlinkflag,iscode,isdefined,ismultiselectedenabled,isnextrow,isrevise,istotal,itemtype,label,maxlength,metadataproperty,metaid,metapath,modifiedtime,modifier,position,proid,refcode,refname,relatemeta,required,resid,showformula,textrows,ts,validateformula,visible,width)
            values('0001ZZZZ500b61819016','0001ZZZZ54c2495dc236','005173a2-bb00-4ee5-88e5-8b32e0ef254d','pk_schoolf','1','#111111',null,'~',1,null, null,null,null,null,null,'N',0,null,'N','N','N',null,'N','N','N','input','学校申请单主键',28,NULL,'','pk_schoolf',null,'~',1,'fff436a2-8abe-4c0d-aabe-ca39dc4c4806','/common-ref/','-99',null,'Y',null,null,null,'2021-06-23 14:36:45',null,'N',null);
            go
            insert into pub_form_property(pk_form_property,areaid,classid,code,colnum,color,creationtime,creator,datatype,dataval,defaultvalue,defaultvar,define1,define2,define3,disabled,dr,editformula,hyperlinkflag,iscode,isdefined,ismultiselectedenabled,isnextrow,isrevise,istotal,itemtype,label,maxlength,metadataproperty,metaid,metapath,modifiedtime,modifier,position,proid,refcode,refname,relatemeta,required,resid,showformula,textrows,ts,validateformula,visible,width)
            values('0001ZZZZb317de15e1fe','0001ZZZZcab8b4b1589d','005173a2-bb00-4ee5-88e5-8b32e0ef254d','approver','1','#111111',null,'~',204,'', null,null,null,null,null,'N',0,null,'N','N','N',null,'N','N','N','refer','审批人',28,NULL,'','approver',null,'~',20,'fa27a70d-b206-44cd-8467-5217601e2313','uap/refer/riart/userDefaultRefer/index','用户',null,'N',null,null,null,'2021-06-23 14:36:45',null,'Y',null);
            go
            insert into pub_form_property(pk_form_property,areaid,classid,code,colnum,color,creationtime,creator,datatype,dataval,defaultvalue,defaultvar,define1,define2,define3,disabled,dr,editformula,hyperlinkflag,iscode,isdefined,ismultiselectedenabled,isnextrow,isrevise,istotal,itemtype,label,maxlength,metadataproperty,metaid,metapath,modifiedtime,modifier,position,proid,refcode,refname,relatemeta,required,resid,showformula,textrows,ts,validateformula,visible,width)
            values('0001ZZZZ528518d91d2a','0001ZZZZcab8b4b1589d','005173a2-bb00-4ee5-88e5-8b32e0ef254d','approvenote','1','#111111',null,'~',1,null, null,null,null,null,null,'N',0,null,'N','N','N',null,'N','N','N','input','审批批语',28,NULL,'','approvenote',null,'~',22,'a7806a18-525d-4a5b-a296-3f3a8c2babb7','/common-ref/','-99',null,'N',null,null,null,'2021-06-23 14:36:45',null,'Y',null);
            go
            insert into pub_form_property(pk_form_property,areaid,classid,code,colnum,color,creationtime,creator,datatype,dataval,defaultvalue,defaultvar,define1,define2,define3,disabled,dr,editformula,hyperlinkflag,iscode,isdefined,ismultiselectedenabled,isnextrow,isrevise,istotal,itemtype,label,maxlength,metadataproperty,metaid,metapath,modifiedtime,modifier,position,proid,refcode,refname,relatemeta,required,resid,showformula,textrows,ts,validateformula,visible,width)
            values('0001ZZZZ6ae960672acd','0001ZZZZcab8b4b1589d','005173a2-bb00-4ee5-88e5-8b32e0ef254d','approvedate','1','#111111',null,'~',34,null, null,null,null,null,null,'N',0,null,'N','N','N',null,'N','N','N','datetimepicker','审批时间',28,NULL,'','approvedate',null,'~',23,'822e0bd1-2420-45dd-91e9-502bcb1ae998','/common-ref/','-99',null,'N',null,null,null,'2021-06-23 14:36:45',null,'Y',null);
            go
            insert into pub_form_property(pk_form_property,areaid,classid,code,colnum,color,creationtime,creator,datatype,dataval,defaultvalue,defaultvar,define1,define2,define3,disabled,dr,editformula,hyperlinkflag,iscode,isdefined,ismultiselectedenabled,isnextrow,isrevise,istotal,itemtype,label,maxlength,metadataproperty,metaid,metapath,modifiedtime,modifier,position,proid,refcode,refname,relatemeta,required,resid,showformula,textrows,ts,validateformula,visible,width)
            values('0001ZZZZ500b61819020','0001ZZZZ54c2495dc236','005173a2-bb00-4ee5-88e5-8b32e0ef254d','approvestatus','1','#111111',null,'~',203,'自由=-1,审批未通过=0,审批通过=1,审批进行中=2,提交=3', null,null,null,null,null,'N',0,null,'N','N','N',null,'N','N','N','select','审批状态',28,NULL,'','approvestatus',null,'~',21,'5b3a3f85-1969-45b6-acce-80c5e7d6b6c6','/common-ref/','-99',null,'N',null,null,null,'2021-06-23 14:36:45',null,'Y',null);
            go
            insert into pub_form_property(pk_form_property,areaid,classid,code,colnum,color,creationtime,creator,datatype,dataval,defaultvalue,defaultvar,define1,define2,define3,disabled,dr,editformula,hyperlinkflag,iscode,isdefined,ismultiselectedenabled,isnextrow,isrevise,istotal,itemtype,label,maxlength,metadataproperty,metaid,metapath,modifiedtime,modifier,position,proid,refcode,refname,relatemeta,required,resid,showformula,textrows,ts,validateformula,visible,width)
            values('0001ZZZZ500b61819021','0001ZZZZ54c2495dc236','005173a2-bb00-4ee5-88e5-8b32e0ef254d','region','1','#111111',null,'~',1,null, null,null,null,null,null,'N',0,null,'N','N','N',null,'N','N','N','input','所属大区',28,NULL,'','region',null,'~',69,'77a44244-434f-4073-b353-986eb099747e','/common-ref/','-99',null,'N',null,null,null,'2021-06-23 14:36:45',null,'Y',null);
            go
            insert into pub_form_property(pk_form_property,areaid,classid,code,colnum,color,creationtime,creator,datatype,dataval,defaultvalue,defaultvar,define1,define2,define3,disabled,dr,editformula,hyperlinkflag,iscode,isdefined,ismultiselectedenabled,isnextrow,isrevise,istotal,itemtype,label,maxlength,metadataproperty,metaid,metapath,modifiedtime,modifier,position,proid,refcode,refname,relatemeta,required,resid,showformula,textrows,ts,validateformula,visible,width)
            values('0001ZZZZ500b61819035','0001ZZZZ54c2495dc236','005173a2-bb00-4ee5-88e5-8b32e0ef254d','proposer','1','#111111',null,'~',204,'' , null,null,null,null,null,'N',0,null,'N','N','N',null,'N','N','N','refer','申请人',28,NULL,'','proposer',null,'~',71,'67ad1a52-7e95-442b-a753-856b5c4cc02a','uapbd/refer/psninfo/PsndocRiartTreeGridRef/index','人员',null,'N',null,null,null,'2021-06-23 14:36:45',null,'Y',null);
            go
            insert into pub_form_property(pk_form_property,areaid,classid,code,colnum,color,creationtime,creator,datatype,dataval,defaultvalue,defaultvar,define1,define2,define3,disabled,dr,editformula,hyperlinkflag,iscode,isdefined,ismultiselectedenabled,isnextrow,isrevise,istotal,itemtype,label,maxlength,metadataproperty,metaid,metapath,modifiedtime,modifier,position,proid,refcode,refname,relatemeta,required,resid,showformula,textrows,ts,validateformula,visible,width)
            values('0001ZZZZ500b61819037','0001ZZZZ54c2495dc236','005173a2-bb00-4ee5-88e5-8b32e0ef254d','pk_org','1','#111111',null,'~',204,'' , null,null,null,null,null,'N',0,null,'N','N','N',null,'N','N','N','refer','组织',28,'uap.org.name','','pk_org',null,'~',4,'2936592c-ab32-4b77-ba13-aa79764fe5ec','uapbd/refer/org/BusinessUnitAndDeptTreeRef/index','业务单元及部门',null,'N',null,null,null,'2021-06-23 14:36:45',null,'Y',null);
            go
            insert into pub_form_property(pk_form_property,areaid,classid,code,colnum,color,creationtime,creator,datatype,dataval,defaultvalue,defaultvar,define1,define2,define3,disabled,dr,editformula,hyperlinkflag,iscode,isdefined,ismultiselectedenabled,isnextrow,isrevise,istotal,itemtype,label,maxlength,metadataproperty,metaid,metapath,modifiedtime,modifier,position,proid,refcode,refname,relatemeta,required,resid,showformula,textrows,ts,validateformula,visible,width)
            values('0001ZZZZ500b61819038','0001ZZZZ54c2495dc236','005173a2-bb00-4ee5-88e5-8b32e0ef254d','pk_org_v','1','#111111',null,'~',204,'' , null,null,null,null,null,'N',0,null,'N','N','N',null,'N','N','N','refer','组织版本',28,'uap.org_v.name','','pk_org_v',null,'~',5,'4390fc2c-eca9-4dbb-b5da-8e644bda1a5b','uapbd/refer/orgv/BusinessUnitVersionDefaultAllTreeRef/index','业务单元版本(所有)',null,'N',null,null,null,'2021-06-23 14:36:45',null,'N',null);
            go
            insert into pub_form_property(pk_form_property,areaid,classid,code,colnum,color,creationtime,creator,datatype,dataval,defaultvalue,defaultvar,define1,define2,define3,disabled,dr,editformula,hyperlinkflag,iscode,isdefined,ismultiselectedenabled,isnextrow,isrevise,istotal,itemtype,label,maxlength,metadataproperty,metaid,metapath,modifiedtime,modifier,position,proid,refcode,refname,relatemeta,required,resid,showformula,textrows,ts,validateformula,visible,width)
            values('0001ZZZZ500b61819069','0001ZZZZ54c2495dc236','005173a2-bb00-4ee5-88e5-8b32e0ef254d','address','1','#111111',null,'~',1,null, null,null,null,null,null,'N',0,null,'N','N','N',null,'N','N','N','input','详细地址',28,NULL,'','address',null,'~',70,'f47c1f35-1a1e-4adb-8789-4543577653d7','/common-ref/','-99',null,'N',null,null,null,'2021-06-23 14:36:45',null,'Y',null);
            go
            insert into pub_form_property(pk_form_property,areaid,classid,code,colnum,color,creationtime,creator,datatype,dataval,defaultvalue,defaultvar,define1,define2,define3,disabled,dr,editformula,hyperlinkflag,iscode,isdefined,ismultiselectedenabled,isnextrow,isrevise,istotal,itemtype,label,maxlength,metadataproperty,metaid,metapath,modifiedtime,modifier,position,proid,refcode,refname,relatemeta,required,resid,showformula,textrows,ts,validateformula,visible,width)
            values('0001ZZZZ500b61819070','0001ZZZZ54c2495dc236','005173a2-bb00-4ee5-88e5-8b32e0ef254d','pk_group','1','#111111',null,'~',204,'' , null,null,null,null,null,'N',0,null,'N','N','N',null,'N','N','N','refer','集团',28,'uap.group.name','','pk_group',null,'~',3,'0aa11f8b-6cd8-4b2a-a813-d85db88012a8','uap/refer/riart/groupTreeRef/index','集团',null,'N',null,null,null,'2021-06-23 14:36:45',null,'Y',null);
            go






            insert into pub_form_property(pk_form_property,areaid,classid,code,colnum,color,creationtime,creator,datatype,dataval,defaultvalue,defaultvar,define1,define2,define3,disabled,dr,editformula,hyperlinkflag,iscode,isdefined,ismultiselectedenabled,isnextrow,isrevise,istotal,itemtype,label,maxlength,metadataproperty,metaid,metapath,modifiedtime,modifier,position,proid,refcode,refname,relatemeta,required,resid,showformula,textrows,ts,validateformula,visible,width)
            values('0001ZZZZcd95d6ed1001','0001ZZZZa02525c6786a','5010bec2-04c9-46bc-bb86-57fec4903197','pk_detail','1','#111111',null,'~',1,null, null,null,null,null,null,'N',0,null,'N','N','N',null,'N','N','N','input','明细主键',28,NULL,'','id_schoolformdetailvo.pk_detail',null,'~',1,'435f7ef6-6377-4a70-a849-b6040d3061da',null,null,null,'Y',null,null,null,'2021-06-23 14:36:45',null,'N',null);
            go
            insert into pub_form_property(pk_form_property,areaid,classid,code,colnum,color,creationtime,creator,datatype,dataval,defaultvalue,defaultvar,define1,define2,define3,disabled,dr,editformula,hyperlinkflag,iscode,isdefined,ismultiselectedenabled,isnextrow,isrevise,istotal,itemtype,label,maxlength,metadataproperty,metaid,metapath,modifiedtime,modifier,position,proid,refcode,refname,relatemeta,required,resid,showformula,textrows,ts,validateformula,visible,width)
            values('0001ZZZZcd95d6ed1002','0001ZZZZa02525c6786a','5010bec2-04c9-46bc-bb86-57fec4903197','rowno','1','#111111',null,'~',1,null, null,null,null,null,null,'N',0,null,'N','N','N',null,'N','N','N','input','行号',28,NULL,'','id_schoolformdetailvo.rowno',null,'~',2,'c627dc92-df06-47de-94c9-4fbc26f85d6b',null,null,null,'N',null,null,null,'2021-06-23 14:36:45',null,'Y',null);
            go

            insert into pub_form_property(pk_form_property,areaid,classid,code,colnum,color,creationtime,creator,datatype,dataval,defaultvalue,defaultvar,define1,define2,define3,disabled,dr,editformula,hyperlinkflag,iscode,isdefined,ismultiselectedenabled,isnextrow,isrevise,istotal,itemtype,label,maxlength,metadataproperty,metaid,metapath,modifiedtime,modifier,position,proid,refcode,refname,relatemeta,required,resid,showformula,textrows,ts,validateformula,visible,width)
            values('0001ZZZZ0483aa556001','0001ZZZZa97442409ef2','5010bec2-04c9-46bc-bb86-57fec4903197','pk_detail','1','#111111',null,'~',1,null, null,null,null,null,null,'N',0,null,'N','N','N',null,'N','N','N','input','明细主键',28,NULL,'','id_schoolformdetailvo.pk_detail',null,'~',1,'9cdee1ec-81a4-45c4-9bc1-3792af3b1f45',null,null,null,'Y',null,null,null,'2021-06-23 14:36:45',null,'N',null);
            go
            insert into pub_form_property(pk_form_property,areaid,classid,code,colnum,color,creationtime,creator,datatype,dataval,defaultvalue,defaultvar,define1,define2,define3,disabled,dr,editformula,hyperlinkflag,iscode,isdefined,ismultiselectedenabled,isnextrow,isrevise,istotal,itemtype,label,maxlength,metadataproperty,metaid,metapath,modifiedtime,modifier,position,proid,refcode,refname,relatemeta,required,resid,showformula,textrows,ts,validateformula,visible,width)
            values('0001ZZZZ0483aa556002','0001ZZZZa97442409ef2','5010bec2-04c9-46bc-bb86-57fec4903197','rowno','1','#111111',null,'~',1,null, null,null,null,null,null,'N',0,null,'N','N','N',null,'N','N','N','input','行号',28,NULL,'','id_schoolformdetailvo.rowno',null,'~',2,'4b8db853-df50-418f-923c-908a791ae311',null,null,null,'N',null,null,null,'2021-06-23 14:36:45',null,'Y',null);
            go

            insert into pub_form_property(pk_form_property,areaid,classid,code,colnum,color,creationtime,creator,datatype,dataval,defaultvalue,defaultvar,define1,define2,define3,disabled,dr,editformula,hyperlinkflag,iscode,isdefined,ismultiselectedenabled,isnextrow,isrevise,istotal,itemtype,label,maxlength,metadataproperty,metaid,metapath,modifiedtime,modifier,position,proid,refcode,refname,relatemeta,required,resid,showformula,textrows,ts,validateformula,visible,width)
            values('0001ZZZZ76728918f001','0001ZZZZ48087cc721fa','5010bec2-04c9-46bc-bb86-57fec4903197','pk_detail','1','#111111',null,'~',1,null, null,null,null,null,null,'N',0,null,'N','N','N',null,'N','N','N','input','明细主键',28,NULL,'','id_schoolformdetailvo.pk_detail',null,'~',1,'947d1c9c-8bac-4659-afb0-2aac3a00a30c',null,null,null,'Y',null,null,null,'2021-06-23 14:36:45',null,'N',null);
            go
            insert into pub_form_property(pk_form_property,areaid,classid,code,colnum,color,creationtime,creator,datatype,dataval,defaultvalue,defaultvar,define1,define2,define3,disabled,dr,editformula,hyperlinkflag,iscode,isdefined,ismultiselectedenabled,isnextrow,isrevise,istotal,itemtype,label,maxlength,metadataproperty,metaid,metapath,modifiedtime,modifier,position,proid,refcode,refname,relatemeta,required,resid,showformula,textrows,ts,validateformula,visible,width)
            values('0001ZZZZ76728918f002','0001ZZZZ48087cc721fa','5010bec2-04c9-46bc-bb86-57fec4903197','rowno','1','#111111',null,'~',1,null, null,null,null,null,null,'N',0,null,'N','N','N',null,'N','N','N','input','行号',28,NULL,'','id_schoolformdetailvo.rowno',null,'~',2,'28637886-100b-42d4-a907-334893a48114',null,null,null,'N',null,null,null,'2021-06-23 14:36:45',null,'Y',null);
            go











            insert into pub_form_property(pk_form_property,areaid,classid,code,colnum,color,creationtime,creator,datatype,dataval,defaultvalue,defaultvar,define1,define2,define3,disabled,dr,editformula,hyperlinkflag,iscode,isdefined,ismultiselectedenabled,isnextrow,isrevise,istotal,itemtype,label,maxlength,metadataproperty,metaid,metapath,modifiedtime,modifier,position,proid,refcode,refname,relatemeta,required,resid,showformula,textrows,ts,validateformula,visible,width)
            values('0001ZZZZ9e134c232000','0001ZZZZdc5d86610982','005173a2-bb00-4ee5-88e5-8b32e0ef254d','pk_busitype','1','#111111',null,'~',204,null, null,null,null,null,null,'N',0,null,'N','N','N',null,'N','N','N','refer','业务类型',28,'uap.BusitypeVO.businame','','pk_busitype',null,'~',9,'c71aa351-9a6d-471f-81a9-67fcef94cde3','uap/refer/riart/busitype/index','业务流程',null,'N',null,null,null,'2021-06-23 14:36:45',null,'Y',null);
            go
            insert into pub_form_property(pk_form_property,areaid,classid,code,colnum,color,creationtime,creator,datatype,dataval,defaultvalue,defaultvar,define1,define2,define3,disabled,dr,editformula,hyperlinkflag,iscode,isdefined,ismultiselectedenabled,isnextrow,isrevise,istotal,itemtype,label,maxlength,metadataproperty,metaid,metapath,modifiedtime,modifier,position,proid,refcode,refname,relatemeta,required,resid,showformula,textrows,ts,validateformula,visible,width)
            values('0001ZZZZ9e134c232001','0001ZZZZdc5d86610982','005173a2-bb00-4ee5-88e5-8b32e0ef254d','pk_transtype','1','#111111',null,'~',204,null, null,null,null,null,null,'N',0,null,'N','N','N',null,'N','N','N','refer','交易类型',28,'uap.BilltypeVO.billtypename','','pk_transtype',null,'~',13,'f6997f0f-1cb5-4ebb-8adc-5dcc8993c7f9','uap/refer/riart/transtype/index','影响因素交 易类型',null,'N',null,null,null,'2021-06-23 14:36:45',null,'Y',null);
            go
            insert into pub_form_property(pk_form_property,areaid,classid,code,colnum,color,creationtime,creator,datatype,dataval,defaultvalue,defaultvar,define1,define2,define3,disabled,dr,editformula,hyperlinkflag,iscode,isdefined,ismultiselectedenabled,isnextrow,isrevise,istotal,itemtype,label,maxlength,metadataproperty,metaid,metapath,modifiedtime,modifier,position,proid,refcode,refname,relatemeta,required,resid,showformula,textrows,ts,validateformula,visible,width)
            values('0001ZZZZ9e134c232002','0001ZZZZdc5d86610982','005173a2-bb00-4ee5-88e5-8b32e0ef254d','transtypecode','1','#111111',null,'~',1,null, null,null,null,null,null,'N',0,null,'N','N','N',null,'N','N','N','input','交易类型编码',28,NULL,'','transtypecode',null,'~',12,'c0be6f77-7d45-4886-a217-585fe03f04ed','/common-ref/','-99',null,'N',null,null,null,'2021-06-23 14:36:45',null,'Y',null);
            go
            insert into pub_form_property(pk_form_property,areaid,classid,code,colnum,color,creationtime,creator,datatype,dataval,defaultvalue,defaultvar,define1,define2,define3,disabled,dr,editformula,hyperlinkflag,iscode,isdefined,ismultiselectedenabled,isnextrow,isrevise,istotal,itemtype,label,maxlength,metadataproperty,metaid,metapath,modifiedtime,modifier,position,proid,refcode,refname,relatemeta,required,resid,showformula,textrows,ts,validateformula,visible,width)
            values('0001ZZZZ0a217338ee39','0001ZZZZ49069375a76e','005173a2-bb00-4ee5-88e5-8b32e0ef254d','modifier','1','#111111',null,'~',204,null, null,null,null,null,null,'N',0,null,'N','N','N',null,'N','N','N','refer','修改人',28,NULL,'','modifier',null,'~',18,'08a8c83f-9913-4f13-85f7-1cb20687bf33','uap/refer/riart/userDefaultRefer/index','用户',null,'N',null,null,null,'2021-06-23 14:36:45',null,'Y',null);
            go
            insert into pub_form_property(pk_form_property,areaid,classid,code,colnum,color,creationtime,creator,datatype,dataval,defaultvalue,defaultvar,define1,define2,define3,disabled,dr,editformula,hyperlinkflag,iscode,isdefined,ismultiselectedenabled,isnextrow,isrevise,istotal,itemtype,label,maxlength,metadataproperty,metaid,metapath,modifiedtime,modifier,position,proid,refcode,refname,relatemeta,required,resid,showformula,textrows,ts,validateformula,visible,width)
            values('0001ZZZZ94f5f27e2ff7','0001ZZZZ49069375a76e','005173a2-bb00-4ee5-88e5-8b32e0ef254d','modifiedtime','1','#111111',null,'~',34,null, null,null,null,null,null,'N',0,null,'N','N','N',null,'N','N','N','datetimepicker','修改时间',28,NULL,'','modifiedtime',null,'~',19,'d02fe3b7-ca3f-4a92-8084-a55072d9e723','/common-ref/','-99',null,'N',null,null,null,'2021-06-23 14:36:45',null,'Y',null);
            go
            insert into pub_form_property(pk_form_property,areaid,classid,code,colnum,color,creationtime,creator,datatype,dataval,defaultvalue,defaultvar,define1,define2,define3,disabled,dr,editformula,hyperlinkflag,iscode,isdefined,ismultiselectedenabled,isnextrow,isrevise,istotal,itemtype,label,maxlength,metadataproperty,metaid,metapath,modifiedtime,modifier,position,proid,refcode,refname,relatemeta,required,resid,showformula,textrows,ts,validateformula,visible,width)
            values('0001ZZZZa83906d2c8f3','0001ZZZZ49069375a76e','005173a2-bb00-4ee5-88e5-8b32e0ef254d','creator','1','#111111',null,'~',204,null, null,null,null,null,null,'N',0,null,'N','N','N',null,'N','N','N','refer','创建人',28,NULL,'','creator',null,'~',16,'1ea3c97b-32ff-40c6-bab2-d0789ac35812','uap/refer/riart/userDefaultRefer/index','用户',null,'N',null,null,null,'2021-06-23 14:36:45',null,'Y',null);
            go
            insert into pub_form_property(pk_form_property,areaid,classid,code,colnum,color,creationtime,creator,datatype,dataval,defaultvalue,defaultvar,define1,define2,define3,disabled,dr,editformula,hyperlinkflag,iscode,isdefined,ismultiselectedenabled,isnextrow,isrevise,istotal,itemtype,label,maxlength,metadataproperty,metaid,metapath,modifiedtime,modifier,position,proid,refcode,refname,relatemeta,required,resid,showformula,textrows,ts,validateformula,visible,width)
            values('0001ZZZZ920c19752fcd','0001ZZZZ49069375a76e','005173a2-bb00-4ee5-88e5-8b32e0ef254d','creationtime','1','#111111',null,'~',34,null, null,null,null,null,null,'N',0,null,'N','N','N',null,'N','N','N','datetimepicker','创建时间',28,NULL,'','creationtime',null,'~',17,'327ef15f-7896-48bf-8d5b-3b7442f1095a','/common-ref/','-99',null,'N',null,null,null,'2021-06-23 14:36:45',null,'Y',null);
            go
            insert into pub_form_property(pk_form_property,areaid,classid,code,colnum,color,creationtime,creator,datatype,dataval,defaultvalue,defaultvar,define1,define2,define3,disabled,dr,editformula,hyperlinkflag,iscode,isdefined,ismultiselectedenabled,isnextrow,isrevise,istotal,itemtype,label,maxlength,metadataproperty,metaid,metapath,modifiedtime,modifier,position,proid,refcode,refname,relatemeta,required,resid,showformula,textrows,ts,validateformula,visible,width)
            values('0001ZZZZ9e134c232007','0001ZZZZdc5d86610982','005173a2-bb00-4ee5-88e5-8b32e0ef254d','billmaker','1','#111111',null,'~',204,null, null,null,null,null,null,'N',0,null,'N','N','N',null,'N','N','N','refer','制单人',28,NULL,'','billmaker',null,'~',14,'4323a2ba-e5a8-4acb-bcac-294386d4335e','uap/refer/riart/userDefaultRefer/index','用户',null,'N',null,null,null,'2021-06-23 14:36:45',null,'Y',null);
            go
            insert into pub_form_property(pk_form_property,areaid,classid,code,colnum,color,creationtime,creator,datatype,dataval,defaultvalue,defaultvar,define1,define2,define3,disabled,dr,editformula,hyperlinkflag,iscode,isdefined,ismultiselectedenabled,isnextrow,isrevise,istotal,itemtype,label,maxlength,metadataproperty,metaid,metapath,modifiedtime,modifier,position,proid,refcode,refname,relatemeta,required,resid,showformula,textrows,ts,validateformula,visible,width)
            values('0001ZZZZ9e134c232008','0001ZZZZdc5d86610982','005173a2-bb00-4ee5-88e5-8b32e0ef254d','maketime','1','#111111',null,'~',33,null, null,null,null,null,null,'N',0,null,'N','N','N',null,'N','N','N','datepicker','制单时间',28,NULL,'','maketime',null,'~',15,'9760320f-8ac9-4ede-b3d4-836a6d2111dc','/common-ref/','-99',null,'N',null,null,null,'2021-06-23 14:36:45',null,'Y',null);
            go
            insert into pub_form_property(pk_form_property,areaid,classid,code,colnum,color,creationtime,creator,datatype,dataval,defaultvalue,defaultvar,define1,define2,define3,disabled,dr,editformula,hyperlinkflag,iscode,isdefined,ismultiselectedenabled,isnextrow,isrevise,istotal,itemtype,label,maxlength,metadataproperty,metaid,metapath,modifiedtime,modifier,position,proid,refcode,refname,relatemeta,required,resid,showformula,textrows,ts,validateformula,visible,width)
            values('0001ZZZZ9e134c232009','0001ZZZZdc5d86610982','005173a2-bb00-4ee5-88e5-8b32e0ef254d','bill_no','1','#111111',null,'~',1,null, null,null,null,null,null,'Y',0,null,'N','N','N',null,'N','N','N','input','单据号',28,NULL,'','bill_no',null,'~',8,'f35cb8c2-9bcd-46b0-bfb2-65f403065a66','/common-ref/','-99',null,'N',null,null,null,'2021-06-23 14:36:45',null,'Y',null);
            go
            insert into pub_form_property(pk_form_property,areaid,classid,code,colnum,color,creationtime,creator,datatype,dataval,defaultvalue,defaultvar,define1,define2,define3,disabled,dr,editformula,hyperlinkflag,iscode,isdefined,ismultiselectedenabled,isnextrow,isrevise,istotal,itemtype,label,maxlength,metadataproperty,metaid,metapath,modifiedtime,modifier,position,proid,refcode,refname,relatemeta,required,resid,showformula,textrows,ts,validateformula,visible,width)
            values('0001ZZZZ9e134c232010','0001ZZZZdc5d86610982','005173a2-bb00-4ee5-88e5-8b32e0ef254d','dbilldate','1','#111111',null,'~',33,null, null,null,null,null,null,'N',0,null,'N','N','N',null,'N','N','N','datepicker','单据日期',28,NULL,'','dbilldate',null,'~',6,'e974fd3e-fd6f-4177-8cb7-5c64cc108a4b','/common-ref/','-99',null,'N',null,null,null,'2021-06-23 14:36:45',null,'Y',null);
            go
            insert into pub_form_property(pk_form_property,areaid,classid,code,colnum,color,creationtime,creator,datatype,dataval,defaultvalue,defaultvar,define1,define2,define3,disabled,dr,editformula,hyperlinkflag,iscode,isdefined,ismultiselectedenabled,isnextrow,isrevise,istotal,itemtype,label,maxlength,metadataproperty,metaid,metapath,modifiedtime,modifier,position,proid,refcode,refname,relatemeta,required,resid,showformula,textrows,ts,validateformula,visible,width)
            values('0001ZZZZ9e134c232011','0001ZZZZdc5d86610982','005173a2-bb00-4ee5-88e5-8b32e0ef254d','billstatus','1','#111111',null,'~',203,'自由=-1,审批未通过=0,审批通过=1,审批进行中=2,提交=3','-1',null,null,null,null,'Y',0,null,'N','N','N',null,'N','N','N','select','单据状态',28,NULL,'','billstatus',null,'~',7,'57599478-5c8e-4864-b4db-e3de508fd431','/common-ref/','-99',null,'N',null,null,null,'2021-06-23 14:36:45',null,'Y',null);
            go
            insert into pub_form_property(pk_form_property,areaid,classid,code,colnum,color,creationtime,creator,datatype,dataval,defaultvalue,defaultvar,define1,define2,define3,disabled,dr,editformula,hyperlinkflag,iscode,isdefined,ismultiselectedenabled,isnextrow,isrevise,istotal,itemtype,label,maxlength,metadataproperty,metaid,metapath,modifiedtime,modifier,position,proid,refcode,refname,relatemeta,required,resid,showformula,textrows,ts,validateformula,visible,width)
            values('0001ZZZZ9e134c232012','0001ZZZZdc5d86610982','005173a2-bb00-4ee5-88e5-8b32e0ef254d','pk_billtypeid','1','#111111',null,'~',204,null, null,null,null,null,null,'N',0,null,'N','N','N',null,'N','N','N','refer','单据类型',28,'uap.BilltypeVO.billtypename','','pk_billtypeid',null,'~',10,'db1654c8-1e62-4d1c-ae73-7194fa3907b4','uap/refer/riart/billtype/index','影响因素单据类型',null,'N',null,null,null,'2021-06-23 14:36:45',null,'Y',null);
            go
            insert into pub_form_property(pk_form_property,areaid,classid,code,colnum,color,creationtime,creator,datatype,dataval,defaultvalue,defaultvar,define1,define2,define3,disabled,dr,editformula,hyperlinkflag,iscode,isdefined,ismultiselectedenabled,isnextrow,isrevise,istotal,itemtype,label,maxlength,metadataproperty,metaid,metapath,modifiedtime,modifier,position,proid,refcode,refname,relatemeta,required,resid,showformula,textrows,ts,validateformula,visible,width)
            values('0001ZZZZ9e134c232013','0001ZZZZdc5d86610982','005173a2-bb00-4ee5-88e5-8b32e0ef254d','billtype','1','#111111',null,'~',1,null, null,null,null,null,null,'N',0,null,'N','N','N',null,'N','N','N','input','单据类型编码',28,NULL,'','billtype',null,'~',11,'c121237a-dba6-4dba-98a2-2002368007a8','/common-ref/','-99',null,'N',null,null,null,'2021-06-23 14:36:45',null,'Y',null);
            go
            insert into pub_form_property(pk_form_property,areaid,classid,code,colnum,color,creationtime,creator,datatype,dataval,defaultvalue,defaultvar,define1,define2,define3,disabled,dr,editformula,hyperlinkflag,iscode,isdefined,ismultiselectedenabled,isnextrow,isrevise,istotal,itemtype,label,maxlength,metadataproperty,metaid,metapath,modifiedtime,modifier,position,proid,refcode,refname,relatemeta,required,resid,showformula,textrows,ts,validateformula,visible,width)
            values('0001ZZZZ9e134c232014','0001ZZZZdc5d86610982','005173a2-bb00-4ee5-88e5-8b32e0ef254d','vnote','1','#111111',null,'~',1,null, null,null,null,null,null,'N',0,null,'N','N','N',null,'N','N','N','input','备注',28,NULL,'','vnote',null,'~',24,'b2708334-1c4d-4e80-8ff0-3ac3f2af9631','/common-ref/','-99',null,'N',null,null,null,'2021-06-23 14:36:45',null,'Y',null);
            go
            insert into pub_form_property(pk_form_property,areaid,classid,code,colnum,color,creationtime,creator,datatype,dataval,defaultvalue,defaultvar,define1,define2,define3,disabled,dr,editformula,hyperlinkflag,iscode,isdefined,ismultiselectedenabled,isnextrow,isrevise,istotal,itemtype,label,maxlength,metadataproperty,metaid,metapath,modifiedtime,modifier,position,proid,refcode,refname,relatemeta,required,resid,showformula,textrows,ts,validateformula,visible,width)
            values('0001ZZZZ9e134c232015','0001ZZZZdc5d86610982','005173a2-bb00-4ee5-88e5-8b32e0ef254d','school','1','#111111',null,'~',1,null, null,null,null,null,null,'N',0,null,'N','N','N',null,'N','N','N','input','学校名称',28,NULL,'','school',null,'~',68,'f8091245-d6d6-461d-a63a-4ed364450e03','/common-ref/','-99',null,'N',null,null,null,'2021-06-23 14:36:45',null,'Y',null);
            go
            insert into pub_form_property(pk_form_property,areaid,classid,code,colnum,color,creationtime,creator,datatype,dataval,defaultvalue,defaultvar,define1,define2,define3,disabled,dr,editformula,hyperlinkflag,iscode,isdefined,ismultiselectedenabled,isnextrow,isrevise,istotal,itemtype,label,maxlength,metadataproperty,metaid,metapath,modifiedtime,modifier,position,proid,refcode,refname,relatemeta,required,resid,showformula,textrows,ts,validateformula,visible,width)
            values('0001ZZZZ9e134c232016','0001ZZZZdc5d86610982','005173a2-bb00-4ee5-88e5-8b32e0ef254d','pk_schoolf','1','#111111',null,'~',1,null, null,null,null,null,null,'N',0,null,'N','N','N',null,'N','N','N','input','学校申请单主键',28,NULL,'','pk_schoolf',null,'~',1,'c02308fd-1a4b-4a67-b602-e7a8e445e88e','/common-ref/','-99',null,'Y',null,null,null,'2021-06-23 14:36:45',null,'N',null);
            go
            insert into pub_form_property(pk_form_property,areaid,classid,code,colnum,color,creationtime,creator,datatype,dataval,defaultvalue,defaultvar,define1,define2,define3,disabled,dr,editformula,hyperlinkflag,iscode,isdefined,ismultiselectedenabled,isnextrow,isrevise,istotal,itemtype,label,maxlength,metadataproperty,metaid,metapath,modifiedtime,modifier,position,proid,refcode,refname,relatemeta,required,resid,showformula,textrows,ts,validateformula,visible,width)
            values('0001ZZZZ81129e9f3766','0001ZZZZ49069375a76e','005173a2-bb00-4ee5-88e5-8b32e0ef254d','approver','1','#111111',null,'~',204,null, null,null,null,null,null,'N',0,null,'N','N','N',null,'N','N','N','refer','审批人',28,NULL,'','approver',null,'~',20,'e2e06fd8-0fb6-4324-8aeb-e9bab826b0d4','uap/refer/riart/userDefaultRefer/index','用户',null,'N',null,null,null,'2021-06-23 14:36:45',null,'Y',null);
            go
            insert into pub_form_property(pk_form_property,areaid,classid,code,colnum,color,creationtime,creator,datatype,dataval,defaultvalue,defaultvar,define1,define2,define3,disabled,dr,editformula,hyperlinkflag,iscode,isdefined,ismultiselectedenabled,isnextrow,isrevise,istotal,itemtype,label,maxlength,metadataproperty,metaid,metapath,modifiedtime,modifier,position,proid,refcode,refname,relatemeta,required,resid,showformula,textrows,ts,validateformula,visible,width)
            values('0001ZZZZ41d85be6a440','0001ZZZZ49069375a76e','005173a2-bb00-4ee5-88e5-8b32e0ef254d','approvenote','1','#111111',null,'~',1,null, null,null,null,null,null,'N',0,null,'N','N','N',null,'N','N','N','input','审批批语',28,NULL,'','approvenote',null,'~',22,'e4051f1b-6603-4e40-a814-36ce8d95ad30','/common-ref/','-99',null,'N',null,null,null,'2021-06-23 14:36:45',null,'Y',null);
            go
            insert into pub_form_property(pk_form_property,areaid,classid,code,colnum,color,creationtime,creator,datatype,dataval,defaultvalue,defaultvar,define1,define2,define3,disabled,dr,editformula,hyperlinkflag,iscode,isdefined,ismultiselectedenabled,isnextrow,isrevise,istotal,itemtype,label,maxlength,metadataproperty,metaid,metapath,modifiedtime,modifier,position,proid,refcode,refname,relatemeta,required,resid,showformula,textrows,ts,validateformula,visible,width)
            values('0001ZZZZcf0144d464b6','0001ZZZZ49069375a76e','005173a2-bb00-4ee5-88e5-8b32e0ef254d','approvedate','1','#111111',null,'~',34,null, null,null,null,null,null,'N',0,null,'N','N','N',null,'N','N','N','datetimepicker','审批时间',28,NULL,'','approvedate',null,'~',23,'7fdcd5c3-db8d-4eba-a16e-d6224519d320','/common-ref/','-99',null,'N',null,null,null,'2021-06-23 14:36:45',null,'Y',null);
            go
            insert into pub_form_property(pk_form_property,areaid,classid,code,colnum,color,creationtime,creator,datatype,dataval,defaultvalue,defaultvar,define1,define2,define3,disabled,dr,editformula,hyperlinkflag,iscode,isdefined,ismultiselectedenabled,isnextrow,isrevise,istotal,itemtype,label,maxlength,metadataproperty,metaid,metapath,modifiedtime,modifier,position,proid,refcode,refname,relatemeta,required,resid,showformula,textrows,ts,validateformula,visible,width)
            values('0001ZZZZ9e134c232020','0001ZZZZdc5d86610982','005173a2-bb00-4ee5-88e5-8b32e0ef254d','approvestatus','1','#111111',null,'~',203,'自由=-1,审批未通过=0,审批通过=1,审批进行中=2,提交=3', null,null,null,null,null,'N',0,null,'N','N','N',null,'N','N','N','select','审批状态',28,NULL,'','approvestatus',null,'~',21,'c792a672-eb41-4371-b2cc-3ce291cce9d7','/common-ref/','-99',null,'N',null,null,null,'2021-06-23 14:36:45',null,'Y',null);
            go
            insert into pub_form_property(pk_form_property,areaid,classid,code,colnum,color,creationtime,creator,datatype,dataval,defaultvalue,defaultvar,define1,define2,define3,disabled,dr,editformula,hyperlinkflag,iscode,isdefined,ismultiselectedenabled,isnextrow,isrevise,istotal,itemtype,label,maxlength,metadataproperty,metaid,metapath,modifiedtime,modifier,position,proid,refcode,refname,relatemeta,required,resid,showformula,textrows,ts,validateformula,visible,width)
            values('0001ZZZZ9e134c232021','0001ZZZZdc5d86610982','005173a2-bb00-4ee5-88e5-8b32e0ef254d','region','1','#111111',null,'~',1,null, null,null,null,null,null,'N',0,null,'N','N','N',null,'N','N','N','input','所属大区',28,NULL,'','region',null,'~',69,'3e8aeb30-7822-4074-a553-87f8ad98cda3','/common-ref/','-99',null,'N',null,null,null,'2021-06-23 14:36:45',null,'Y',null);
            go
            insert into pub_form_property(pk_form_property,areaid,classid,code,colnum,color,creationtime,creator,datatype,dataval,defaultvalue,defaultvar,define1,define2,define3,disabled,dr,editformula,hyperlinkflag,iscode,isdefined,ismultiselectedenabled,isnextrow,isrevise,istotal,itemtype,label,maxlength,metadataproperty,metaid,metapath,modifiedtime,modifier,position,proid,refcode,refname,relatemeta,required,resid,showformula,textrows,ts,validateformula,visible,width)
            values('0001ZZZZ9e134c232035','0001ZZZZdc5d86610982','005173a2-bb00-4ee5-88e5-8b32e0ef254d','proposer','1','#111111',null,'~',204,null, null,null,null,null,null,'N',0,null,'N','N','N',null,'N','N','N','refer','申请人',28,NULL,'','proposer',null,'~',71,'5b7d8c82-b7f1-46d9-8989-7efd3f6c560d','uapbd/refer/psninfo/PsndocRiartTreeGridRef/index','人员',null,'N',null,null,null,'2021-06-23 14:36:45',null,'Y',null);
            go
            insert into pub_form_property(pk_form_property,areaid,classid,code,colnum,color,creationtime,creator,datatype,dataval,defaultvalue,defaultvar,define1,define2,define3,disabled,dr,editformula,hyperlinkflag,iscode,isdefined,ismultiselectedenabled,isnextrow,isrevise,istotal,itemtype,label,maxlength,metadataproperty,metaid,metapath,modifiedtime,modifier,position,proid,refcode,refname,relatemeta,required,resid,showformula,textrows,ts,validateformula,visible,width)
            values('0001ZZZZ9e134c232037','0001ZZZZdc5d86610982','005173a2-bb00-4ee5-88e5-8b32e0ef254d','pk_org','1','#111111',null,'~',204,null, null,null,null,null,null,'N',0,null,'N','N','N',null,'N','N','N','refer','组织',28,'uap.org.name','','pk_org',null,'~',4,'8cd35e78-a0e7-43ff-88bf-375fcbfc321b','uapbd/refer/org/BusinessUnitAndDeptTreeRef/index','业务单元及部门',null,'N',null,null,null,'2021-06-23 14:36:45',null,'Y',null);
            go
            insert into pub_form_property(pk_form_property,areaid,classid,code,colnum,color,creationtime,creator,datatype,dataval,defaultvalue,defaultvar,define1,define2,define3,disabled,dr,editformula,hyperlinkflag,iscode,isdefined,ismultiselectedenabled,isnextrow,isrevise,istotal,itemtype,label,maxlength,metadataproperty,metaid,metapath,modifiedtime,modifier,position,proid,refcode,refname,relatemeta,required,resid,showformula,textrows,ts,validateformula,visible,width)
            values('0001ZZZZ9e134c232038','0001ZZZZdc5d86610982','005173a2-bb00-4ee5-88e5-8b32e0ef254d','pk_org_v','1','#111111',null,'~',204,null, null,null,null,null,null,'N',0,null,'N','N','N',null,'N','N','N','refer','组织版本',28,'uap.org_v.name','','pk_org_v',null,'~',5,'a99e2b32-4665-446c-bf9d-f3db0b957365','uapbd/refer/orgv/BusinessUnitVersionDefaultAllTreeRef/index','业务单元版本(所有)',null,'N',null,null,null,'2021-06-23 14:36:45',null,'N',null);
            go
            insert into pub_form_property(pk_form_property,areaid,classid,code,colnum,color,creationtime,creator,datatype,dataval,defaultvalue,defaultvar,define1,define2,define3,disabled,dr,editformula,hyperlinkflag,iscode,isdefined,ismultiselectedenabled,isnextrow,isrevise,istotal,itemtype,label,maxlength,metadataproperty,metaid,metapath,modifiedtime,modifier,position,proid,refcode,refname,relatemeta,required,resid,showformula,textrows,ts,validateformula,visible,width)
            values('0001ZZZZ9e134c232069','0001ZZZZdc5d86610982','005173a2-bb00-4ee5-88e5-8b32e0ef254d','address','1','#111111',null,'~',1,null, null,null,null,null,null,'N',0,null,'N','N','N',null,'N','N','N','input','详细地址',28,NULL,'','address',null,'~',70,'e9e3ba0a-1ec3-4b52-a766-28a9bdd74b55','/common-ref/','-99',null,'N',null,null,null,'2021-06-23 14:36:45',null,'Y',null);
            go
            insert into pub_form_property(pk_form_property,areaid,classid,code,colnum,color,creationtime,creator,datatype,dataval,defaultvalue,defaultvar,define1,define2,define3,disabled,dr,editformula,hyperlinkflag,iscode,isdefined,ismultiselectedenabled,isnextrow,isrevise,istotal,itemtype,label,maxlength,metadataproperty,metaid,metapath,modifiedtime,modifier,position,proid,refcode,refname,relatemeta,required,resid,showformula,textrows,ts,validateformula,visible,width)
            values('0001ZZZZ9e134c232070','0001ZZZZdc5d86610982','005173a2-bb00-4ee5-88e5-8b32e0ef254d','pk_group','1','#111111',null,'~',204,null, null,null,null,null,null,'N',0,null,'N','N','N',null,'N','N','N','refer','集团',28,'uap.group.name','','pk_group',null,'~',3,'800e3929-08ef-4816-8daa-ee4f32b6a756','uap/refer/riart/groupTreeRef/index','集团',null,'N',null,null,null,'2021-06-23 14:36:45',null,'Y',null);
            go




            insert into pub_form_property(pk_form_property,areaid,classid,code,colnum,color,creationtime,creator,datatype,dataval,defaultvalue,defaultvar,define1,define2,define3,disabled,dr,editformula,hyperlinkflag,iscode,isdefined,ismultiselectedenabled,isnextrow,isrevise,istotal,itemtype,label,maxlength,metadataproperty,metaid,metapath,modifiedtime,modifier,position,proid,refcode,refname,relatemeta,required,resid,showformula,textrows,ts,validateformula,visible,width)
            values('0001ZZZZ33899fba4001','0001ZZZZcab3a50f3747','5010bec2-04c9-46bc-bb86-57fec4903197','pk_detail','1','#111111',null,'~',1,null, null,null,null,null,null,'N',0,null,'N','N','N',null,'N','N','N','input','明细主键',28,NULL,'','id_schoolformdetailvo.pk_detail',null,'~',1,'d0c58403-d467-4e98-9dfd-6bbbbe46c61e',null,null,null,'Y',null,null,null,'2021-06-23 14:36:45',null,'N',null);
            go
            insert into pub_form_property(pk_form_property,areaid,classid,code,colnum,color,creationtime,creator,datatype,dataval,defaultvalue,defaultvar,define1,define2,define3,disabled,dr,editformula,hyperlinkflag,iscode,isdefined,ismultiselectedenabled,isnextrow,isrevise,istotal,itemtype,label,maxlength,metadataproperty,metaid,metapath,modifiedtime,modifier,position,proid,refcode,refname,relatemeta,required,resid,showformula,textrows,ts,validateformula,visible,width)
            values('0001ZZZZ33899fba4002','0001ZZZZcab3a50f3747','5010bec2-04c9-46bc-bb86-57fec4903197','rowno','1','#111111',null,'~',1,null, null,null,null,null,null,'N',0,null,'N','N','N',null,'N','N','N','input','行号',28,NULL,'','id_schoolformdetailvo.rowno',null,'~',2,'8c7b4a04-d33d-405c-bcfb-a37c96f4d40d',null,null,null,'N',null,null,null,'2021-06-23 14:36:45',null,'Y',null);
            go

            insert into pub_form_property(pk_form_property,areaid,classid,code,colnum,color,creationtime,creator,datatype,dataval,defaultvalue,defaultvar,define1,define2,define3,disabled,dr,editformula,hyperlinkflag,iscode,isdefined,ismultiselectedenabled,isnextrow,isrevise,istotal,itemtype,label,maxlength,metadataproperty,metaid,metapath,modifiedtime,modifier,position,proid,refcode,refname,relatemeta,required,resid,showformula,textrows,ts,validateformula,visible,width)
            values('0001ZZZZd84c38912001','0001ZZZZcf3587f873b8','5010bec2-04c9-46bc-bb86-57fec4903197','pk_detail','1','#111111',null,'~',1,null, null,null,null,null,null,'N',0,null,'N','N','N',null,'N','N','N','input','明细主键',28,NULL,'','id_schoolformdetailvo.pk_detail',null,'~',1,'11574965-a49c-44fc-aa58-32c9b5e373d8',null,null,null,'Y',null,null,null,'2021-06-23 14:36:45',null,'N',null);
            go
            insert into pub_form_property(pk_form_property,areaid,classid,code,colnum,color,creationtime,creator,datatype,dataval,defaultvalue,defaultvar,define1,define2,define3,disabled,dr,editformula,hyperlinkflag,iscode,isdefined,ismultiselectedenabled,isnextrow,isrevise,istotal,itemtype,label,maxlength,metadataproperty,metaid,metapath,modifiedtime,modifier,position,proid,refcode,refname,relatemeta,required,resid,showformula,textrows,ts,validateformula,visible,width)
            values('0001ZZZZd84c38912002','0001ZZZZcf3587f873b8','5010bec2-04c9-46bc-bb86-57fec4903197','rowno','1','#111111',null,'~',1,null, null,null,null,null,null,'N',0,null,'N','N','N',null,'N','N','N','input','行号',28,NULL,'','id_schoolformdetailvo.rowno',null,'~',2,'00531692-b3a8-4608-a6c6-d4770aa6346f',null,null,null,'N',null,null,null,'2021-06-23 14:36:45',null,'Y',null);
            go

            insert into pub_form_property(pk_form_property,areaid,classid,code,colnum,color,creationtime,creator,datatype,dataval,defaultvalue,defaultvar,define1,define2,define3,disabled,dr,editformula,hyperlinkflag,iscode,isdefined,ismultiselectedenabled,isnextrow,isrevise,istotal,itemtype,label,maxlength,metadataproperty,metaid,metapath,modifiedtime,modifier,position,proid,refcode,refname,relatemeta,required,resid,showformula,textrows,ts,validateformula,visible,width)
            values('0001ZZZZ8b88c0234001','0001ZZZZb217b55591f0','5010bec2-04c9-46bc-bb86-57fec4903197','pk_detail','1','#111111',null,'~',1,null, null,null,null,null,null,'N',0,null,'N','N','N',null,'N','N','N','input','明细主键',28,NULL,'','id_schoolformdetailvo.pk_detail',null,'~',1,'017a9b7c-8084-420a-8f02-af34205cfbeb',null,null,null,'Y',null,null,null,'2021-06-23 14:36:45',null,'N',null);
            go
            insert into pub_form_property(pk_form_property,areaid,classid,code,colnum,color,creationtime,creator,datatype,dataval,defaultvalue,defaultvar,define1,define2,define3,disabled,dr,editformula,hyperlinkflag,iscode,isdefined,ismultiselectedenabled,isnextrow,isrevise,istotal,itemtype,label,maxlength,metadataproperty,metaid,metapath,modifiedtime,modifier,position,proid,refcode,refname,relatemeta,required,resid,showformula,textrows,ts,validateformula,visible,width)
            values('0001ZZZZ8b88c0234002','0001ZZZZb217b55591f0','5010bec2-04c9-46bc-bb86-57fec4903197','rowno','1','#111111',null,'~',1,null, null,null,null,null,null,'N',0,null,'N','N','N',null,'N','N','N','input','行号',28,NULL,'','id_schoolformdetailvo.rowno',null,'~',2,'dd0c8d9d-6e4e-449e-9dc9-d96d2190e9d2',null,null,null,'N',null,null,null,'2021-06-23 14:36:45',null,'Y',null);
            go







            insert into pub_form_property(pk_form_property,areaid,classid,code,colnum,color,creationtime,creator,datatype,dataval,defaultvalue,defaultvar,define1,define2,define3,disabled,dr,editformula,hyperlinkflag,iscode,isdefined,ismultiselectedenabled,isnextrow,isrevise,istotal,itemtype,label,maxlength,metadataproperty,metaid,metapath,modifiedtime,modifier,position,proid,refcode,refname,relatemeta,required,resid,showformula,textrows,ts,validateformula,visible,width)
            values('0001ZZZZb5d551929000','0001ZZZZ173fd0507f76','005173a2-bb00-4ee5-88e5-8b32e0ef254d','pk_busitype','1','#111111',null,'~',204,null, null,null,null,null,null,'N',0,null,'N','N','N',null,'N','N','N','refer','业务类型',28,'uap.BusitypeVO.businame','','pk_busitype',null,'~',9,'7a6db0e9-1506-4016-976f-aeecc1d2c19d','uap/refer/riart/busitype/index','业务流程',null,'N',null,null,null,'2021-06-23 14:36:45',null,'Y',null);
            go
            insert into pub_form_property(pk_form_property,areaid,classid,code,colnum,color,creationtime,creator,datatype,dataval,defaultvalue,defaultvar,define1,define2,define3,disabled,dr,editformula,hyperlinkflag,iscode,isdefined,ismultiselectedenabled,isnextrow,isrevise,istotal,itemtype,label,maxlength,metadataproperty,metaid,metapath,modifiedtime,modifier,position,proid,refcode,refname,relatemeta,required,resid,showformula,textrows,ts,validateformula,visible,width)
            values('0001ZZZZb5d551929001','0001ZZZZ173fd0507f76','005173a2-bb00-4ee5-88e5-8b32e0ef254d','pk_transtype','1','#111111',null,'~',204,null, null,null,null,null,null,'N',0,null,'N','N','N',null,'N','N','N','refer','交易类型',28,'uap.BilltypeVO.billtypename','','pk_transtype',null,'~',13,'67a626d4-55a5-496f-a6ca-c6324cf3b86f','uap/refer/riart/transtype/index','影响因素交 易类型',null,'N',null,null,null,'2021-06-23 14:36:45',null,'Y',null);
            go
            insert into pub_form_property(pk_form_property,areaid,classid,code,colnum,color,creationtime,creator,datatype,dataval,defaultvalue,defaultvar,define1,define2,define3,disabled,dr,editformula,hyperlinkflag,iscode,isdefined,ismultiselectedenabled,isnextrow,isrevise,istotal,itemtype,label,maxlength,metadataproperty,metaid,metapath,modifiedtime,modifier,position,proid,refcode,refname,relatemeta,required,resid,showformula,textrows,ts,validateformula,visible,width)
            values('0001ZZZZb5d551929002','0001ZZZZ173fd0507f76','005173a2-bb00-4ee5-88e5-8b32e0ef254d','transtypecode','1','#111111',null,'~',1,null, null,null,null,null,null,'N',0,null,'N','N','N',null,'N','N','N','input','交易类型编码',28,NULL,'','transtypecode',null,'~',12,'929d85a8-4209-44c0-8f5f-1612b22e4775','/common-ref/','-99',null,'N',null,null,null,'2021-06-23 14:36:45',null,'Y',null);
            go
            insert into pub_form_property(pk_form_property,areaid,classid,code,colnum,color,creationtime,creator,datatype,dataval,defaultvalue,defaultvar,define1,define2,define3,disabled,dr,editformula,hyperlinkflag,iscode,isdefined,ismultiselectedenabled,isnextrow,isrevise,istotal,itemtype,label,maxlength,metadataproperty,metaid,metapath,modifiedtime,modifier,position,proid,refcode,refname,relatemeta,required,resid,showformula,textrows,ts,validateformula,visible,width)
            values('0001ZZZZf4f7d2f95d27','0001ZZZZe3cb9c8e659e','005173a2-bb00-4ee5-88e5-8b32e0ef254d','modifier','1','#111111',null,'~',204,null, null,null,null,null,null,'N',0,null,'N','N','N',null,'N','N','N','refer','修改人',28,NULL,'','modifier',null,'~',18,'a940447d-d1ed-4a77-a8db-00d8b2c67827','uap/refer/riart/userDefaultRefer/index','用户',null,'N',null,null,null,'2021-06-23 14:36:45',null,'Y',null);
            go
            insert into pub_form_property(pk_form_property,areaid,classid,code,colnum,color,creationtime,creator,datatype,dataval,defaultvalue,defaultvar,define1,define2,define3,disabled,dr,editformula,hyperlinkflag,iscode,isdefined,ismultiselectedenabled,isnextrow,isrevise,istotal,itemtype,label,maxlength,metadataproperty,metaid,metapath,modifiedtime,modifier,position,proid,refcode,refname,relatemeta,required,resid,showformula,textrows,ts,validateformula,visible,width)
            values('0001ZZZZ4eca486214d0','0001ZZZZe3cb9c8e659e','005173a2-bb00-4ee5-88e5-8b32e0ef254d','modifiedtime','1','#111111',null,'~',34,null, null,null,null,null,null,'N',0,null,'N','N','N',null,'N','N','N','datetimepicker','修改时间',28,NULL,'','modifiedtime',null,'~',19,'d0678da4-bfda-444f-a437-ec70ceda3ca5','/common-ref/','-99',null,'N',null,null,null,'2021-06-23 14:36:45',null,'Y',null);
            go
            insert into pub_form_property(pk_form_property,areaid,classid,code,colnum,color,creationtime,creator,datatype,dataval,defaultvalue,defaultvar,define1,define2,define3,disabled,dr,editformula,hyperlinkflag,iscode,isdefined,ismultiselectedenabled,isnextrow,isrevise,istotal,itemtype,label,maxlength,metadataproperty,metaid,metapath,modifiedtime,modifier,position,proid,refcode,refname,relatemeta,required,resid,showformula,textrows,ts,validateformula,visible,width)
            values('0001ZZZZf534c21e26f7','0001ZZZZe3cb9c8e659e','005173a2-bb00-4ee5-88e5-8b32e0ef254d','creator','1','#111111',null,'~',204,null, null,null,null,null,null,'N',0,null,'N','N','N',null,'N','N','N','refer','创建人',28,NULL,'','creator',null,'~',16,'3af6b57a-c752-43e7-9727-6934369a1259','uap/refer/riart/userDefaultRefer/index','用户',null,'N',null,null,null,'2021-06-23 14:36:45',null,'Y',null);
            go
            insert into pub_form_property(pk_form_property,areaid,classid,code,colnum,color,creationtime,creator,datatype,dataval,defaultvalue,defaultvar,define1,define2,define3,disabled,dr,editformula,hyperlinkflag,iscode,isdefined,ismultiselectedenabled,isnextrow,isrevise,istotal,itemtype,label,maxlength,metadataproperty,metaid,metapath,modifiedtime,modifier,position,proid,refcode,refname,relatemeta,required,resid,showformula,textrows,ts,validateformula,visible,width)
            values('0001ZZZZfd3597399972','0001ZZZZe3cb9c8e659e','005173a2-bb00-4ee5-88e5-8b32e0ef254d','creationtime','1','#111111',null,'~',34,null, null,null,null,null,null,'N',0,null,'N','N','N',null,'N','N','N','datetimepicker','创建时间',28,NULL,'','creationtime',null,'~',17,'92f30e58-e6cb-4108-b81f-fe75c20cde41','/common-ref/','-99',null,'N',null,null,null,'2021-06-23 14:36:45',null,'Y',null);
            go
            insert into pub_form_property(pk_form_property,areaid,classid,code,colnum,color,creationtime,creator,datatype,dataval,defaultvalue,defaultvar,define1,define2,define3,disabled,dr,editformula,hyperlinkflag,iscode,isdefined,ismultiselectedenabled,isnextrow,isrevise,istotal,itemtype,label,maxlength,metadataproperty,metaid,metapath,modifiedtime,modifier,position,proid,refcode,refname,relatemeta,required,resid,showformula,textrows,ts,validateformula,visible,width)
            values('0001ZZZZb5d551929007','0001ZZZZ173fd0507f76','005173a2-bb00-4ee5-88e5-8b32e0ef254d','billmaker','1','#111111',null,'~',204,null, null,null,null,null,null,'N',0,null,'N','N','N',null,'N','N','N','refer','制单人',28,NULL,'','billmaker',null,'~',14,'4851bbb3-62d9-44eb-9c54-74d96fe0dbca','uap/refer/riart/userDefaultRefer/index','用户',null,'N',null,null,null,'2021-06-23 14:36:45',null,'Y',null);
            go
            insert into pub_form_property(pk_form_property,areaid,classid,code,colnum,color,creationtime,creator,datatype,dataval,defaultvalue,defaultvar,define1,define2,define3,disabled,dr,editformula,hyperlinkflag,iscode,isdefined,ismultiselectedenabled,isnextrow,isrevise,istotal,itemtype,label,maxlength,metadataproperty,metaid,metapath,modifiedtime,modifier,position,proid,refcode,refname,relatemeta,required,resid,showformula,textrows,ts,validateformula,visible,width)
            values('0001ZZZZb5d551929008','0001ZZZZ173fd0507f76','005173a2-bb00-4ee5-88e5-8b32e0ef254d','maketime','1','#111111',null,'~',33,null, null,null,null,null,null,'N',0,null,'N','N','N',null,'N','N','N','datepicker','制单时间',28,NULL,'','maketime',null,'~',15,'1e135fe0-7ad3-4561-aef2-e266ea5fd771','/common-ref/','-99',null,'N',null,null,null,'2021-06-23 14:36:45',null,'Y',null);
            go
            insert into pub_form_property(pk_form_property,areaid,classid,code,colnum,color,creationtime,creator,datatype,dataval,defaultvalue,defaultvar,define1,define2,define3,disabled,dr,editformula,hyperlinkflag,iscode,isdefined,ismultiselectedenabled,isnextrow,isrevise,istotal,itemtype,label,maxlength,metadataproperty,metaid,metapath,modifiedtime,modifier,position,proid,refcode,refname,relatemeta,required,resid,showformula,textrows,ts,validateformula,visible,width)
            values('0001ZZZZb5d551929009','0001ZZZZ173fd0507f76','005173a2-bb00-4ee5-88e5-8b32e0ef254d','bill_no','1','#111111',null,'~',1,null, null,null,null,null,null,'Y',0,null,'N','N','N',null,'N','N','N','input','单据号',28,NULL,'','bill_no',null,'~',8,'b38f1c61-41fe-4bc6-a8ab-6d83e940d009','/common-ref/','-99',null,'N',null,null,null,'2021-06-23 14:36:45',null,'Y',null);
            go
            insert into pub_form_property(pk_form_property,areaid,classid,code,colnum,color,creationtime,creator,datatype,dataval,defaultvalue,defaultvar,define1,define2,define3,disabled,dr,editformula,hyperlinkflag,iscode,isdefined,ismultiselectedenabled,isnextrow,isrevise,istotal,itemtype,label,maxlength,metadataproperty,metaid,metapath,modifiedtime,modifier,position,proid,refcode,refname,relatemeta,required,resid,showformula,textrows,ts,validateformula,visible,width)
            values('0001ZZZZb5d551929010','0001ZZZZ173fd0507f76','005173a2-bb00-4ee5-88e5-8b32e0ef254d','dbilldate','1','#111111',null,'~',33,null, null,null,null,null,null,'N',0,null,'N','N','N',null,'N','N','N','datepicker','单据日期',28,NULL,'','dbilldate',null,'~',6,'81410b6c-9afb-47c3-8aea-5f34968c97f9','/common-ref/','-99',null,'N',null,null,null,'2021-06-23 14:36:45',null,'Y',null);
            go
            insert into pub_form_property(pk_form_property,areaid,classid,code,colnum,color,creationtime,creator,datatype,dataval,defaultvalue,defaultvar,define1,define2,define3,disabled,dr,editformula,hyperlinkflag,iscode,isdefined,ismultiselectedenabled,isnextrow,isrevise,istotal,itemtype,label,maxlength,metadataproperty,metaid,metapath,modifiedtime,modifier,position,proid,refcode,refname,relatemeta,required,resid,showformula,textrows,ts,validateformula,visible,width)
            values('0001ZZZZb5d551929011','0001ZZZZ173fd0507f76','005173a2-bb00-4ee5-88e5-8b32e0ef254d','billstatus','1','#111111',null,'~',203,'自由=-1,审批未通过=0,审批通过=1,审批进行中=2,提交=3','-1',null,null,null,null,'Y',0,null,'N','N','N',null,'N','N','N','select','单据状态',28,NULL,'','billstatus',null,'~',7,'5552b0aa-036d-4758-a007-b34893c9a6d3','/common-ref/','-99',null,'N',null,null,null,'2021-06-23 14:36:45',null,'Y',null);
            go
            insert into pub_form_property(pk_form_property,areaid,classid,code,colnum,color,creationtime,creator,datatype,dataval,defaultvalue,defaultvar,define1,define2,define3,disabled,dr,editformula,hyperlinkflag,iscode,isdefined,ismultiselectedenabled,isnextrow,isrevise,istotal,itemtype,label,maxlength,metadataproperty,metaid,metapath,modifiedtime,modifier,position,proid,refcode,refname,relatemeta,required,resid,showformula,textrows,ts,validateformula,visible,width)
            values('0001ZZZZb5d551929012','0001ZZZZ173fd0507f76','005173a2-bb00-4ee5-88e5-8b32e0ef254d','pk_billtypeid','1','#111111',null,'~',204,null, null,null,null,null,null,'N',0,null,'N','N','N',null,'N','N','N','refer','单据类型',28,'uap.BilltypeVO.billtypename','','pk_billtypeid',null,'~',10,'923b5be3-7ae3-4a87-a70f-63af9c5cef3c','uap/refer/riart/billtype/index','影响因素单据类型',null,'N',null,null,null,'2021-06-23 14:36:45',null,'Y',null);
            go
            insert into pub_form_property(pk_form_property,areaid,classid,code,colnum,color,creationtime,creator,datatype,dataval,defaultvalue,defaultvar,define1,define2,define3,disabled,dr,editformula,hyperlinkflag,iscode,isdefined,ismultiselectedenabled,isnextrow,isrevise,istotal,itemtype,label,maxlength,metadataproperty,metaid,metapath,modifiedtime,modifier,position,proid,refcode,refname,relatemeta,required,resid,showformula,textrows,ts,validateformula,visible,width)
            values('0001ZZZZb5d551929013','0001ZZZZ173fd0507f76','005173a2-bb00-4ee5-88e5-8b32e0ef254d','billtype','1','#111111',null,'~',1,null, null,null,null,null,null,'N',0,null,'N','N','N',null,'N','N','N','input','单据类型编码',28,NULL,'','billtype',null,'~',11,'c1cc0e7f-a90b-481d-aed3-bd5f37824809','/common-ref/','-99',null,'N',null,null,null,'2021-06-23 14:36:45',null,'Y',null);
            go
            insert into pub_form_property(pk_form_property,areaid,classid,code,colnum,color,creationtime,creator,datatype,dataval,defaultvalue,defaultvar,define1,define2,define3,disabled,dr,editformula,hyperlinkflag,iscode,isdefined,ismultiselectedenabled,isnextrow,isrevise,istotal,itemtype,label,maxlength,metadataproperty,metaid,metapath,modifiedtime,modifier,position,proid,refcode,refname,relatemeta,required,resid,showformula,textrows,ts,validateformula,visible,width)
            values('0001ZZZZb5d551929014','0001ZZZZ173fd0507f76','005173a2-bb00-4ee5-88e5-8b32e0ef254d','vnote','1','#111111',null,'~',1,null, null,null,null,null,null,'N',0,null,'N','N','N',null,'N','N','N','input','备注',28,NULL,'','vnote',null,'~',24,'79772228-4dc5-445f-8ea1-ed7da68dab0a','/common-ref/','-99',null,'N',null,null,null,'2021-06-23 14:36:45',null,'Y',null);
            go
            insert into pub_form_property(pk_form_property,areaid,classid,code,colnum,color,creationtime,creator,datatype,dataval,defaultvalue,defaultvar,define1,define2,define3,disabled,dr,editformula,hyperlinkflag,iscode,isdefined,ismultiselectedenabled,isnextrow,isrevise,istotal,itemtype,label,maxlength,metadataproperty,metaid,metapath,modifiedtime,modifier,position,proid,refcode,refname,relatemeta,required,resid,showformula,textrows,ts,validateformula,visible,width)
            values('0001ZZZZb5d551929015','0001ZZZZ173fd0507f76','005173a2-bb00-4ee5-88e5-8b32e0ef254d','school','1','#111111',null,'~',1,null, null,null,null,null,null,'N',0,null,'N','N','N',null,'N','N','N','input','学校名称',28,NULL,'','school',null,'~',68,'052247cf-ddb3-445b-9b0e-f7f28ff8076e','/common-ref/','-99',null,'N',null,null,null,'2021-06-23 14:36:45',null,'Y',null);
            go
            insert into pub_form_property(pk_form_property,areaid,classid,code,colnum,color,creationtime,creator,datatype,dataval,defaultvalue,defaultvar,define1,define2,define3,disabled,dr,editformula,hyperlinkflag,iscode,isdefined,ismultiselectedenabled,isnextrow,isrevise,istotal,itemtype,label,maxlength,metadataproperty,metaid,metapath,modifiedtime,modifier,position,proid,refcode,refname,relatemeta,required,resid,showformula,textrows,ts,validateformula,visible,width)
            values('0001ZZZZb5d551929016','0001ZZZZ173fd0507f76','005173a2-bb00-4ee5-88e5-8b32e0ef254d','pk_schoolf','1','#111111',null,'~',1,null, null,null,null,null,null,'N',0,null,'N','N','N',null,'N','N','N','input','学校申请单主键',28,NULL,'','pk_schoolf',null,'~',1,'c21675f9-ce12-4b3b-a39c-3ddd19a49ddb','/common-ref/','-99',null,'Y',null,null,null,'2021-06-23 14:36:45',null,'N',null);
            go
            insert into pub_form_property(pk_form_property,areaid,classid,code,colnum,color,creationtime,creator,datatype,dataval,defaultvalue,defaultvar,define1,define2,define3,disabled,dr,editformula,hyperlinkflag,iscode,isdefined,ismultiselectedenabled,isnextrow,isrevise,istotal,itemtype,label,maxlength,metadataproperty,metaid,metapath,modifiedtime,modifier,position,proid,refcode,refname,relatemeta,required,resid,showformula,textrows,ts,validateformula,visible,width)
            values('0001ZZZZd1155140b359','0001ZZZZe3cb9c8e659e','005173a2-bb00-4ee5-88e5-8b32e0ef254d','approver','1','#111111',null,'~',204,null, null,null,null,null,null,'N',0,null,'N','N','N',null,'N','N','N','refer','审批人',28,NULL,'','approver',null,'~',20,'1e88ae4c-9933-498a-b8e8-f2700fee8899','uap/refer/riart/userDefaultRefer/index','用户',null,'N',null,null,null,'2021-06-23 14:36:45',null,'Y',null);
            go
            insert into pub_form_property(pk_form_property,areaid,classid,code,colnum,color,creationtime,creator,datatype,dataval,defaultvalue,defaultvar,define1,define2,define3,disabled,dr,editformula,hyperlinkflag,iscode,isdefined,ismultiselectedenabled,isnextrow,isrevise,istotal,itemtype,label,maxlength,metadataproperty,metaid,metapath,modifiedtime,modifier,position,proid,refcode,refname,relatemeta,required,resid,showformula,textrows,ts,validateformula,visible,width)
            values('0001ZZZZc7f6f55c0d0e','0001ZZZZe3cb9c8e659e','005173a2-bb00-4ee5-88e5-8b32e0ef254d','approvenote','1','#111111',null,'~',1,null, null,null,null,null,null,'N',0,null,'N','N','N',null,'N','N','N','input','审批批语',28,NULL,'','approvenote',null,'~',22,'3b115e52-5aed-4aeb-b990-5b30cce20994','/common-ref/','-99',null,'N',null,null,null,'2021-06-23 14:36:45',null,'Y',null);
            go
            insert into pub_form_property(pk_form_property,areaid,classid,code,colnum,color,creationtime,creator,datatype,dataval,defaultvalue,defaultvar,define1,define2,define3,disabled,dr,editformula,hyperlinkflag,iscode,isdefined,ismultiselectedenabled,isnextrow,isrevise,istotal,itemtype,label,maxlength,metadataproperty,metaid,metapath,modifiedtime,modifier,position,proid,refcode,refname,relatemeta,required,resid,showformula,textrows,ts,validateformula,visible,width)
            values('0001ZZZZ92fe5699520f','0001ZZZZe3cb9c8e659e','005173a2-bb00-4ee5-88e5-8b32e0ef254d','approvedate','1','#111111',null,'~',34,null, null,null,null,null,null,'N',0,null,'N','N','N',null,'N','N','N','datetimepicker','审批时间',28,NULL,'','approvedate',null,'~',23,'e1e140c7-b2fc-41cc-a7eb-3d827719d2d2','/common-ref/','-99',null,'N',null,null,null,'2021-06-23 14:36:45',null,'Y',null);
            go
            insert into pub_form_property(pk_form_property,areaid,classid,code,colnum,color,creationtime,creator,datatype,dataval,defaultvalue,defaultvar,define1,define2,define3,disabled,dr,editformula,hyperlinkflag,iscode,isdefined,ismultiselectedenabled,isnextrow,isrevise,istotal,itemtype,label,maxlength,metadataproperty,metaid,metapath,modifiedtime,modifier,position,proid,refcode,refname,relatemeta,required,resid,showformula,textrows,ts,validateformula,visible,width)
            values('0001ZZZZb5d551929020','0001ZZZZ173fd0507f76','005173a2-bb00-4ee5-88e5-8b32e0ef254d','approvestatus','1','#111111',null,'~',203,'自由=-1,审批未通过=0,审批通过=1,审批进行中=2,提交=3', null,null,null,null,null,'N',0,null,'N','N','N',null,'N','N','N','select','审批状态',28,NULL,'','approvestatus',null,'~',21,'7eb21e39-4666-449e-b44f-ee4e66b806da','/common-ref/','-99',null,'N',null,null,null,'2021-06-23 14:36:45',null,'Y',null);
            go
            insert into pub_form_property(pk_form_property,areaid,classid,code,colnum,color,creationtime,creator,datatype,dataval,defaultvalue,defaultvar,define1,define2,define3,disabled,dr,editformula,hyperlinkflag,iscode,isdefined,ismultiselectedenabled,isnextrow,isrevise,istotal,itemtype,label,maxlength,metadataproperty,metaid,metapath,modifiedtime,modifier,position,proid,refcode,refname,relatemeta,required,resid,showformula,textrows,ts,validateformula,visible,width)
            values('0001ZZZZb5d551929021','0001ZZZZ173fd0507f76','005173a2-bb00-4ee5-88e5-8b32e0ef254d','region','1','#111111',null,'~',1,null, null,null,null,null,null,'N',0,null,'N','N','N',null,'N','N','N','input','所属大区',28,NULL,'','region',null,'~',69,'d209002c-1ead-4efb-8011-767acea2094a','/common-ref/','-99',null,'N',null,null,null,'2021-06-23 14:36:45',null,'Y',null);
            go
            insert into pub_form_property(pk_form_property,areaid,classid,code,colnum,color,creationtime,creator,datatype,dataval,defaultvalue,defaultvar,define1,define2,define3,disabled,dr,editformula,hyperlinkflag,iscode,isdefined,ismultiselectedenabled,isnextrow,isrevise,istotal,itemtype,label,maxlength,metadataproperty,metaid,metapath,modifiedtime,modifier,position,proid,refcode,refname,relatemeta,required,resid,showformula,textrows,ts,validateformula,visible,width)
            values('0001ZZZZb5d551929035','0001ZZZZ173fd0507f76','005173a2-bb00-4ee5-88e5-8b32e0ef254d','proposer','1','#111111',null,'~',204,null, null,null,null,null,null,'N',0,null,'N','N','N',null,'N','N','N','refer','申请人',28,NULL,'','proposer',null,'~',71,'e9f3ec89-d6f5-49cf-bf4b-a7abfb3342e4','uapbd/refer/psninfo/PsndocRiartTreeGridRef/index','人员',null,'N',null,null,null,'2021-06-23 14:36:45',null,'Y',null);
            go
            insert into pub_form_property(pk_form_property,areaid,classid,code,colnum,color,creationtime,creator,datatype,dataval,defaultvalue,defaultvar,define1,define2,define3,disabled,dr,editformula,hyperlinkflag,iscode,isdefined,ismultiselectedenabled,isnextrow,isrevise,istotal,itemtype,label,maxlength,metadataproperty,metaid,metapath,modifiedtime,modifier,position,proid,refcode,refname,relatemeta,required,resid,showformula,textrows,ts,validateformula,visible,width)
            values('0001ZZZZb5d551929037','0001ZZZZ173fd0507f76','005173a2-bb00-4ee5-88e5-8b32e0ef254d','pk_org','1','#111111',null,'~',204,null, null,null,null,null,null,'N',0,null,'N','N','N',null,'N','N','N','refer','组织',28,'uap.org.name','','pk_org',null,'~',4,'6cf4f958-01a2-4ca9-a42a-d0c823f9dcef','uapbd/refer/org/BusinessUnitAndDeptTreeRef/index','业务单元及部门',null,'N',null,null,null,'2021-06-23 14:36:45',null,'Y',null);
            go
            insert into pub_form_property(pk_form_property,areaid,classid,code,colnum,color,creationtime,creator,datatype,dataval,defaultvalue,defaultvar,define1,define2,define3,disabled,dr,editformula,hyperlinkflag,iscode,isdefined,ismultiselectedenabled,isnextrow,isrevise,istotal,itemtype,label,maxlength,metadataproperty,metaid,metapath,modifiedtime,modifier,position,proid,refcode,refname,relatemeta,required,resid,showformula,textrows,ts,validateformula,visible,width)
            values('0001ZZZZb5d551929038','0001ZZZZ173fd0507f76','005173a2-bb00-4ee5-88e5-8b32e0ef254d','pk_org_v','1','#111111',null,'~',204,null, null,null,null,null,null,'N',0,null,'N','N','N',null,'N','N','N','refer','组织版本',28,'uap.org_v.name','','pk_org_v',null,'~',5,'56de8d87-0e3d-4257-ba44-e9a235657039','uapbd/refer/orgv/BusinessUnitVersionDefaultAllTreeRef/index','业务单元版本(所有)',null,'N',null,null,null,'2021-06-23 14:36:45',null,'N',null);
            go
            insert into pub_form_property(pk_form_property,areaid,classid,code,colnum,color,creationtime,creator,datatype,dataval,defaultvalue,defaultvar,define1,define2,define3,disabled,dr,editformula,hyperlinkflag,iscode,isdefined,ismultiselectedenabled,isnextrow,isrevise,istotal,itemtype,label,maxlength,metadataproperty,metaid,metapath,modifiedtime,modifier,position,proid,refcode,refname,relatemeta,required,resid,showformula,textrows,ts,validateformula,visible,width)
            values('0001ZZZZb5d551929069','0001ZZZZ173fd0507f76','005173a2-bb00-4ee5-88e5-8b32e0ef254d','address','1','#111111',null,'~',1,null, null,null,null,null,null,'N',0,null,'N','N','N',null,'N','N','N','input','详细地址',28,NULL,'','address',null,'~',70,'8fb2dbe0-2cf8-4aaa-b0d8-abf3963f77e7','/common-ref/','-99',null,'N',null,null,null,'2021-06-23 14:36:45',null,'Y',null);
            go
            insert into pub_form_property(pk_form_property,areaid,classid,code,colnum,color,creationtime,creator,datatype,dataval,defaultvalue,defaultvar,define1,define2,define3,disabled,dr,editformula,hyperlinkflag,iscode,isdefined,ismultiselectedenabled,isnextrow,isrevise,istotal,itemtype,label,maxlength,metadataproperty,metaid,metapath,modifiedtime,modifier,position,proid,refcode,refname,relatemeta,required,resid,showformula,textrows,ts,validateformula,visible,width)
            values('0001ZZZZb5d551929070','0001ZZZZ173fd0507f76','005173a2-bb00-4ee5-88e5-8b32e0ef254d','pk_group','1','#111111',null,'~',204,null, null,null,null,null,null,'N',0,null,'N','N','N',null,'N','N','N','refer','集团',28,'uap.group.name','','pk_group',null,'~',3,'f945479a-da55-4a6a-a92a-c5b33fc89418','uap/refer/riart/groupTreeRef/index','集团',null,'N',null,null,null,'2021-06-23 14:36:45',null,'Y',null);
            go




            insert into pub_form_property(pk_form_property,areaid,classid,code,colnum,color,creationtime,creator,datatype,dataval,defaultvalue,defaultvar,define1,define2,define3,disabled,dr,editformula,hyperlinkflag,iscode,isdefined,ismultiselectedenabled,isnextrow,isrevise,istotal,itemtype,label,maxlength,metadataproperty,metaid,metapath,modifiedtime,modifier,position,proid,refcode,refname,relatemeta,required,resid,showformula,textrows,ts,validateformula,visible,width)
            values('0001ZZZZc898a3f45001','0001ZZZZ20ab755a6a47','5010bec2-04c9-46bc-bb86-57fec4903197','pk_detail','1','#111111',null,'~',1,null, null,null,null,null,null,'N',0,null,'N','N','N',null,'N','N','N','input','明细主键',28,NULL,'','id_schoolformdetailvo.pk_detail',null,'~',1,'c7dd818b-fde8-45b1-bd60-88b6661067a1',null,null,null,'Y',null,null,null,'2021-06-23 14:36:45',null,'N',null);
            go
            insert into pub_form_property(pk_form_property,areaid,classid,code,colnum,color,creationtime,creator,datatype,dataval,defaultvalue,defaultvar,define1,define2,define3,disabled,dr,editformula,hyperlinkflag,iscode,isdefined,ismultiselectedenabled,isnextrow,isrevise,istotal,itemtype,label,maxlength,metadataproperty,metaid,metapath,modifiedtime,modifier,position,proid,refcode,refname,relatemeta,required,resid,showformula,textrows,ts,validateformula,visible,width)
            values('0001ZZZZc898a3f45002','0001ZZZZ20ab755a6a47','5010bec2-04c9-46bc-bb86-57fec4903197','rowno','1','#111111',null,'~',1,null, null,null,null,null,null,'N',0,null,'N','N','N',null,'N','N','N','input','行号',28,NULL,'','id_schoolformdetailvo.rowno',null,'~',2,'e69716fd-f538-48c5-bfc7-a8d3fe48adcc',null,null,null,'N',null,null,null,'2021-06-23 14:36:45',null,'Y',null);
            go

            insert into pub_form_property(pk_form_property,areaid,classid,code,colnum,color,creationtime,creator,datatype,dataval,defaultvalue,defaultvar,define1,define2,define3,disabled,dr,editformula,hyperlinkflag,iscode,isdefined,ismultiselectedenabled,isnextrow,isrevise,istotal,itemtype,label,maxlength,metadataproperty,metaid,metapath,modifiedtime,modifier,position,proid,refcode,refname,relatemeta,required,resid,showformula,textrows,ts,validateformula,visible,width)
            values('0001ZZZZ6f7e051fe001','0001ZZZZa6c5324e2fdc','5010bec2-04c9-46bc-bb86-57fec4903197','pk_detail','1','#111111',null,'~',1,null, null,null,null,null,null,'N',0,null,'N','N','N',null,'N','N','N','input','明细主键',28,NULL,'','id_schoolformdetailvo.pk_detail',null,'~',1,'1f3b07c1-a23b-47b4-b6ef-f7eb70b1aae0',null,null,null,'Y',null,null,null,'2021-06-23 14:36:45',null,'N',null);
            go
            insert into pub_form_property(pk_form_property,areaid,classid,code,colnum,color,creationtime,creator,datatype,dataval,defaultvalue,defaultvar,define1,define2,define3,disabled,dr,editformula,hyperlinkflag,iscode,isdefined,ismultiselectedenabled,isnextrow,isrevise,istotal,itemtype,label,maxlength,metadataproperty,metaid,metapath,modifiedtime,modifier,position,proid,refcode,refname,relatemeta,required,resid,showformula,textrows,ts,validateformula,visible,width)
            values('0001ZZZZ6f7e051fe002','0001ZZZZa6c5324e2fdc','5010bec2-04c9-46bc-bb86-57fec4903197','rowno','1','#111111',null,'~',1,null, null,null,null,null,null,'N',0,null,'N','N','N',null,'N','N','N','input','行号',28,NULL,'','id_schoolformdetailvo.rowno',null,'~',2,'a4aeb3a1-ca64-404b-843e-2451d29e6d67',null,null,null,'N',null,null,null,'2021-06-23 14:36:45',null,'Y',null);
            go

            insert into pub_form_property(pk_form_property,areaid,classid,code,colnum,color,creationtime,creator,datatype,dataval,defaultvalue,defaultvar,define1,define2,define3,disabled,dr,editformula,hyperlinkflag,iscode,isdefined,ismultiselectedenabled,isnextrow,isrevise,istotal,itemtype,label,maxlength,metadataproperty,metaid,metapath,modifiedtime,modifier,position,proid,refcode,refname,relatemeta,required,resid,showformula,textrows,ts,validateformula,visible,width)
            values('0001ZZZZac5cfbabe001','0001ZZZZf514919c3504','5010bec2-04c9-46bc-bb86-57fec4903197','pk_detail','1','#111111',null,'~',1,null, null,null,null,null,null,'N',0,null,'N','N','N',null,'N','N','N','input','明细主键',28,NULL,'','id_schoolformdetailvo.pk_detail',null,'~',1,'8461a05e-b58f-4c59-92a4-04327160b2c5',null,null,null,'Y',null,null,null,'2021-06-23 14:36:45',null,'N',null);
            go
            insert into pub_form_property(pk_form_property,areaid,classid,code,colnum,color,creationtime,creator,datatype,dataval,defaultvalue,defaultvar,define1,define2,define3,disabled,dr,editformula,hyperlinkflag,iscode,isdefined,ismultiselectedenabled,isnextrow,isrevise,istotal,itemtype,label,maxlength,metadataproperty,metaid,metapath,modifiedtime,modifier,position,proid,refcode,refname,relatemeta,required,resid,showformula,textrows,ts,validateformula,visible,width)
            values('0001ZZZZac5cfbabe002','0001ZZZZf514919c3504','5010bec2-04c9-46bc-bb86-57fec4903197','rowno','1','#111111',null,'~',1,null, null,null,null,null,null,'N',0,null,'N','N','N',null,'N','N','N','input','行号',28,NULL,'','id_schoolformdetailvo.rowno',null,'~',2,'56822b2f-9219-4df6-98c3-8a1823762b85',null,null,null,'N',null,null,null,'2021-06-23 14:36:45',null,'Y',null);
            go
