insert into pub_page_templet(pk_page_templet,appcode,clazz,code,creationtime,creator,dr,headcode,isdefault,metaid,modifiedtime,modifier,name,pagecode,parentid,pk_group,pk_org,resid,resmodule,templetdesc,ts)
values('0001ZZZZd69819597fb5','81H10131','nc.vo.cy.msgstation.AggMsgstationHVO','81H10131_LIST',null,'~',0,'list_head','Y',null,null,'~','消息中转站列表','81H10131_LIST','root',null,null,null,null,'消息中转站列表页面','2021-07-19 10:24:42');
go

insert into pub_page_templet(pk_page_templet,appcode,clazz,code,creationtime,creator,dr,headcode,isdefault,metaid,modifiedtime,modifier,name,pagecode,parentid,pk_group,pk_org,resid,resmodule,templetdesc,ts)
values('0001ZZZZ303ec90266b1','81H10131','nc.vo.cy.msgstation.AggMsgstationHVO','81H10131_CARD',null,'~',0,'card_head','N',null,null,'~','消息中转站卡片','81H10131_CARD','root',null,null,null,null,'消息中转站卡片页面','2021-07-19 10:24:42');
go

insert into pub_page_templet(pk_page_templet,appcode,clazz,code,creationtime,creator,dr,headcode,isdefault,metaid,modifiedtime,modifier,name,pagecode,parentid,pk_group,pk_org,resid,resmodule,templetdesc,ts)
values('0001ZZZZb1def818f236','81H10131','nc.vo.cy.msgstation.AggMsgstationHVO','81H10131L_CARD',null,'~',0,'card_head','N',null,null,'~','消息中转站联查卡片','81H10131L_CARD','root',null,null,null,null,'消息中转站联查卡片页面','2021-07-19 10:24:42');
go

insert into pub_page_templet(pk_page_templet,appcode,clazz,code,creationtime,creator,dr,headcode,isdefault,metaid,modifiedtime,modifier,name,pagecode,parentid,pk_group,pk_org,resid,resmodule,templetdesc,ts)
values('0001ZZZZd48510c3e1aa','81H10131A','nc.vo.cy.msgstation.AggMsgstationHVO','81H10131A_CARD',null,'~',0,'card_head','N',null,null,'~','消息中转站审批卡片','81H10131A_CARD','root',null,null,null,null,'消息中转站审批卡片页面','2021-07-19 10:24:42');
go







insert into pub_area(pk_area,areadesc,areastatus,areatype,clazz,code,creationtime,creator,dr,isunfold,metaid,metaname,metaspace,modifiedtime,modifier,name,pagination,position,relationcode,resid,templetid,ts)
values('0001ZZZZ1562a7cb05b5',null,'browse',0,'nc.vo.cy.msgstation.MsgstationHVO','list_query',null,'~',0,null,'616d6644-e695-4fce-a886-35ddb082cb2a','消息中转站',null,null,'~','查询区',null,2,null,'','0001ZZZZd69819597fb5','2021-07-19 10:24:42');
go
insert into pub_area(pk_area,areadesc,areastatus,areatype,clazz,code,creationtime,creator,dr,isunfold,metaid,metaname,metaspace,modifiedtime,modifier,name,pagination,position,relationcode,resid,templetid,ts)
values('0001ZZZZc75c0609f485',null,'browse',2,'nc.vo.cy.msgstation.MsgstationHVO','list_head',null,'~',0,null,'616d6644-e695-4fce-a886-35ddb082cb2a','消息中转站',null,null,'~','表头',null,1,null,'','0001ZZZZd69819597fb5','2021-07-19 10:24:42');
go




insert into pub_area(pk_area,areadesc,areastatus,areatype,clazz,code,creationtime,creator,dr,isunfold,metaid,metaname,metaspace,modifiedtime,modifier,name,pagination,position,relationcode,resid,templetid,ts)
values('0001ZZZZf018fe084072',null,'browse',1,'nc.vo.cy.msgstation.MsgstationHVO','card_head',null,'~',0,null,'616d6644-e695-4fce-a886-35ddb082cb2a','消息中转站','cy.msgstation',null,'~','消息中转站',null,1,null,null,'0001ZZZZ303ec90266b1','2021-07-19 10:24:42');
go
insert into pub_area(pk_area,areadesc,areastatus,areatype,clazz,code,creationtime,creator,dr,isunfold,metaid,metaname,metaspace,modifiedtime,modifier,name,pagination,position,relationcode,resid,templetid,ts)
values('0001ZZZZ3dbc821dbc06',null,'browse',1,'nc.vo.cy.msgstation.MsgstationHVO','card_operate',null,'~',0,null,'616d6644-e695-4fce-a886-35ddb082cb2a','消息中转站','cy.msgstation',null,'~','操作信息',null,2,'card_head',null,'0001ZZZZ303ec90266b1','2021-07-19 10:24:42');
go
insert into pub_area(pk_area,areadesc,areastatus,areatype,clazz,code,creationtime,creator,dr,isunfold,metaid,metaname,metaspace,modifiedtime,modifier,name,pagination,position,relationcode,resid,templetid,ts)
values('0001ZZZZ64879dbc5db4',null,'browse',2,'nc.vo.cy.msgstation.Msgchild','card_body',null,'~',0,null,'616d6644-e695-4fce-a886-35ddb082cb2a','消息中转站','cy.msgstation',null,'~','消息中转站子表',null,3,null,null,'0001ZZZZ303ec90266b1','2021-07-19 10:24:42');
go
insert into pub_area(pk_area,areadesc,areastatus,areatype,clazz,code,creationtime,creator,dr,isunfold,metaid,metaname,metaspace,modifiedtime,modifier,name,pagination,position,relationcode,resid,templetid,ts)
values('0001ZZZZa0dd7693903d',null,'edit',1,'nc.vo.cy.msgstation.Msgchild','card_body_edit',null,'~',0,null,'616d6644-e695-4fce-a886-35ddb082cb2a','消息中转站','cy.msgstation',null,'~','消息中转站子表',null,4,'card_body',null,'0001ZZZZ303ec90266b1','2021-07-19 10:24:42');
go
insert into pub_area(pk_area,areadesc,areastatus,areatype,clazz,code,creationtime,creator,dr,isunfold,metaid,metaname,metaspace,modifiedtime,modifier,name,pagination,position,relationcode,resid,templetid,ts)
values('0001ZZZZd37f2a0092b1',null,'browse',1,'nc.vo.cy.msgstation.Msgchild','card_body_browse',null,'~',0,null,'616d6644-e695-4fce-a886-35ddb082cb2a','消息中转站','cy.msgstation',null,'~','消息中转站子表',null,5,'card_body',null,'0001ZZZZ303ec90266b1','2021-07-19 10:24:42');
go


insert into pub_area(pk_area,areadesc,areastatus,areatype,clazz,code,creationtime,creator,dr,isunfold,metaid,metaname,metaspace,modifiedtime,modifier,name,pagination,position,relationcode,resid,templetid,ts)
values('0001ZZZZfddb13604ce4',null,'browse',1,'nc.vo.cy.msgstation.MsgstationHVO','card_head',null,'~',0,null,'616d6644-e695-4fce-a886-35ddb082cb2a','消息中转站','cy.msgstation',null,'~','消息中转站',null,1,null,null,'0001ZZZZb1def818f236','2021-07-19 10:24:42');
go
insert into pub_area(pk_area,areadesc,areastatus,areatype,clazz,code,creationtime,creator,dr,isunfold,metaid,metaname,metaspace,modifiedtime,modifier,name,pagination,position,relationcode,resid,templetid,ts)
values('0001ZZZZ31f12f28ac35',null,'browse',1,'nc.vo.cy.msgstation.MsgstationHVO','card_operate',null,'~',0,null,'616d6644-e695-4fce-a886-35ddb082cb2a','消息中转站','cy.msgstation',null,'~','操作信息',null,2,'card_head',null,'0001ZZZZb1def818f236','2021-07-19 10:24:42');
go
insert into pub_area(pk_area,areadesc,areastatus,areatype,clazz,code,creationtime,creator,dr,isunfold,metaid,metaname,metaspace,modifiedtime,modifier,name,pagination,position,relationcode,resid,templetid,ts)
values('0001ZZZZ7620b39a668f',null,'browse',2,'nc.vo.cy.msgstation.Msgchild','card_body',null,'~',0,null,'616d6644-e695-4fce-a886-35ddb082cb2a','消息中转站','cy.msgstation',null,'~','消息中转站子表',null,3,null,null,'0001ZZZZb1def818f236','2021-07-19 10:24:42');
go
insert into pub_area(pk_area,areadesc,areastatus,areatype,clazz,code,creationtime,creator,dr,isunfold,metaid,metaname,metaspace,modifiedtime,modifier,name,pagination,position,relationcode,resid,templetid,ts)
values('0001ZZZZ37a588158071',null,'edit',1,'nc.vo.cy.msgstation.Msgchild','card_body_edit',null,'~',0,null,'616d6644-e695-4fce-a886-35ddb082cb2a','消息中转站','cy.msgstation',null,'~','消息中转站子表',null,4,'card_body',null,'0001ZZZZb1def818f236','2021-07-19 10:24:42');
go
insert into pub_area(pk_area,areadesc,areastatus,areatype,clazz,code,creationtime,creator,dr,isunfold,metaid,metaname,metaspace,modifiedtime,modifier,name,pagination,position,relationcode,resid,templetid,ts)
values('0001ZZZZ9b1a3d14e79e',null,'browse',1,'nc.vo.cy.msgstation.Msgchild','card_body_browse',null,'~',0,null,'616d6644-e695-4fce-a886-35ddb082cb2a','消息中转站','cy.msgstation',null,'~','消息中转站子表',null,5,'card_body',null,'0001ZZZZb1def818f236','2021-07-19 10:24:42');
go

insert into pub_area(pk_area,areadesc,areastatus,areatype,clazz,code,creationtime,creator,dr,isunfold,metaid,metaname,metaspace,modifiedtime,modifier,name,pagination,position,relationcode,resid,templetid,ts)
values('0001ZZZZb01142d8ace7',null,'browse',1,'nc.vo.cy.msgstation.MsgstationHVO','card_head',null,'~',0,null,'616d6644-e695-4fce-a886-35ddb082cb2a','消息中转站','cy.msgstation',null,'~','消息中转站',null,1,null,null,'0001ZZZZd48510c3e1aa','2021-07-19 10:24:42');
go
insert into pub_area(pk_area,areadesc,areastatus,areatype,clazz,code,creationtime,creator,dr,isunfold,metaid,metaname,metaspace,modifiedtime,modifier,name,pagination,position,relationcode,resid,templetid,ts)
values('0001ZZZZf83fd03caf45',null,'browse',1,'nc.vo.cy.msgstation.MsgstationHVO','card_operate',null,'~',0,null,'616d6644-e695-4fce-a886-35ddb082cb2a','消息中转站','cy.msgstation',null,'~','操作信息',null,2,'card_head',null,'0001ZZZZd48510c3e1aa','2021-07-19 10:24:42');
go
insert into pub_area(pk_area,areadesc,areastatus,areatype,clazz,code,creationtime,creator,dr,isunfold,metaid,metaname,metaspace,modifiedtime,modifier,name,pagination,position,relationcode,resid,templetid,ts)
values('0001ZZZZc94b4d908591',null,'browse',2,'nc.vo.cy.msgstation.Msgchild','card_body',null,'~',0,null,'616d6644-e695-4fce-a886-35ddb082cb2a','消息中转站','cy.msgstation',null,'~','消息中转站子表',null,3,null,null,'0001ZZZZd48510c3e1aa','2021-07-19 10:24:42');
go
insert into pub_area(pk_area,areadesc,areastatus,areatype,clazz,code,creationtime,creator,dr,isunfold,metaid,metaname,metaspace,modifiedtime,modifier,name,pagination,position,relationcode,resid,templetid,ts)
values('0001ZZZZc58e26065a14',null,'edit',1,'nc.vo.cy.msgstation.Msgchild','card_body_edit',null,'~',0,null,'616d6644-e695-4fce-a886-35ddb082cb2a','消息中转站','cy.msgstation',null,'~','消息中转站子表',null,4,'card_body',null,'0001ZZZZd48510c3e1aa','2021-07-19 10:24:42');
go
insert into pub_area(pk_area,areadesc,areastatus,areatype,clazz,code,creationtime,creator,dr,isunfold,metaid,metaname,metaspace,modifiedtime,modifier,name,pagination,position,relationcode,resid,templetid,ts)
values('0001ZZZZ316e53f5a4ae',null,'browse',1,'nc.vo.cy.msgstation.Msgchild','card_body_browse',null,'~',0,null,'616d6644-e695-4fce-a886-35ddb082cb2a','消息中转站','cy.msgstation',null,'~','消息中转站子表',null,5,'card_body',null,'0001ZZZZd48510c3e1aa','2021-07-19 10:24:42');
go




            insert into pub_query_property(pk_query_property,areaid,classid,code,containlower,creationtime,creator,datatype,dataval,defaultvalue,define1,define2,define3,define4,define5,disabled,dr,isbeyondorg,ischeck,isdefined,isfixedcondition,ismultiselectedenabled,isnotmeta,isquerycondition,isuse,itemtype,label,maxlength,metadataproperty,metapath,opersign,opersignname,position,proid,querytablename,refcode,refname,required,resid,returntype,showtype,tablecode,ts,usefunc,visible,visibleposition,width)
            values('0001ZZZZfa76fbe7f13d','0001ZZZZ1562a7cb05b5','616d6644-e695-4fce-a886-35ddb082cb2a','pk_busitype',null,null,'~',204,'','','','','','','','N',0,'N','N','N','N','N','N','Y','Y','refer','业务类型',20,NULL,'pk_busitype','=@','等于@',9,'0e37b9c8-c6c8-4ae0-9791-feb1fcce306e','','uap/refer/riart/busitype/index','业务流程','N','','refpk',1,'','2021-07-19 10:24:42','N','Y',null,1);
            go
            insert into pub_query_property(pk_query_property,areaid,classid,code,containlower,creationtime,creator,datatype,dataval,defaultvalue,define1,define2,define3,define4,define5,disabled,dr,isbeyondorg,ischeck,isdefined,isfixedcondition,ismultiselectedenabled,isnotmeta,isquerycondition,isuse,itemtype,label,maxlength,metadataproperty,metapath,opersign,opersignname,position,proid,querytablename,refcode,refname,required,resid,returntype,showtype,tablecode,ts,usefunc,visible,visibleposition,width)
            values('0001ZZZZc3f57259fc7a','0001ZZZZ1562a7cb05b5','616d6644-e695-4fce-a886-35ddb082cb2a','bill_no',null,null,'~',1,'','','','','','','','Y',0,'N','N','N','N','N','N','Y','Y','input','单据号',50,NULL,'bill_no','=@','等于@',8,'d0f921ee-d181-4a93-9cd0-7e8741fbe5b8','','/common-ref/','-99','N','','refpk',1,'','2021-07-19 10:24:42','N','Y',null,1);
            go
            insert into pub_query_property(pk_query_property,areaid,classid,code,containlower,creationtime,creator,datatype,dataval,defaultvalue,define1,define2,define3,define4,define5,disabled,dr,isbeyondorg,ischeck,isdefined,isfixedcondition,ismultiselectedenabled,isnotmeta,isquerycondition,isuse,itemtype,label,maxlength,metadataproperty,metapath,opersign,opersignname,position,proid,querytablename,refcode,refname,required,resid,returntype,showtype,tablecode,ts,usefunc,visible,visibleposition,width)
            values('0001ZZZZ5fb411f0d2c6','0001ZZZZ1562a7cb05b5','616d6644-e695-4fce-a886-35ddb082cb2a','dbilldate',null,null,'~',33,'','','','','','','','N',0,'N','N','N','N','N','N','Y','Y','datepicker','单据日期',19,NULL,'dbilldate','=@','等于@',6,'1ff4675d-6ba2-4c47-996a-c17a834edfa8','','/common-ref/','-99','N','','refpk',1,'','2021-07-19 10:24:42','N','Y',null,1);
            go
            insert into pub_query_property(pk_query_property,areaid,classid,code,containlower,creationtime,creator,datatype,dataval,defaultvalue,define1,define2,define3,define4,define5,disabled,dr,isbeyondorg,ischeck,isdefined,isfixedcondition,ismultiselectedenabled,isnotmeta,isquerycondition,isuse,itemtype,label,maxlength,metadataproperty,metapath,opersign,opersignname,position,proid,querytablename,refcode,refname,required,resid,returntype,showtype,tablecode,ts,usefunc,visible,visibleposition,width)
            values('0001ZZZZ256916ca8023','0001ZZZZ1562a7cb05b5','616d6644-e695-4fce-a886-35ddb082cb2a','billstatus',null,null,'~',203,'自由=-1,审批未通过=0,审批通过=1,审批进行中=2,提交=3','','','','','','','N',0,'N','N','N','N','N','N','Y','Y','select','单据状态',50,NULL,'billstatus','=@','等于@',7,'9214f2f2-3214-46a7-bfc8-03650049b592','','/common-ref/','-99','N','','refpk',1,'','2021-07-19 10:24:42','N','Y',null,1);
            go
            insert into pub_query_property(pk_query_property,areaid,classid,code,containlower,creationtime,creator,datatype,dataval,defaultvalue,define1,define2,define3,define4,define5,disabled,dr,isbeyondorg,ischeck,isdefined,isfixedcondition,ismultiselectedenabled,isnotmeta,isquerycondition,isuse,itemtype,label,maxlength,metadataproperty,metapath,opersign,opersignname,position,proid,querytablename,refcode,refname,required,resid,returntype,showtype,tablecode,ts,usefunc,visible,visibleposition,width)
            values('0001ZZZZf7a411bea730','0001ZZZZ1562a7cb05b5','616d6644-e695-4fce-a886-35ddb082cb2a','receiverid',null,null,'~',1,'','','','','','','','N',0,'N','N','N','N','N','N','Y','Y','input','接收人身份证号',50,NULL,'receiverid','=@','等于@',70,'a68f5b47-cda8-48df-931b-cb69e204c52c','','/common-ref/','-99','N','','refpk',1,'','2021-07-19 10:24:42','N','Y',null,1);
            go
            insert into pub_query_property(pk_query_property,areaid,classid,code,containlower,creationtime,creator,datatype,dataval,defaultvalue,define1,define2,define3,define4,define5,disabled,dr,isbeyondorg,ischeck,isdefined,isfixedcondition,ismultiselectedenabled,isnotmeta,isquerycondition,isuse,itemtype,label,maxlength,metadataproperty,metapath,opersign,opersignname,position,proid,querytablename,refcode,refname,required,resid,returntype,showtype,tablecode,ts,usefunc,visible,visibleposition,width)
            values('0001ZZZZ5cc736d5ebb8','0001ZZZZ1562a7cb05b5','616d6644-e695-4fce-a886-35ddb082cb2a','receivetime',null,null,'~',33,'','','','','','','','N',0,'N','N','N','N','N','N','Y','Y','datepicker','推送时间',19,NULL,'receivetime','=@','等于@',72,'82185c28-aa0e-4380-86be-3726b6df6324','','/common-ref/','-99','N','','refpk',1,'','2021-07-19 10:24:42','N','Y',null,1);
            go
            insert into pub_query_property(pk_query_property,areaid,classid,code,containlower,creationtime,creator,datatype,dataval,defaultvalue,define1,define2,define3,define4,define5,disabled,dr,isbeyondorg,ischeck,isdefined,isfixedcondition,ismultiselectedenabled,isnotmeta,isquerycondition,isuse,itemtype,label,maxlength,metadataproperty,metapath,opersign,opersignname,position,proid,querytablename,refcode,refname,required,resid,returntype,showtype,tablecode,ts,usefunc,visible,visibleposition,width)
            values('0001ZZZZ74d3e859fc57','0001ZZZZ1562a7cb05b5','616d6644-e695-4fce-a886-35ddb082cb2a','msg',null,null,'~',57,'','','','','','','','N',0,'N','N','N','N','N','N','Y','Y','refer','消息内容',28,NULL,'msg','=@','等于@',71,'7d1b8cc0-3f53-4711-82a0-b8e3c9424de0','','/common-ref/','-99','N','','refpk',1,'','2021-07-19 10:24:42','N','Y',null,1);
            go
            insert into pub_query_property(pk_query_property,areaid,classid,code,containlower,creationtime,creator,datatype,dataval,defaultvalue,define1,define2,define3,define4,define5,disabled,dr,isbeyondorg,ischeck,isdefined,isfixedcondition,ismultiselectedenabled,isnotmeta,isquerycondition,isuse,itemtype,label,maxlength,metadataproperty,metapath,opersign,opersignname,position,proid,querytablename,refcode,refname,required,resid,returntype,showtype,tablecode,ts,usefunc,visible,visibleposition,width)
            values('0001ZZZZ17762de8e331','0001ZZZZ1562a7cb05b5','616d6644-e695-4fce-a886-35ddb082cb2a','receiver',null,null,'~',1,'','','','','','','','N',0,'N','N','N','N','N','N','Y','Y','input','消息接收人',50,NULL,'receiver','=@','等于@',69,'cc13e6ca-3b6b-4996-87d2-ae70a488ee80','','/common-ref/','-99','N','','refpk',1,'','2021-07-19 10:24:42','N','Y',null,1);
            go
            insert into pub_query_property(pk_query_property,areaid,classid,code,containlower,creationtime,creator,datatype,dataval,defaultvalue,define1,define2,define3,define4,define5,disabled,dr,isbeyondorg,ischeck,isdefined,isfixedcondition,ismultiselectedenabled,isnotmeta,isquerycondition,isuse,itemtype,label,maxlength,metadataproperty,metapath,opersign,opersignname,position,proid,querytablename,refcode,refname,required,resid,returntype,showtype,tablecode,ts,usefunc,visible,visibleposition,width)
            values('0001ZZZZ1195010f8c30','0001ZZZZ1562a7cb05b5','616d6644-e695-4fce-a886-35ddb082cb2a','receiveport',null,null,'~',1,'','','','','','','','N',0,'N','N','N','N','N','N','Y','Y','input','消息接收端',50,NULL,'receiveport','=@','等于@',68,'496a3c42-7fad-4d62-b885-774afafb0c5c','','/common-ref/','-99','N','','refpk',1,'','2021-07-19 10:24:42','N','Y',null,1);
            go
            insert into pub_query_property(pk_query_property,areaid,classid,code,containlower,creationtime,creator,datatype,dataval,defaultvalue,define1,define2,define3,define4,define5,disabled,dr,isbeyondorg,ischeck,isdefined,isfixedcondition,ismultiselectedenabled,isnotmeta,isquerycondition,isuse,itemtype,label,maxlength,metadataproperty,metapath,opersign,opersignname,position,proid,querytablename,refcode,refname,required,resid,returntype,showtype,tablecode,ts,usefunc,visible,visibleposition,width)
            values('0001ZZZZ35ef0b169c2f','0001ZZZZ1562a7cb05b5','616d6644-e695-4fce-a886-35ddb082cb2a','pk_org',null,null,'~',204,'0001Z01000000001BVPS,code=N','','','','','','','N',0,'N','N','N','N','N','N','Y','Y','refer','组织',20,'uap.org.name','pk_org','=@','等于@',4,'2cc722dd-29a9-42ed-8d19-9bf8ab251e2a','','uapbd/refer/org/BusinessUnitAndDeptTreeRef/index','业务单元及部门','N','','refpk',1,'','2021-07-19 10:24:42','N','Y',null,1);
            go
            insert into pub_query_property(pk_query_property,areaid,classid,code,containlower,creationtime,creator,datatype,dataval,defaultvalue,define1,define2,define3,define4,define5,disabled,dr,isbeyondorg,ischeck,isdefined,isfixedcondition,ismultiselectedenabled,isnotmeta,isquerycondition,isuse,itemtype,label,maxlength,metadataproperty,metapath,opersign,opersignname,position,proid,querytablename,refcode,refname,required,resid,returntype,showtype,tablecode,ts,usefunc,visible,visibleposition,width)
            values('0001ZZZZ53fd754b6656','0001ZZZZ1562a7cb05b5','616d6644-e695-4fce-a886-35ddb082cb2a','pk_group',null,null,'~',204,'0001Z010000000000ZKS,code=N','','','','','','','N',0,'N','N','N','N','N','N','Y','Y','refer','集团',20,'uap.group.name','pk_group','=@','等于@',3,'99d7903d-0ba9-47ac-8633-f8c80b27ab29','','uap/refer/riart/groupTreeRef/index','集团','N','','refpk',1,'','2021-07-19 10:24:42','N','Y',null,1);
            go


        insert into pub_form_property(pk_form_property,areaid,classid,code,colnum,color,creationtime,creator,datatype,dataval,defaultvalue,defaultvar,define1,define2,define3,disabled,dr,editformula,hyperlinkflag,iscode,isdefined,ismultiselectedenabled,isnextrow,isrevise,istotal,itemtype,label,maxlength,metadataproperty,metaid,metapath,modifiedtime,modifier,position,proid,refcode,refname,relatemeta,required,resid,showformula,textrows,ts,validateformula,visible,width)
        values('0001ZZZZc37cd6796000','0001ZZZZc75c0609f485','616d6644-e695-4fce-a886-35ddb082cb2a','pk_busitype',null,'#111111',null,'~',204, '', null,null,null,null,null,'N',0,null,'N','N','N',null,'N','N','N','refer','业务类型',28,NULL,'7717f1a3-b777-454e-abb5-ef8705a0f0c2','pk_busitype',null,'~',9,'b91be967-689b-427e-b247-02fc05916fb3','uap/refer/riart/busitype/index','业务流程',null,'N',null,null,null,'2021-07-19 10:24:42',null,'Y',null);
        go

        insert into pub_form_property(pk_form_property,areaid,classid,code,colnum,color,creationtime,creator,datatype,dataval,defaultvalue,defaultvar,define1,define2,define3,disabled,dr,editformula,hyperlinkflag,iscode,isdefined,ismultiselectedenabled,isnextrow,isrevise,istotal,itemtype,label,maxlength,metadataproperty,metaid,metapath,modifiedtime,modifier,position,proid,refcode,refname,relatemeta,required,resid,showformula,textrows,ts,validateformula,visible,width)
        values('0001ZZZZc37cd6796001','0001ZZZZc75c0609f485','616d6644-e695-4fce-a886-35ddb082cb2a','pk_transtype',null,'#111111',null,'~',204, '0001Z0100BILLTYPEZJ8,code=N', null,null,null,null,null,'N',0,null,'N','N','N',null,'N','N','N','refer','交易类型',28,'uap.BilltypeVO.billtypename','b0fa41cd-a649-4309-b685-d341a5d1b0ed','pk_transtype',null,'~',13,'bb9342f5-4942-437b-8932-b81f7809e782','uap/refer/riart/transtype/index','影响因素交 易类型',null,'N',null,null,null,'2021-07-19 10:24:42',null,'Y',null);
        go

        insert into pub_form_property(pk_form_property,areaid,classid,code,colnum,color,creationtime,creator,datatype,dataval,defaultvalue,defaultvar,define1,define2,define3,disabled,dr,editformula,hyperlinkflag,iscode,isdefined,ismultiselectedenabled,isnextrow,isrevise,istotal,itemtype,label,maxlength,metadataproperty,metaid,metapath,modifiedtime,modifier,position,proid,refcode,refname,relatemeta,required,resid,showformula,textrows,ts,validateformula,visible,width)
        values('0001ZZZZc37cd6796002','0001ZZZZc75c0609f485','616d6644-e695-4fce-a886-35ddb082cb2a','transtypecode',null,'#111111',null,'~',1, null, null,null,null,null,null,'N',0,null,'N','N','N',null,'N','N','N','input','交易类型编码',28,NULL,'','transtypecode',null,'~',12,'f7b02e8b-9360-4ed2-9142-749f37e0d278','/common-ref/','-99',null,'N',null,null,null,'2021-07-19 10:24:42',null,'Y',null);
        go

        insert into pub_form_property(pk_form_property,areaid,classid,code,colnum,color,creationtime,creator,datatype,dataval,defaultvalue,defaultvar,define1,define2,define3,disabled,dr,editformula,hyperlinkflag,iscode,isdefined,ismultiselectedenabled,isnextrow,isrevise,istotal,itemtype,label,maxlength,metadataproperty,metaid,metapath,modifiedtime,modifier,position,proid,refcode,refname,relatemeta,required,resid,showformula,textrows,ts,validateformula,visible,width)
        values('0001ZZZZc37cd6796003','0001ZZZZc75c0609f485','616d6644-e695-4fce-a886-35ddb082cb2a','modifier',null,'#111111',null,'~',204, '0001Z01000000001BVPB,code=N', null,null,null,null,null,'N',0,null,'N','N','N',null,'N','N','N','refer','修改人',28,'uap.user.user_name','f6f9a473-56c0-432f-8bc7-fbf8fde54fee','modifier',null,'~',18,'0f38b1fd-05cc-4d1a-bef6-82455fd486e0','uap/refer/riart/userDefaultRefer/index','用户',null,'N',null,null,null,'2021-07-19 10:24:42',null,'Y',null);
        go

        insert into pub_form_property(pk_form_property,areaid,classid,code,colnum,color,creationtime,creator,datatype,dataval,defaultvalue,defaultvar,define1,define2,define3,disabled,dr,editformula,hyperlinkflag,iscode,isdefined,ismultiselectedenabled,isnextrow,isrevise,istotal,itemtype,label,maxlength,metadataproperty,metaid,metapath,modifiedtime,modifier,position,proid,refcode,refname,relatemeta,required,resid,showformula,textrows,ts,validateformula,visible,width)
        values('0001ZZZZc37cd6796004','0001ZZZZc75c0609f485','616d6644-e695-4fce-a886-35ddb082cb2a','modifiedtime',null,'#111111',null,'~',34, null, null,null,null,null,null,'N',0,null,'N','N','N',null,'N','N','N','datetimepicker','修改时间',28,NULL,'','modifiedtime',null,'~',19,'ac4d0220-ef1f-4089-a1cb-d346be9a6e26','/common-ref/','-99',null,'N',null,null,null,'2021-07-19 10:24:42',null,'Y',null);
        go

        insert into pub_form_property(pk_form_property,areaid,classid,code,colnum,color,creationtime,creator,datatype,dataval,defaultvalue,defaultvar,define1,define2,define3,disabled,dr,editformula,hyperlinkflag,iscode,isdefined,ismultiselectedenabled,isnextrow,isrevise,istotal,itemtype,label,maxlength,metadataproperty,metaid,metapath,modifiedtime,modifier,position,proid,refcode,refname,relatemeta,required,resid,showformula,textrows,ts,validateformula,visible,width)
        values('0001ZZZZc37cd6796005','0001ZZZZc75c0609f485','616d6644-e695-4fce-a886-35ddb082cb2a','creator',null,'#111111',null,'~',204, '0001Z01000000001BVPB,code=N', null,null,null,null,null,'N',0,null,'N','N','N',null,'N','N','N','refer','创建人',28,'uap.user.user_name','f6f9a473-56c0-432f-8bc7-fbf8fde54fee','creator',null,'~',16,'5faf2861-098d-496e-99cb-c942cb854471','uap/refer/riart/userDefaultRefer/index','用户',null,'N',null,null,null,'2021-07-19 10:24:42',null,'Y',null);
        go

        insert into pub_form_property(pk_form_property,areaid,classid,code,colnum,color,creationtime,creator,datatype,dataval,defaultvalue,defaultvar,define1,define2,define3,disabled,dr,editformula,hyperlinkflag,iscode,isdefined,ismultiselectedenabled,isnextrow,isrevise,istotal,itemtype,label,maxlength,metadataproperty,metaid,metapath,modifiedtime,modifier,position,proid,refcode,refname,relatemeta,required,resid,showformula,textrows,ts,validateformula,visible,width)
        values('0001ZZZZc37cd6796006','0001ZZZZc75c0609f485','616d6644-e695-4fce-a886-35ddb082cb2a','creationtime',null,'#111111',null,'~',34, null, null,null,null,null,null,'N',0,null,'N','N','N',null,'N','N','N','datetimepicker','创建时间',28,NULL,'','creationtime',null,'~',17,'c6217df8-9d20-4f67-9263-46913592dc3b','/common-ref/','-99',null,'N',null,null,null,'2021-07-19 10:24:42',null,'Y',null);
        go

        insert into pub_form_property(pk_form_property,areaid,classid,code,colnum,color,creationtime,creator,datatype,dataval,defaultvalue,defaultvar,define1,define2,define3,disabled,dr,editformula,hyperlinkflag,iscode,isdefined,ismultiselectedenabled,isnextrow,isrevise,istotal,itemtype,label,maxlength,metadataproperty,metaid,metapath,modifiedtime,modifier,position,proid,refcode,refname,relatemeta,required,resid,showformula,textrows,ts,validateformula,visible,width)
        values('0001ZZZZc37cd6796007','0001ZZZZc75c0609f485','616d6644-e695-4fce-a886-35ddb082cb2a','billmaker',null,'#111111',null,'~',204, '0001Z01000000001BVPB,code=N', null,null,null,null,null,'N',0,null,'N','N','N',null,'N','N','N','refer','制单人',28,'uap.user.user_name','f6f9a473-56c0-432f-8bc7-fbf8fde54fee','billmaker',null,'~',14,'71ba2062-bb46-428f-8d2c-b9a133ddaf6c','uap/refer/riart/userDefaultRefer/index','用户',null,'N',null,null,null,'2021-07-19 10:24:42',null,'Y',null);
        go

        insert into pub_form_property(pk_form_property,areaid,classid,code,colnum,color,creationtime,creator,datatype,dataval,defaultvalue,defaultvar,define1,define2,define3,disabled,dr,editformula,hyperlinkflag,iscode,isdefined,ismultiselectedenabled,isnextrow,isrevise,istotal,itemtype,label,maxlength,metadataproperty,metaid,metapath,modifiedtime,modifier,position,proid,refcode,refname,relatemeta,required,resid,showformula,textrows,ts,validateformula,visible,width)
        values('0001ZZZZc37cd6796008','0001ZZZZc75c0609f485','616d6644-e695-4fce-a886-35ddb082cb2a','maketime',null,'#111111',null,'~',33, null, null,null,null,null,null,'N',0,null,'N','N','N',null,'N','N','N','datepicker','制单时间',28,NULL,'','maketime',null,'~',15,'9d10842e-f222-4af4-8282-daab611c36ad','/common-ref/','-99',null,'N',null,null,null,'2021-07-19 10:24:42',null,'Y',null);
        go

        insert into pub_form_property(pk_form_property,areaid,classid,code,colnum,color,creationtime,creator,datatype,dataval,defaultvalue,defaultvar,define1,define2,define3,disabled,dr,editformula,hyperlinkflag,iscode,isdefined,ismultiselectedenabled,isnextrow,isrevise,istotal,itemtype,label,maxlength,metadataproperty,metaid,metapath,modifiedtime,modifier,position,proid,refcode,refname,relatemeta,required,resid,showformula,textrows,ts,validateformula,visible,width)
        values('0001ZZZZc37cd6796009','0001ZZZZc75c0609f485','616d6644-e695-4fce-a886-35ddb082cb2a','bill_no',null,'#111111',null,'~',1, null, null,null,null,null,null,'Y',0,null,'N','N','N',null,'N','N','N','input','单据号',28,NULL,'','bill_no',null,'~',8,'477011d4-7275-45fc-b026-0bff3ec43f0f','/common-ref/','-99',null,'N',null,null,null,'2021-07-19 10:24:42',null,'Y',null);
        go

        insert into pub_form_property(pk_form_property,areaid,classid,code,colnum,color,creationtime,creator,datatype,dataval,defaultvalue,defaultvar,define1,define2,define3,disabled,dr,editformula,hyperlinkflag,iscode,isdefined,ismultiselectedenabled,isnextrow,isrevise,istotal,itemtype,label,maxlength,metadataproperty,metaid,metapath,modifiedtime,modifier,position,proid,refcode,refname,relatemeta,required,resid,showformula,textrows,ts,validateformula,visible,width)
        values('0001ZZZZc37cd6796010','0001ZZZZc75c0609f485','616d6644-e695-4fce-a886-35ddb082cb2a','dbilldate',null,'#111111',null,'~',33, null, null,null,null,null,null,'N',0,null,'N','N','N',null,'N','N','N','datepicker','单据日期',28,NULL,'','dbilldate',null,'~',6,'c5617359-b489-49eb-b862-97ff4e49c0c1','/common-ref/','-99',null,'N',null,null,null,'2021-07-19 10:24:42',null,'Y',null);
        go

        insert into pub_form_property(pk_form_property,areaid,classid,code,colnum,color,creationtime,creator,datatype,dataval,defaultvalue,defaultvar,define1,define2,define3,disabled,dr,editformula,hyperlinkflag,iscode,isdefined,ismultiselectedenabled,isnextrow,isrevise,istotal,itemtype,label,maxlength,metadataproperty,metaid,metapath,modifiedtime,modifier,position,proid,refcode,refname,relatemeta,required,resid,showformula,textrows,ts,validateformula,visible,width)
        values('0001ZZZZc37cd6796011','0001ZZZZc75c0609f485','616d6644-e695-4fce-a886-35ddb082cb2a','billstatus',null,'#111111',null,'~',203, '自由=-1,审批未通过=0,审批通过=1,审批进行中=2,提交=3','-1',null,null,null,null,'N',0,null,'N','N','N',null,'N','N','N','select','单据状态',28,NULL,'','billstatus',null,'~',7,'f8edd6e6-7cfe-4762-9d58-b8a0308cdaa6','/common-ref/','-99',null,'N',null,null,null,'2021-07-19 10:24:42',null,'Y',null);
        go

        insert into pub_form_property(pk_form_property,areaid,classid,code,colnum,color,creationtime,creator,datatype,dataval,defaultvalue,defaultvar,define1,define2,define3,disabled,dr,editformula,hyperlinkflag,iscode,isdefined,ismultiselectedenabled,isnextrow,isrevise,istotal,itemtype,label,maxlength,metadataproperty,metaid,metapath,modifiedtime,modifier,position,proid,refcode,refname,relatemeta,required,resid,showformula,textrows,ts,validateformula,visible,width)
        values('0001ZZZZc37cd6796012','0001ZZZZc75c0609f485','616d6644-e695-4fce-a886-35ddb082cb2a','pk_billtypeid',null,'#111111',null,'~',204, '0001Z0100BILLTYPEZJ7,code=N', null,null,null,null,null,'N',0,null,'N','N','N',null,'N','N','N','refer','单据类型',28,'uap.BilltypeVO.billtypename','b0fa41cd-a649-4309-b685-d341a5d1b0ed','pk_billtypeid',null,'~',10,'1d58860c-ffed-4db9-8105-b0bd482460f3','uap/refer/riart/billtype/index','影响因素单据类型',null,'N',null,null,null,'2021-07-19 10:24:42',null,'Y',null);
        go

        insert into pub_form_property(pk_form_property,areaid,classid,code,colnum,color,creationtime,creator,datatype,dataval,defaultvalue,defaultvar,define1,define2,define3,disabled,dr,editformula,hyperlinkflag,iscode,isdefined,ismultiselectedenabled,isnextrow,isrevise,istotal,itemtype,label,maxlength,metadataproperty,metaid,metapath,modifiedtime,modifier,position,proid,refcode,refname,relatemeta,required,resid,showformula,textrows,ts,validateformula,visible,width)
        values('0001ZZZZc37cd6796013','0001ZZZZc75c0609f485','616d6644-e695-4fce-a886-35ddb082cb2a','billtype',null,'#111111',null,'~',1, null, null,null,null,null,null,'N',0,null,'N','N','N',null,'N','N','N','input','单据类型编码',28,NULL,'','billtype',null,'~',11,'eb4a5821-18f1-4e1f-9c4d-7e541e967e5a','/common-ref/','-99',null,'N',null,null,null,'2021-07-19 10:24:42',null,'Y',null);
        go

        insert into pub_form_property(pk_form_property,areaid,classid,code,colnum,color,creationtime,creator,datatype,dataval,defaultvalue,defaultvar,define1,define2,define3,disabled,dr,editformula,hyperlinkflag,iscode,isdefined,ismultiselectedenabled,isnextrow,isrevise,istotal,itemtype,label,maxlength,metadataproperty,metaid,metapath,modifiedtime,modifier,position,proid,refcode,refname,relatemeta,required,resid,showformula,textrows,ts,validateformula,visible,width)
        values('0001ZZZZc37cd6796014','0001ZZZZc75c0609f485','616d6644-e695-4fce-a886-35ddb082cb2a','vnote',null,'#111111',null,'~',1, null, null,null,null,null,null,'N',0,null,'N','N','N',null,'N','N','N','input','备注',28,NULL,'','vnote',null,'~',24,'759f6ad7-082f-4401-a14f-2b474c7efa39','/common-ref/','-99',null,'N',null,null,null,'2021-07-19 10:24:42',null,'Y',null);
        go

        insert into pub_form_property(pk_form_property,areaid,classid,code,colnum,color,creationtime,creator,datatype,dataval,defaultvalue,defaultvar,define1,define2,define3,disabled,dr,editformula,hyperlinkflag,iscode,isdefined,ismultiselectedenabled,isnextrow,isrevise,istotal,itemtype,label,maxlength,metadataproperty,metaid,metapath,modifiedtime,modifier,position,proid,refcode,refname,relatemeta,required,resid,showformula,textrows,ts,validateformula,visible,width)
        values('0001ZZZZc37cd6796016','0001ZZZZc75c0609f485','616d6644-e695-4fce-a886-35ddb082cb2a','approver',null,'#111111',null,'~',204, '0001Z01000000001BVPB,code=N', null,null,null,null,null,'N',0,null,'N','N','N',null,'N','N','N','refer','审批人',28,'uap.user.user_name','f6f9a473-56c0-432f-8bc7-fbf8fde54fee','approver',null,'~',20,'38fda4f1-2163-40d4-bf87-ee3d7749c070','uap/refer/riart/userDefaultRefer/index','用户',null,'N',null,null,null,'2021-07-19 10:24:42',null,'Y',null);
        go

        insert into pub_form_property(pk_form_property,areaid,classid,code,colnum,color,creationtime,creator,datatype,dataval,defaultvalue,defaultvar,define1,define2,define3,disabled,dr,editformula,hyperlinkflag,iscode,isdefined,ismultiselectedenabled,isnextrow,isrevise,istotal,itemtype,label,maxlength,metadataproperty,metaid,metapath,modifiedtime,modifier,position,proid,refcode,refname,relatemeta,required,resid,showformula,textrows,ts,validateformula,visible,width)
        values('0001ZZZZc37cd6796017','0001ZZZZc75c0609f485','616d6644-e695-4fce-a886-35ddb082cb2a','approvenote',null,'#111111',null,'~',1, null, null,null,null,null,null,'N',0,null,'N','N','N',null,'N','N','N','input','审批批语',28,NULL,'','approvenote',null,'~',22,'49cbde7c-e04c-4090-a2cc-8554770cde03','/common-ref/','-99',null,'N',null,null,null,'2021-07-19 10:24:42',null,'Y',null);
        go

        insert into pub_form_property(pk_form_property,areaid,classid,code,colnum,color,creationtime,creator,datatype,dataval,defaultvalue,defaultvar,define1,define2,define3,disabled,dr,editformula,hyperlinkflag,iscode,isdefined,ismultiselectedenabled,isnextrow,isrevise,istotal,itemtype,label,maxlength,metadataproperty,metaid,metapath,modifiedtime,modifier,position,proid,refcode,refname,relatemeta,required,resid,showformula,textrows,ts,validateformula,visible,width)
        values('0001ZZZZc37cd6796018','0001ZZZZc75c0609f485','616d6644-e695-4fce-a886-35ddb082cb2a','approvedate',null,'#111111',null,'~',34, null, null,null,null,null,null,'N',0,null,'N','N','N',null,'N','N','N','datetimepicker','审批时间',28,NULL,'','approvedate',null,'~',23,'210a47d9-6f98-4910-8d03-9d90c55dfd4c','/common-ref/','-99',null,'N',null,null,null,'2021-07-19 10:24:42',null,'Y',null);
        go

        insert into pub_form_property(pk_form_property,areaid,classid,code,colnum,color,creationtime,creator,datatype,dataval,defaultvalue,defaultvar,define1,define2,define3,disabled,dr,editformula,hyperlinkflag,iscode,isdefined,ismultiselectedenabled,isnextrow,isrevise,istotal,itemtype,label,maxlength,metadataproperty,metaid,metapath,modifiedtime,modifier,position,proid,refcode,refname,relatemeta,required,resid,showformula,textrows,ts,validateformula,visible,width)
        values('0001ZZZZc37cd6796019','0001ZZZZc75c0609f485','616d6644-e695-4fce-a886-35ddb082cb2a','approvestatus',null,'#111111',null,'~',203, '自由=-1,审批未通过=0,审批通过=1,审批进行中=2,提交=3', null,null,null,null,null,'N',0,null,'N','N','N',null,'N','N','N','select','审批状态',28,NULL,'','approvestatus',null,'~',21,'57f20f03-e3a2-42e9-a5b7-42295740343c','/common-ref/','-99',null,'N',null,null,null,'2021-07-19 10:24:42',null,'Y',null);
        go

        insert into pub_form_property(pk_form_property,areaid,classid,code,colnum,color,creationtime,creator,datatype,dataval,defaultvalue,defaultvar,define1,define2,define3,disabled,dr,editformula,hyperlinkflag,iscode,isdefined,ismultiselectedenabled,isnextrow,isrevise,istotal,itemtype,label,maxlength,metadataproperty,metaid,metapath,modifiedtime,modifier,position,proid,refcode,refname,relatemeta,required,resid,showformula,textrows,ts,validateformula,visible,width)
        values('0001ZZZZc37cd6796020','0001ZZZZc75c0609f485','616d6644-e695-4fce-a886-35ddb082cb2a','receiverid',null,'#111111',null,'~',1, null, null,null,null,null,null,'N',0,null,'N','N','N',null,'N','N','N','input','接收人身份证号',28,NULL,'','receiverid',null,'~',70,'afe836f1-6f0c-4d39-b01d-2ee4dfe6daad','/common-ref/','-99',null,'N',null,null,null,'2021-07-19 10:24:42',null,'Y',null);
        go

        insert into pub_form_property(pk_form_property,areaid,classid,code,colnum,color,creationtime,creator,datatype,dataval,defaultvalue,defaultvar,define1,define2,define3,disabled,dr,editformula,hyperlinkflag,iscode,isdefined,ismultiselectedenabled,isnextrow,isrevise,istotal,itemtype,label,maxlength,metadataproperty,metaid,metapath,modifiedtime,modifier,position,proid,refcode,refname,relatemeta,required,resid,showformula,textrows,ts,validateformula,visible,width)
        values('0001ZZZZc37cd6796021','0001ZZZZc75c0609f485','616d6644-e695-4fce-a886-35ddb082cb2a','receivetime',null,'#111111',null,'~',33, null, null,null,null,null,null,'N',0,null,'N','N','N',null,'N','N','N','datepicker','推送时间',28,NULL,'','receivetime',null,'~',72,'9494eb3f-48ef-434f-9241-aeb222353b57','/common-ref/','-99',null,'N',null,null,null,'2021-07-19 10:24:42',null,'Y',null);
        go

        insert into pub_form_property(pk_form_property,areaid,classid,code,colnum,color,creationtime,creator,datatype,dataval,defaultvalue,defaultvar,define1,define2,define3,disabled,dr,editformula,hyperlinkflag,iscode,isdefined,ismultiselectedenabled,isnextrow,isrevise,istotal,itemtype,label,maxlength,metadataproperty,metaid,metapath,modifiedtime,modifier,position,proid,refcode,refname,relatemeta,required,resid,showformula,textrows,ts,validateformula,visible,width)
        values('0001ZZZZc37cd6796022','0001ZZZZc75c0609f485','616d6644-e695-4fce-a886-35ddb082cb2a','srctrantype',null,'#111111',null,'~',1, null, null,null,null,null,null,'N',0,null,'N','N','N',null,'N','N','N','input','来源交易类型',28,NULL,'','srctrantype',null,'~',31,'519cbd97-e764-4b2b-a8ea-a2ca919bf6fb','/common-ref/','-99',null,'N',null,null,null,'2021-07-19 10:24:42',null,'Y',null);
        go

        insert into pub_form_property(pk_form_property,areaid,classid,code,colnum,color,creationtime,creator,datatype,dataval,defaultvalue,defaultvar,define1,define2,define3,disabled,dr,editformula,hyperlinkflag,iscode,isdefined,ismultiselectedenabled,isnextrow,isrevise,istotal,itemtype,label,maxlength,metadataproperty,metaid,metapath,modifiedtime,modifier,position,proid,refcode,refname,relatemeta,required,resid,showformula,textrows,ts,validateformula,visible,width)
        values('0001ZZZZc37cd6796025','0001ZZZZc75c0609f485','616d6644-e695-4fce-a886-35ddb082cb2a','srccode',null,'#111111',null,'~',1, null, null,null,null,null,null,'N',0,null,'N','N','N',null,'N','N','N','input','来源单据号',28,NULL,'','srccode',null,'~',27,'b33977a4-a84e-4615-a599-a1b12d37a420','/common-ref/','-99',null,'N',null,null,null,'2021-07-19 10:24:42',null,'Y',null);
        go

        insert into pub_form_property(pk_form_property,areaid,classid,code,colnum,color,creationtime,creator,datatype,dataval,defaultvalue,defaultvar,define1,define2,define3,disabled,dr,editformula,hyperlinkflag,iscode,isdefined,ismultiselectedenabled,isnextrow,isrevise,istotal,itemtype,label,maxlength,metadataproperty,metaid,metapath,modifiedtime,modifier,position,proid,refcode,refname,relatemeta,required,resid,showformula,textrows,ts,validateformula,visible,width)
        values('0001ZZZZc37cd6796027','0001ZZZZc75c0609f485','616d6644-e695-4fce-a886-35ddb082cb2a','srcbilltype',null,'#111111',null,'~',1, null, null,null,null,null,null,'N',0,null,'N','N','N',null,'N','N','N','input','来源单据类型',28,NULL,'','srcbilltype',null,'~',25,'9a48c025-cda2-4db4-a22e-847499d02aad','/common-ref/','-99',null,'N',null,null,null,'2021-07-19 10:24:42',null,'Y',null);
        go

        insert into pub_form_property(pk_form_property,areaid,classid,code,colnum,color,creationtime,creator,datatype,dataval,defaultvalue,defaultvar,define1,define2,define3,disabled,dr,editformula,hyperlinkflag,iscode,isdefined,ismultiselectedenabled,isnextrow,isrevise,istotal,itemtype,label,maxlength,metadataproperty,metaid,metapath,modifiedtime,modifier,position,proid,refcode,refname,relatemeta,required,resid,showformula,textrows,ts,validateformula,visible,width)
        values('0001ZZZZc37cd6796028','0001ZZZZc75c0609f485','616d6644-e695-4fce-a886-35ddb082cb2a','srcrowno',null,'#111111',null,'~',1, null, null,null,null,null,null,'N',0,null,'N','N','N',null,'N','N','N','input','来源单据行号',28,NULL,'','srcrowno',null,'~',30,'9eb92304-dc67-4910-854a-31fb732f60f8','/common-ref/','-99',null,'N',null,null,null,'2021-07-19 10:24:42',null,'Y',null);
        go

        insert into pub_form_property(pk_form_property,areaid,classid,code,colnum,color,creationtime,creator,datatype,dataval,defaultvalue,defaultvar,define1,define2,define3,disabled,dr,editformula,hyperlinkflag,iscode,isdefined,ismultiselectedenabled,isnextrow,isrevise,istotal,itemtype,label,maxlength,metadataproperty,metaid,metapath,modifiedtime,modifier,position,proid,refcode,refname,relatemeta,required,resid,showformula,textrows,ts,validateformula,visible,width)
        values('0001ZZZZc37cd6796030','0001ZZZZc75c0609f485','616d6644-e695-4fce-a886-35ddb082cb2a','msg',null,'#111111',null,'~',57, null, null,null,null,null,null,'N',0,null,'N','N','N',null,'N','N','N','refer','消息内容',28,NULL,'','msg',null,'~',71,'e7a61382-a8ed-4f81-9f46-b1e90b45d33a','/common-ref/','-99',null,'N',null,null,null,'2021-07-19 10:24:42',null,'Y',null);
        go

        insert into pub_form_property(pk_form_property,areaid,classid,code,colnum,color,creationtime,creator,datatype,dataval,defaultvalue,defaultvar,define1,define2,define3,disabled,dr,editformula,hyperlinkflag,iscode,isdefined,ismultiselectedenabled,isnextrow,isrevise,istotal,itemtype,label,maxlength,metadataproperty,metaid,metapath,modifiedtime,modifier,position,proid,refcode,refname,relatemeta,required,resid,showformula,textrows,ts,validateformula,visible,width)
        values('0001ZZZZc37cd6796031','0001ZZZZc75c0609f485','616d6644-e695-4fce-a886-35ddb082cb2a','receiver',null,'#111111',null,'~',1, null, null,null,null,null,null,'N',0,null,'N','N','N',null,'N','N','N','input','消息接收人',28,NULL,'','receiver',null,'~',69,'9d27bb86-1ef9-4226-8e3d-c92c1d88cbc1','/common-ref/','-99',null,'N',null,null,null,'2021-07-19 10:24:42',null,'Y',null);
        go

        insert into pub_form_property(pk_form_property,areaid,classid,code,colnum,color,creationtime,creator,datatype,dataval,defaultvalue,defaultvar,define1,define2,define3,disabled,dr,editformula,hyperlinkflag,iscode,isdefined,ismultiselectedenabled,isnextrow,isrevise,istotal,itemtype,label,maxlength,metadataproperty,metaid,metapath,modifiedtime,modifier,position,proid,refcode,refname,relatemeta,required,resid,showformula,textrows,ts,validateformula,visible,width)
        values('0001ZZZZc37cd6796032','0001ZZZZc75c0609f485','616d6644-e695-4fce-a886-35ddb082cb2a','receiveport',null,'#111111',null,'~',1, null, null,null,null,null,null,'N',0,null,'N','N','N',null,'N','N','N','input','消息接收端',28,NULL,'','receiveport',null,'~',68,'8671df51-c3be-4669-a110-8823e9f2bdb5','/common-ref/','-99',null,'N',null,null,null,'2021-07-19 10:24:42',null,'Y',null);
        go

        insert into pub_form_property(pk_form_property,areaid,classid,code,colnum,color,creationtime,creator,datatype,dataval,defaultvalue,defaultvar,define1,define2,define3,disabled,dr,editformula,hyperlinkflag,iscode,isdefined,ismultiselectedenabled,isnextrow,isrevise,istotal,itemtype,label,maxlength,metadataproperty,metaid,metapath,modifiedtime,modifier,position,proid,refcode,refname,relatemeta,required,resid,showformula,textrows,ts,validateformula,visible,width)
        values('0001ZZZZc37cd6796033','0001ZZZZc75c0609f485','616d6644-e695-4fce-a886-35ddb082cb2a','vfirsttrantype',null,'#111111',null,'~',1, null, null,null,null,null,null,'N',0,null,'N','N','N',null,'N','N','N','input','源头交易类型',28,NULL,'','vfirsttrantype',null,'~',37,'e3c6bc3d-517f-4eb7-ba38-a2d137ff119c','/common-ref/','-99',null,'N',null,null,null,'2021-07-19 10:24:42',null,'Y',null);
        go

        insert into pub_form_property(pk_form_property,areaid,classid,code,colnum,color,creationtime,creator,datatype,dataval,defaultvalue,defaultvar,define1,define2,define3,disabled,dr,editformula,hyperlinkflag,iscode,isdefined,ismultiselectedenabled,isnextrow,isrevise,istotal,itemtype,label,maxlength,metadataproperty,metaid,metapath,modifiedtime,modifier,position,proid,refcode,refname,relatemeta,required,resid,showformula,textrows,ts,validateformula,visible,width)
        values('0001ZZZZc37cd6796035','0001ZZZZc75c0609f485','616d6644-e695-4fce-a886-35ddb082cb2a','vfirstcode',null,'#111111',null,'~',1, null, null,null,null,null,null,'N',0,null,'N','N','N',null,'N','N','N','input','源头单据号',28,NULL,'','vfirstcode',null,'~',33,'dcff0e42-3da2-465c-9b0e-d9561a3a7b8d','/common-ref/','-99',null,'N',null,null,null,'2021-07-19 10:24:42',null,'Y',null);
        go

        insert into pub_form_property(pk_form_property,areaid,classid,code,colnum,color,creationtime,creator,datatype,dataval,defaultvalue,defaultvar,define1,define2,define3,disabled,dr,editformula,hyperlinkflag,iscode,isdefined,ismultiselectedenabled,isnextrow,isrevise,istotal,itemtype,label,maxlength,metadataproperty,metaid,metapath,modifiedtime,modifier,position,proid,refcode,refname,relatemeta,required,resid,showformula,textrows,ts,validateformula,visible,width)
        values('0001ZZZZc37cd6796037','0001ZZZZc75c0609f485','616d6644-e695-4fce-a886-35ddb082cb2a','vfirsttype',null,'#111111',null,'~',1, null, null,null,null,null,null,'N',0,null,'N','N','N',null,'N','N','N','input','源头单据类型',28,NULL,'','vfirsttype',null,'~',32,'88e93f57-2bf7-4170-ad37-1ac6930cb9c7','/common-ref/','-99',null,'N',null,null,null,'2021-07-19 10:24:42',null,'Y',null);
        go

        insert into pub_form_property(pk_form_property,areaid,classid,code,colnum,color,creationtime,creator,datatype,dataval,defaultvalue,defaultvar,define1,define2,define3,disabled,dr,editformula,hyperlinkflag,iscode,isdefined,ismultiselectedenabled,isnextrow,isrevise,istotal,itemtype,label,maxlength,metadataproperty,metaid,metapath,modifiedtime,modifier,position,proid,refcode,refname,relatemeta,required,resid,showformula,textrows,ts,validateformula,visible,width)
        values('0001ZZZZc37cd6796038','0001ZZZZc75c0609f485','616d6644-e695-4fce-a886-35ddb082cb2a','vfirstrowno',null,'#111111',null,'~',1, null, null,null,null,null,null,'N',0,null,'N','N','N',null,'N','N','N','input','源头单据行号',28,NULL,'','vfirstrowno',null,'~',36,'e520c39e-c30f-4a53-95ae-33f4227715ab','/common-ref/','-99',null,'N',null,null,null,'2021-07-19 10:24:42',null,'Y',null);
        go

        insert into pub_form_property(pk_form_property,areaid,classid,code,colnum,color,creationtime,creator,datatype,dataval,defaultvalue,defaultvar,define1,define2,define3,disabled,dr,editformula,hyperlinkflag,iscode,isdefined,ismultiselectedenabled,isnextrow,isrevise,istotal,itemtype,label,maxlength,metadataproperty,metaid,metapath,modifiedtime,modifier,position,proid,refcode,refname,relatemeta,required,resid,showformula,textrows,ts,validateformula,visible,width)
        values('0001ZZZZc37cd6796039','0001ZZZZc75c0609f485','616d6644-e695-4fce-a886-35ddb082cb2a','pk_org',null,'#111111',null,'~',204, '0001Z01000000001BVPS,code=N', null,null,null,null,null,'N',0,null,'N','N','N',null,'N','N','N','refer','组织',28,'uap.org.name','985be8a4-3a36-4778-8afe-2d8ed3902659','pk_org',null,'~',4,'28533eba-783a-4b30-be58-71149071ad52','uapbd/refer/org/BusinessUnitAndDeptTreeRef/index','业务单元及部门',null,'N',null,null,null,'2021-07-19 10:24:42',null,'Y',null);
        go

        insert into pub_form_property(pk_form_property,areaid,classid,code,colnum,color,creationtime,creator,datatype,dataval,defaultvalue,defaultvar,define1,define2,define3,disabled,dr,editformula,hyperlinkflag,iscode,isdefined,ismultiselectedenabled,isnextrow,isrevise,istotal,itemtype,label,maxlength,metadataproperty,metaid,metapath,modifiedtime,modifier,position,proid,refcode,refname,relatemeta,required,resid,showformula,textrows,ts,validateformula,visible,width)
        values('0001ZZZZc37cd6796040','0001ZZZZc75c0609f485','616d6644-e695-4fce-a886-35ddb082cb2a','pk_org_v',null,'#111111',null,'~',204, '', null,null,null,null,null,'N',0,null,'N','N','N',null,'N','N','N','refer','组织版本',28,NULL,'da7bba89-9a59-42d6-a262-c13ef459dbd9','pk_org_v',null,'~',5,'3869c63b-dac2-442e-9e1e-a10ae9e32ad9','uapbd/refer/orgv/BusinessUnitVersionDefaultAllTreeRef/index','业务单元版本(所有)',null,'N',null,null,null,'2021-07-19 10:24:42',null,'N',null);
        go

        insert into pub_form_property(pk_form_property,areaid,classid,code,colnum,color,creationtime,creator,datatype,dataval,defaultvalue,defaultvar,define1,define2,define3,disabled,dr,editformula,hyperlinkflag,iscode,isdefined,ismultiselectedenabled,isnextrow,isrevise,istotal,itemtype,label,maxlength,metadataproperty,metaid,metapath,modifiedtime,modifier,position,proid,refcode,refname,relatemeta,required,resid,showformula,textrows,ts,validateformula,visible,width)
        values('0001ZZZZc37cd6796071','0001ZZZZc75c0609f485','616d6644-e695-4fce-a886-35ddb082cb2a','pk_group',null,'#111111',null,'~',204, '0001Z010000000000ZKS,code=N', null,null,null,null,null,'N',0,null,'N','N','N',null,'N','N','N','refer','集团',28,'uap.group.name','3b6dd171-2900-47f3-bfbe-41e4483a2a65','pk_group',null,'~',3,'53e03e9c-1d32-4068-ace4-ff9f7d7c05ee','uap/refer/riart/groupTreeRef/index','集团',null,'N',null,null,null,'2021-07-19 10:24:42',null,'Y',null);
        go








            insert into pub_form_property(pk_form_property,areaid,classid,code,colnum,color,creationtime,creator,datatype,dataval,defaultvalue,defaultvar,define1,define2,define3,disabled,dr,editformula,hyperlinkflag,iscode,isdefined,ismultiselectedenabled,isnextrow,isrevise,istotal,itemtype,label,maxlength,metadataproperty,metaid,metapath,modifiedtime,modifier,position,proid,refcode,refname,relatemeta,required,resid,showformula,textrows,ts,validateformula,visible,width)
            values('0001ZZZZ8a46552c9000','0001ZZZZf018fe084072','616d6644-e695-4fce-a886-35ddb082cb2a','pk_busitype','1','#111111',null,'~',204,'' , null,null,null,null,null,'N',0,null,'N','N','N',null,'N','N','N','refer','业务类型',28,NULL,'','pk_busitype',null,'~',9,'446b7f65-18ac-44f6-a059-2ef6e54f6bf2','uap/refer/riart/busitype/index','业务流程',null,'N',null,null,null,'2021-07-19 10:24:42',null,'Y',null);
            go
            insert into pub_form_property(pk_form_property,areaid,classid,code,colnum,color,creationtime,creator,datatype,dataval,defaultvalue,defaultvar,define1,define2,define3,disabled,dr,editformula,hyperlinkflag,iscode,isdefined,ismultiselectedenabled,isnextrow,isrevise,istotal,itemtype,label,maxlength,metadataproperty,metaid,metapath,modifiedtime,modifier,position,proid,refcode,refname,relatemeta,required,resid,showformula,textrows,ts,validateformula,visible,width)
            values('0001ZZZZ8a46552c9001','0001ZZZZf018fe084072','616d6644-e695-4fce-a886-35ddb082cb2a','pk_transtype','1','#111111',null,'~',204,'0001Z0100BILLTYPEZJ8,code=N' , null,null,null,null,null,'N',0,null,'N','N','N',null,'N','N','N','refer','交易类型',28,'uap.BilltypeVO.billtypename','','pk_transtype',null,'~',13,'97e327cc-b854-4055-97c3-7c450687841b','uap/refer/riart/transtype/index','影响因素交 易类型',null,'N',null,null,null,'2021-07-19 10:24:42',null,'Y',null);
            go
            insert into pub_form_property(pk_form_property,areaid,classid,code,colnum,color,creationtime,creator,datatype,dataval,defaultvalue,defaultvar,define1,define2,define3,disabled,dr,editformula,hyperlinkflag,iscode,isdefined,ismultiselectedenabled,isnextrow,isrevise,istotal,itemtype,label,maxlength,metadataproperty,metaid,metapath,modifiedtime,modifier,position,proid,refcode,refname,relatemeta,required,resid,showformula,textrows,ts,validateformula,visible,width)
            values('0001ZZZZ8a46552c9002','0001ZZZZf018fe084072','616d6644-e695-4fce-a886-35ddb082cb2a','transtypecode','1','#111111',null,'~',1,null, null,null,null,null,null,'N',0,null,'N','N','N',null,'N','N','N','input','交易类型编码',28,NULL,'','transtypecode',null,'~',12,'3539a5d9-89f6-4dff-8e94-4ea860ceed7f','/common-ref/','-99',null,'N',null,null,null,'2021-07-19 10:24:42',null,'Y',null);
            go
            insert into pub_form_property(pk_form_property,areaid,classid,code,colnum,color,creationtime,creator,datatype,dataval,defaultvalue,defaultvar,define1,define2,define3,disabled,dr,editformula,hyperlinkflag,iscode,isdefined,ismultiselectedenabled,isnextrow,isrevise,istotal,itemtype,label,maxlength,metadataproperty,metaid,metapath,modifiedtime,modifier,position,proid,refcode,refname,relatemeta,required,resid,showformula,textrows,ts,validateformula,visible,width)
            values('0001ZZZZ3b4edcf3bc7d','0001ZZZZ3dbc821dbc06','616d6644-e695-4fce-a886-35ddb082cb2a','modifier','1','#111111',null,'~',204,'0001Z01000000001BVPB,code=N', null,null,null,null,null,'N',0,null,'N','N','N',null,'N','N','N','refer','修改人',28,'uap.user.user_name','','modifier',null,'~',18,'60bd1ce6-18c2-4dda-9ef7-d40012051544','uap/refer/riart/userDefaultRefer/index','用户',null,'N',null,null,null,'2021-07-19 10:24:42',null,'Y',null);
            go
            insert into pub_form_property(pk_form_property,areaid,classid,code,colnum,color,creationtime,creator,datatype,dataval,defaultvalue,defaultvar,define1,define2,define3,disabled,dr,editformula,hyperlinkflag,iscode,isdefined,ismultiselectedenabled,isnextrow,isrevise,istotal,itemtype,label,maxlength,metadataproperty,metaid,metapath,modifiedtime,modifier,position,proid,refcode,refname,relatemeta,required,resid,showformula,textrows,ts,validateformula,visible,width)
            values('0001ZZZZ43c86d1e1d44','0001ZZZZ3dbc821dbc06','616d6644-e695-4fce-a886-35ddb082cb2a','modifiedtime','1','#111111',null,'~',34,null, null,null,null,null,null,'N',0,null,'N','N','N',null,'N','N','N','datetimepicker','修改时间',28,NULL,'','modifiedtime',null,'~',19,'7fa326eb-91c8-4a55-86d7-baebb9fe872c','/common-ref/','-99',null,'N',null,null,null,'2021-07-19 10:24:42',null,'Y',null);
            go
            insert into pub_form_property(pk_form_property,areaid,classid,code,colnum,color,creationtime,creator,datatype,dataval,defaultvalue,defaultvar,define1,define2,define3,disabled,dr,editformula,hyperlinkflag,iscode,isdefined,ismultiselectedenabled,isnextrow,isrevise,istotal,itemtype,label,maxlength,metadataproperty,metaid,metapath,modifiedtime,modifier,position,proid,refcode,refname,relatemeta,required,resid,showformula,textrows,ts,validateformula,visible,width)
            values('0001ZZZZ4258066ed38f','0001ZZZZ3dbc821dbc06','616d6644-e695-4fce-a886-35ddb082cb2a','creator','1','#111111',null,'~',204,'0001Z01000000001BVPB,code=N', null,null,null,null,null,'N',0,null,'N','N','N',null,'N','N','N','refer','创建人',28,'uap.user.user_name','','creator',null,'~',16,'653af3f9-02b4-49c0-b263-6a3510b219c5','uap/refer/riart/userDefaultRefer/index','用户',null,'N',null,null,null,'2021-07-19 10:24:42',null,'Y',null);
            go
            insert into pub_form_property(pk_form_property,areaid,classid,code,colnum,color,creationtime,creator,datatype,dataval,defaultvalue,defaultvar,define1,define2,define3,disabled,dr,editformula,hyperlinkflag,iscode,isdefined,ismultiselectedenabled,isnextrow,isrevise,istotal,itemtype,label,maxlength,metadataproperty,metaid,metapath,modifiedtime,modifier,position,proid,refcode,refname,relatemeta,required,resid,showformula,textrows,ts,validateformula,visible,width)
            values('0001ZZZZ6013c812a3a3','0001ZZZZ3dbc821dbc06','616d6644-e695-4fce-a886-35ddb082cb2a','creationtime','1','#111111',null,'~',34,null, null,null,null,null,null,'N',0,null,'N','N','N',null,'N','N','N','datetimepicker','创建时间',28,NULL,'','creationtime',null,'~',17,'90989cea-2c82-48f8-b562-e52407580843','/common-ref/','-99',null,'N',null,null,null,'2021-07-19 10:24:42',null,'Y',null);
            go
            insert into pub_form_property(pk_form_property,areaid,classid,code,colnum,color,creationtime,creator,datatype,dataval,defaultvalue,defaultvar,define1,define2,define3,disabled,dr,editformula,hyperlinkflag,iscode,isdefined,ismultiselectedenabled,isnextrow,isrevise,istotal,itemtype,label,maxlength,metadataproperty,metaid,metapath,modifiedtime,modifier,position,proid,refcode,refname,relatemeta,required,resid,showformula,textrows,ts,validateformula,visible,width)
            values('0001ZZZZ8a46552c9007','0001ZZZZf018fe084072','616d6644-e695-4fce-a886-35ddb082cb2a','billmaker','1','#111111',null,'~',204,'0001Z01000000001BVPB,code=N' , null,null,null,null,null,'N',0,null,'N','N','N',null,'N','N','N','refer','制单人',28,'uap.user.user_name','','billmaker',null,'~',14,'9d251c28-8544-4d97-a878-30c857977aad','uap/refer/riart/userDefaultRefer/index','用户',null,'N',null,null,null,'2021-07-19 10:24:42',null,'Y',null);
            go
            insert into pub_form_property(pk_form_property,areaid,classid,code,colnum,color,creationtime,creator,datatype,dataval,defaultvalue,defaultvar,define1,define2,define3,disabled,dr,editformula,hyperlinkflag,iscode,isdefined,ismultiselectedenabled,isnextrow,isrevise,istotal,itemtype,label,maxlength,metadataproperty,metaid,metapath,modifiedtime,modifier,position,proid,refcode,refname,relatemeta,required,resid,showformula,textrows,ts,validateformula,visible,width)
            values('0001ZZZZ8a46552c9008','0001ZZZZf018fe084072','616d6644-e695-4fce-a886-35ddb082cb2a','maketime','1','#111111',null,'~',33,null, null,null,null,null,null,'N',0,null,'N','N','N',null,'N','N','N','datepicker','制单时间',28,NULL,'','maketime',null,'~',15,'a90d4c7f-6b6a-4f55-ae4c-6f104dc07672','/common-ref/','-99',null,'N',null,null,null,'2021-07-19 10:24:42',null,'Y',null);
            go
            insert into pub_form_property(pk_form_property,areaid,classid,code,colnum,color,creationtime,creator,datatype,dataval,defaultvalue,defaultvar,define1,define2,define3,disabled,dr,editformula,hyperlinkflag,iscode,isdefined,ismultiselectedenabled,isnextrow,isrevise,istotal,itemtype,label,maxlength,metadataproperty,metaid,metapath,modifiedtime,modifier,position,proid,refcode,refname,relatemeta,required,resid,showformula,textrows,ts,validateformula,visible,width)
            values('0001ZZZZ8a46552c9009','0001ZZZZf018fe084072','616d6644-e695-4fce-a886-35ddb082cb2a','bill_no','1','#111111',null,'~',1,null, null,null,null,null,null,'Y',0,null,'N','N','N',null,'N','N','N','input','单据号',28,NULL,'','bill_no',null,'~',8,'fd590f84-4978-44bb-8acf-ee4b54b1c2f5','/common-ref/','-99',null,'N',null,null,null,'2021-07-19 10:24:42',null,'Y',null);
            go
            insert into pub_form_property(pk_form_property,areaid,classid,code,colnum,color,creationtime,creator,datatype,dataval,defaultvalue,defaultvar,define1,define2,define3,disabled,dr,editformula,hyperlinkflag,iscode,isdefined,ismultiselectedenabled,isnextrow,isrevise,istotal,itemtype,label,maxlength,metadataproperty,metaid,metapath,modifiedtime,modifier,position,proid,refcode,refname,relatemeta,required,resid,showformula,textrows,ts,validateformula,visible,width)
            values('0001ZZZZ8a46552c9010','0001ZZZZf018fe084072','616d6644-e695-4fce-a886-35ddb082cb2a','dbilldate','1','#111111',null,'~',33,null, null,null,null,null,null,'N',0,null,'N','N','N',null,'N','N','N','datepicker','单据日期',28,NULL,'','dbilldate',null,'~',6,'c27dd197-af22-47f1-8c09-1917d3662847','/common-ref/','-99',null,'N',null,null,null,'2021-07-19 10:24:42',null,'Y',null);
            go
            insert into pub_form_property(pk_form_property,areaid,classid,code,colnum,color,creationtime,creator,datatype,dataval,defaultvalue,defaultvar,define1,define2,define3,disabled,dr,editformula,hyperlinkflag,iscode,isdefined,ismultiselectedenabled,isnextrow,isrevise,istotal,itemtype,label,maxlength,metadataproperty,metaid,metapath,modifiedtime,modifier,position,proid,refcode,refname,relatemeta,required,resid,showformula,textrows,ts,validateformula,visible,width)
            values('0001ZZZZ8a46552c9011','0001ZZZZf018fe084072','616d6644-e695-4fce-a886-35ddb082cb2a','billstatus','1','#111111',null,'~',203,'自由=-1,审批未通过=0,审批通过=1,审批进行中=2,提交=3','-1',null,null,null,null,'Y',0,null,'N','N','N',null,'N','N','N','select','单据状态',28,NULL,'','billstatus',null,'~',7,'7f7775dc-3831-4fc2-b068-f385b0d77895','/common-ref/','-99',null,'N',null,null,null,'2021-07-19 10:24:42',null,'Y',null);
            go
            insert into pub_form_property(pk_form_property,areaid,classid,code,colnum,color,creationtime,creator,datatype,dataval,defaultvalue,defaultvar,define1,define2,define3,disabled,dr,editformula,hyperlinkflag,iscode,isdefined,ismultiselectedenabled,isnextrow,isrevise,istotal,itemtype,label,maxlength,metadataproperty,metaid,metapath,modifiedtime,modifier,position,proid,refcode,refname,relatemeta,required,resid,showformula,textrows,ts,validateformula,visible,width)
            values('0001ZZZZ8a46552c9012','0001ZZZZf018fe084072','616d6644-e695-4fce-a886-35ddb082cb2a','pk_billtypeid','1','#111111',null,'~',204,'0001Z0100BILLTYPEZJ7,code=N' , null,null,null,null,null,'N',0,null,'N','N','N',null,'N','N','N','refer','单据类型',28,'uap.BilltypeVO.billtypename','','pk_billtypeid',null,'~',10,'8b2da24d-c7f1-4834-a293-e66b2cdcda9a','uap/refer/riart/billtype/index','影响因素单据类型',null,'N',null,null,null,'2021-07-19 10:24:42',null,'Y',null);
            go
            insert into pub_form_property(pk_form_property,areaid,classid,code,colnum,color,creationtime,creator,datatype,dataval,defaultvalue,defaultvar,define1,define2,define3,disabled,dr,editformula,hyperlinkflag,iscode,isdefined,ismultiselectedenabled,isnextrow,isrevise,istotal,itemtype,label,maxlength,metadataproperty,metaid,metapath,modifiedtime,modifier,position,proid,refcode,refname,relatemeta,required,resid,showformula,textrows,ts,validateformula,visible,width)
            values('0001ZZZZ8a46552c9013','0001ZZZZf018fe084072','616d6644-e695-4fce-a886-35ddb082cb2a','billtype','1','#111111',null,'~',1,null, null,null,null,null,null,'N',0,null,'N','N','N',null,'N','N','N','input','单据类型编码',28,NULL,'','billtype',null,'~',11,'f384e69f-8faa-4c4c-aea7-aaf7a61875ec','/common-ref/','-99',null,'N',null,null,null,'2021-07-19 10:24:42',null,'Y',null);
            go
            insert into pub_form_property(pk_form_property,areaid,classid,code,colnum,color,creationtime,creator,datatype,dataval,defaultvalue,defaultvar,define1,define2,define3,disabled,dr,editformula,hyperlinkflag,iscode,isdefined,ismultiselectedenabled,isnextrow,isrevise,istotal,itemtype,label,maxlength,metadataproperty,metaid,metapath,modifiedtime,modifier,position,proid,refcode,refname,relatemeta,required,resid,showformula,textrows,ts,validateformula,visible,width)
            values('0001ZZZZ8a46552c9014','0001ZZZZf018fe084072','616d6644-e695-4fce-a886-35ddb082cb2a','vnote','1','#111111',null,'~',1,null, null,null,null,null,null,'N',0,null,'N','N','N',null,'N','N','N','input','备注',28,NULL,'','vnote',null,'~',24,'7a01c2f2-a994-4bc0-b690-678c12e16ad7','/common-ref/','-99',null,'N',null,null,null,'2021-07-19 10:24:42',null,'Y',null);
            go
            insert into pub_form_property(pk_form_property,areaid,classid,code,colnum,color,creationtime,creator,datatype,dataval,defaultvalue,defaultvar,define1,define2,define3,disabled,dr,editformula,hyperlinkflag,iscode,isdefined,ismultiselectedenabled,isnextrow,isrevise,istotal,itemtype,label,maxlength,metadataproperty,metaid,metapath,modifiedtime,modifier,position,proid,refcode,refname,relatemeta,required,resid,showformula,textrows,ts,validateformula,visible,width)
            values('0001ZZZZ4e86fbd2954f','0001ZZZZ3dbc821dbc06','616d6644-e695-4fce-a886-35ddb082cb2a','approver','1','#111111',null,'~',204,'0001Z01000000001BVPB,code=N', null,null,null,null,null,'N',0,null,'N','N','N',null,'N','N','N','refer','审批人',28,'uap.user.user_name','','approver',null,'~',20,'0e9bf06e-0d3f-4e19-9236-e4e6674ce2bd','uap/refer/riart/userDefaultRefer/index','用户',null,'N',null,null,null,'2021-07-19 10:24:42',null,'Y',null);
            go
            insert into pub_form_property(pk_form_property,areaid,classid,code,colnum,color,creationtime,creator,datatype,dataval,defaultvalue,defaultvar,define1,define2,define3,disabled,dr,editformula,hyperlinkflag,iscode,isdefined,ismultiselectedenabled,isnextrow,isrevise,istotal,itemtype,label,maxlength,metadataproperty,metaid,metapath,modifiedtime,modifier,position,proid,refcode,refname,relatemeta,required,resid,showformula,textrows,ts,validateformula,visible,width)
            values('0001ZZZZ8dadf87b441d','0001ZZZZ3dbc821dbc06','616d6644-e695-4fce-a886-35ddb082cb2a','approvenote','1','#111111',null,'~',1,null, null,null,null,null,null,'N',0,null,'N','N','N',null,'N','N','N','input','审批批语',28,NULL,'','approvenote',null,'~',22,'10515d87-5a45-4a80-b5f4-af35d1c7144c','/common-ref/','-99',null,'N',null,null,null,'2021-07-19 10:24:42',null,'Y',null);
            go
            insert into pub_form_property(pk_form_property,areaid,classid,code,colnum,color,creationtime,creator,datatype,dataval,defaultvalue,defaultvar,define1,define2,define3,disabled,dr,editformula,hyperlinkflag,iscode,isdefined,ismultiselectedenabled,isnextrow,isrevise,istotal,itemtype,label,maxlength,metadataproperty,metaid,metapath,modifiedtime,modifier,position,proid,refcode,refname,relatemeta,required,resid,showformula,textrows,ts,validateformula,visible,width)
            values('0001ZZZZdd88e84dd3c4','0001ZZZZ3dbc821dbc06','616d6644-e695-4fce-a886-35ddb082cb2a','approvedate','1','#111111',null,'~',34,null, null,null,null,null,null,'N',0,null,'N','N','N',null,'N','N','N','datetimepicker','审批时间',28,NULL,'','approvedate',null,'~',23,'24f1214a-03a1-4378-ab73-d89fdf81b701','/common-ref/','-99',null,'N',null,null,null,'2021-07-19 10:24:42',null,'Y',null);
            go
            insert into pub_form_property(pk_form_property,areaid,classid,code,colnum,color,creationtime,creator,datatype,dataval,defaultvalue,defaultvar,define1,define2,define3,disabled,dr,editformula,hyperlinkflag,iscode,isdefined,ismultiselectedenabled,isnextrow,isrevise,istotal,itemtype,label,maxlength,metadataproperty,metaid,metapath,modifiedtime,modifier,position,proid,refcode,refname,relatemeta,required,resid,showformula,textrows,ts,validateformula,visible,width)
            values('0001ZZZZ8a46552c9019','0001ZZZZf018fe084072','616d6644-e695-4fce-a886-35ddb082cb2a','approvestatus','1','#111111',null,'~',203,'自由=-1,审批未通过=0,审批通过=1,审批进行中=2,提交=3', null,null,null,null,null,'N',0,null,'N','N','N',null,'N','N','N','select','审批状态',28,NULL,'','approvestatus',null,'~',21,'66a7d0cf-a164-4333-acfe-3d0414cb1993','/common-ref/','-99',null,'N',null,null,null,'2021-07-19 10:24:42',null,'Y',null);
            go
            insert into pub_form_property(pk_form_property,areaid,classid,code,colnum,color,creationtime,creator,datatype,dataval,defaultvalue,defaultvar,define1,define2,define3,disabled,dr,editformula,hyperlinkflag,iscode,isdefined,ismultiselectedenabled,isnextrow,isrevise,istotal,itemtype,label,maxlength,metadataproperty,metaid,metapath,modifiedtime,modifier,position,proid,refcode,refname,relatemeta,required,resid,showformula,textrows,ts,validateformula,visible,width)
            values('0001ZZZZ8a46552c9020','0001ZZZZf018fe084072','616d6644-e695-4fce-a886-35ddb082cb2a','receiverid','1','#111111',null,'~',1,null, null,null,null,null,null,'N',0,null,'N','N','N',null,'N','N','N','input','接收人身份证号',28,NULL,'','receiverid',null,'~',70,'90e84c55-c5c0-45cb-a138-2f910b78a2cb','/common-ref/','-99',null,'N',null,null,null,'2021-07-19 10:24:42',null,'Y',null);
            go
            insert into pub_form_property(pk_form_property,areaid,classid,code,colnum,color,creationtime,creator,datatype,dataval,defaultvalue,defaultvar,define1,define2,define3,disabled,dr,editformula,hyperlinkflag,iscode,isdefined,ismultiselectedenabled,isnextrow,isrevise,istotal,itemtype,label,maxlength,metadataproperty,metaid,metapath,modifiedtime,modifier,position,proid,refcode,refname,relatemeta,required,resid,showformula,textrows,ts,validateformula,visible,width)
            values('0001ZZZZ8a46552c9021','0001ZZZZf018fe084072','616d6644-e695-4fce-a886-35ddb082cb2a','receivetime','1','#111111',null,'~',33,null, null,null,null,null,null,'N',0,null,'N','N','N',null,'N','N','N','datepicker','推送时间',28,NULL,'','receivetime',null,'~',72,'5836c8bc-c3c3-4a32-8d3b-306f551c5aa3','/common-ref/','-99',null,'N',null,null,null,'2021-07-19 10:24:42',null,'Y',null);
            go
            insert into pub_form_property(pk_form_property,areaid,classid,code,colnum,color,creationtime,creator,datatype,dataval,defaultvalue,defaultvar,define1,define2,define3,disabled,dr,editformula,hyperlinkflag,iscode,isdefined,ismultiselectedenabled,isnextrow,isrevise,istotal,itemtype,label,maxlength,metadataproperty,metaid,metapath,modifiedtime,modifier,position,proid,refcode,refname,relatemeta,required,resid,showformula,textrows,ts,validateformula,visible,width)
            values('0001ZZZZ8a46552c9022','0001ZZZZf018fe084072','616d6644-e695-4fce-a886-35ddb082cb2a','srctrantype','1','#111111',null,'~',1,null, null,null,null,null,null,'N',0,null,'N','N','N',null,'N','N','N','input','来源交易类型',28,NULL,'','srctrantype',null,'~',31,'5278db4b-4f83-402f-9bbf-68c54db4ecd9','/common-ref/','-99',null,'N',null,null,null,'2021-07-19 10:24:42',null,'Y',null);
            go
            insert into pub_form_property(pk_form_property,areaid,classid,code,colnum,color,creationtime,creator,datatype,dataval,defaultvalue,defaultvar,define1,define2,define3,disabled,dr,editformula,hyperlinkflag,iscode,isdefined,ismultiselectedenabled,isnextrow,isrevise,istotal,itemtype,label,maxlength,metadataproperty,metaid,metapath,modifiedtime,modifier,position,proid,refcode,refname,relatemeta,required,resid,showformula,textrows,ts,validateformula,visible,width)
            values('0001ZZZZ8a46552c9025','0001ZZZZf018fe084072','616d6644-e695-4fce-a886-35ddb082cb2a','srccode','1','#111111',null,'~',1,null, null,null,null,null,null,'N',0,null,'N','N','N',null,'N','N','N','input','来源单据号',28,NULL,'','srccode',null,'~',27,'771cafab-7bba-4d01-9d53-437cbe900d85','/common-ref/','-99',null,'N',null,null,null,'2021-07-19 10:24:42',null,'Y',null);
            go
            insert into pub_form_property(pk_form_property,areaid,classid,code,colnum,color,creationtime,creator,datatype,dataval,defaultvalue,defaultvar,define1,define2,define3,disabled,dr,editformula,hyperlinkflag,iscode,isdefined,ismultiselectedenabled,isnextrow,isrevise,istotal,itemtype,label,maxlength,metadataproperty,metaid,metapath,modifiedtime,modifier,position,proid,refcode,refname,relatemeta,required,resid,showformula,textrows,ts,validateformula,visible,width)
            values('0001ZZZZ8a46552c9027','0001ZZZZf018fe084072','616d6644-e695-4fce-a886-35ddb082cb2a','srcbilltype','1','#111111',null,'~',1,null, null,null,null,null,null,'N',0,null,'N','N','N',null,'N','N','N','input','来源单据类型',28,NULL,'','srcbilltype',null,'~',25,'18e87dba-fa8a-4a5b-b151-21316b50149e','/common-ref/','-99',null,'N',null,null,null,'2021-07-19 10:24:42',null,'Y',null);
            go
            insert into pub_form_property(pk_form_property,areaid,classid,code,colnum,color,creationtime,creator,datatype,dataval,defaultvalue,defaultvar,define1,define2,define3,disabled,dr,editformula,hyperlinkflag,iscode,isdefined,ismultiselectedenabled,isnextrow,isrevise,istotal,itemtype,label,maxlength,metadataproperty,metaid,metapath,modifiedtime,modifier,position,proid,refcode,refname,relatemeta,required,resid,showformula,textrows,ts,validateformula,visible,width)
            values('0001ZZZZ8a46552c9028','0001ZZZZf018fe084072','616d6644-e695-4fce-a886-35ddb082cb2a','srcrowno','1','#111111',null,'~',1,null, null,null,null,null,null,'N',0,null,'N','N','N',null,'N','N','N','input','来源单据行号',28,NULL,'','srcrowno',null,'~',30,'68617903-54d6-496a-b631-c4cf46eadc79','/common-ref/','-99',null,'N',null,null,null,'2021-07-19 10:24:42',null,'Y',null);
            go
            insert into pub_form_property(pk_form_property,areaid,classid,code,colnum,color,creationtime,creator,datatype,dataval,defaultvalue,defaultvar,define1,define2,define3,disabled,dr,editformula,hyperlinkflag,iscode,isdefined,ismultiselectedenabled,isnextrow,isrevise,istotal,itemtype,label,maxlength,metadataproperty,metaid,metapath,modifiedtime,modifier,position,proid,refcode,refname,relatemeta,required,resid,showformula,textrows,ts,validateformula,visible,width)
            values('0001ZZZZ8a46552c9030','0001ZZZZf018fe084072','616d6644-e695-4fce-a886-35ddb082cb2a','msg','1','#111111',null,'~',57,null, null,null,null,null,null,'N',0,null,'N','N','N',null,'N','N','N','refer','消息内容',28,NULL,'','msg',null,'~',71,'363612c8-060a-4668-86f0-f5be8bff526c','/common-ref/','-99',null,'N',null,null,null,'2021-07-19 10:24:42',null,'Y',null);
            go
            insert into pub_form_property(pk_form_property,areaid,classid,code,colnum,color,creationtime,creator,datatype,dataval,defaultvalue,defaultvar,define1,define2,define3,disabled,dr,editformula,hyperlinkflag,iscode,isdefined,ismultiselectedenabled,isnextrow,isrevise,istotal,itemtype,label,maxlength,metadataproperty,metaid,metapath,modifiedtime,modifier,position,proid,refcode,refname,relatemeta,required,resid,showformula,textrows,ts,validateformula,visible,width)
            values('0001ZZZZ8a46552c9031','0001ZZZZf018fe084072','616d6644-e695-4fce-a886-35ddb082cb2a','receiver','1','#111111',null,'~',1,null, null,null,null,null,null,'N',0,null,'N','N','N',null,'N','N','N','input','消息接收人',28,NULL,'','receiver',null,'~',69,'7224f714-0b45-4de9-8cbb-2d08e2afa42b','/common-ref/','-99',null,'N',null,null,null,'2021-07-19 10:24:42',null,'Y',null);
            go
            insert into pub_form_property(pk_form_property,areaid,classid,code,colnum,color,creationtime,creator,datatype,dataval,defaultvalue,defaultvar,define1,define2,define3,disabled,dr,editformula,hyperlinkflag,iscode,isdefined,ismultiselectedenabled,isnextrow,isrevise,istotal,itemtype,label,maxlength,metadataproperty,metaid,metapath,modifiedtime,modifier,position,proid,refcode,refname,relatemeta,required,resid,showformula,textrows,ts,validateformula,visible,width)
            values('0001ZZZZ8a46552c9032','0001ZZZZf018fe084072','616d6644-e695-4fce-a886-35ddb082cb2a','receiveport','1','#111111',null,'~',1,null, null,null,null,null,null,'N',0,null,'N','N','N',null,'N','N','N','input','消息接收端',28,NULL,'','receiveport',null,'~',68,'0a4d94dd-7bde-4f21-8882-b1c09e9472f7','/common-ref/','-99',null,'N',null,null,null,'2021-07-19 10:24:42',null,'Y',null);
            go
            insert into pub_form_property(pk_form_property,areaid,classid,code,colnum,color,creationtime,creator,datatype,dataval,defaultvalue,defaultvar,define1,define2,define3,disabled,dr,editformula,hyperlinkflag,iscode,isdefined,ismultiselectedenabled,isnextrow,isrevise,istotal,itemtype,label,maxlength,metadataproperty,metaid,metapath,modifiedtime,modifier,position,proid,refcode,refname,relatemeta,required,resid,showformula,textrows,ts,validateformula,visible,width)
            values('0001ZZZZ8a46552c9033','0001ZZZZf018fe084072','616d6644-e695-4fce-a886-35ddb082cb2a','vfirsttrantype','1','#111111',null,'~',1,null, null,null,null,null,null,'N',0,null,'N','N','N',null,'N','N','N','input','源头交易类型',28,NULL,'','vfirsttrantype',null,'~',37,'8263b224-8e03-4038-81cb-667ebe3550d2','/common-ref/','-99',null,'N',null,null,null,'2021-07-19 10:24:42',null,'Y',null);
            go
            insert into pub_form_property(pk_form_property,areaid,classid,code,colnum,color,creationtime,creator,datatype,dataval,defaultvalue,defaultvar,define1,define2,define3,disabled,dr,editformula,hyperlinkflag,iscode,isdefined,ismultiselectedenabled,isnextrow,isrevise,istotal,itemtype,label,maxlength,metadataproperty,metaid,metapath,modifiedtime,modifier,position,proid,refcode,refname,relatemeta,required,resid,showformula,textrows,ts,validateformula,visible,width)
            values('0001ZZZZ8a46552c9035','0001ZZZZf018fe084072','616d6644-e695-4fce-a886-35ddb082cb2a','vfirstcode','1','#111111',null,'~',1,null, null,null,null,null,null,'N',0,null,'N','N','N',null,'N','N','N','input','源头单据号',28,NULL,'','vfirstcode',null,'~',33,'0b478c47-4e6c-4f20-b357-13df0eee7381','/common-ref/','-99',null,'N',null,null,null,'2021-07-19 10:24:42',null,'Y',null);
            go
            insert into pub_form_property(pk_form_property,areaid,classid,code,colnum,color,creationtime,creator,datatype,dataval,defaultvalue,defaultvar,define1,define2,define3,disabled,dr,editformula,hyperlinkflag,iscode,isdefined,ismultiselectedenabled,isnextrow,isrevise,istotal,itemtype,label,maxlength,metadataproperty,metaid,metapath,modifiedtime,modifier,position,proid,refcode,refname,relatemeta,required,resid,showformula,textrows,ts,validateformula,visible,width)
            values('0001ZZZZ8a46552c9037','0001ZZZZf018fe084072','616d6644-e695-4fce-a886-35ddb082cb2a','vfirsttype','1','#111111',null,'~',1,null, null,null,null,null,null,'N',0,null,'N','N','N',null,'N','N','N','input','源头单据类型',28,NULL,'','vfirsttype',null,'~',32,'e250d8e4-fa12-4c2f-b00d-a36cc9eb366b','/common-ref/','-99',null,'N',null,null,null,'2021-07-19 10:24:42',null,'Y',null);
            go
            insert into pub_form_property(pk_form_property,areaid,classid,code,colnum,color,creationtime,creator,datatype,dataval,defaultvalue,defaultvar,define1,define2,define3,disabled,dr,editformula,hyperlinkflag,iscode,isdefined,ismultiselectedenabled,isnextrow,isrevise,istotal,itemtype,label,maxlength,metadataproperty,metaid,metapath,modifiedtime,modifier,position,proid,refcode,refname,relatemeta,required,resid,showformula,textrows,ts,validateformula,visible,width)
            values('0001ZZZZ8a46552c9038','0001ZZZZf018fe084072','616d6644-e695-4fce-a886-35ddb082cb2a','vfirstrowno','1','#111111',null,'~',1,null, null,null,null,null,null,'N',0,null,'N','N','N',null,'N','N','N','input','源头单据行号',28,NULL,'','vfirstrowno',null,'~',36,'42879b77-9975-42e9-aea2-271e4cee18f3','/common-ref/','-99',null,'N',null,null,null,'2021-07-19 10:24:42',null,'Y',null);
            go
            insert into pub_form_property(pk_form_property,areaid,classid,code,colnum,color,creationtime,creator,datatype,dataval,defaultvalue,defaultvar,define1,define2,define3,disabled,dr,editformula,hyperlinkflag,iscode,isdefined,ismultiselectedenabled,isnextrow,isrevise,istotal,itemtype,label,maxlength,metadataproperty,metaid,metapath,modifiedtime,modifier,position,proid,refcode,refname,relatemeta,required,resid,showformula,textrows,ts,validateformula,visible,width)
            values('0001ZZZZ8a46552c9039','0001ZZZZf018fe084072','616d6644-e695-4fce-a886-35ddb082cb2a','pk_org','1','#111111',null,'~',204,'0001Z01000000001BVPS,code=N' , null,null,null,null,null,'N',0,null,'N','N','N',null,'N','N','N','refer','组织',28,'uap.org.name','','pk_org',null,'~',4,'d5ba08e5-0666-4be0-b7e5-d9f659405e9f','uapbd/refer/org/BusinessUnitAndDeptTreeRef/index','业务单元及部门',null,'N',null,null,null,'2021-07-19 10:24:42',null,'Y',null);
            go
            insert into pub_form_property(pk_form_property,areaid,classid,code,colnum,color,creationtime,creator,datatype,dataval,defaultvalue,defaultvar,define1,define2,define3,disabled,dr,editformula,hyperlinkflag,iscode,isdefined,ismultiselectedenabled,isnextrow,isrevise,istotal,itemtype,label,maxlength,metadataproperty,metaid,metapath,modifiedtime,modifier,position,proid,refcode,refname,relatemeta,required,resid,showformula,textrows,ts,validateformula,visible,width)
            values('0001ZZZZ8a46552c9040','0001ZZZZf018fe084072','616d6644-e695-4fce-a886-35ddb082cb2a','pk_org_v','1','#111111',null,'~',204,'' , null,null,null,null,null,'N',0,null,'N','N','N',null,'N','N','N','refer','组织版本',28,NULL,'','pk_org_v',null,'~',5,'e3cc28d9-f3fb-4a4d-a522-6dcb6434b3a9','uapbd/refer/orgv/BusinessUnitVersionDefaultAllTreeRef/index','业务单元版本(所有)',null,'N',null,null,null,'2021-07-19 10:24:42',null,'N',null);
            go
            insert into pub_form_property(pk_form_property,areaid,classid,code,colnum,color,creationtime,creator,datatype,dataval,defaultvalue,defaultvar,define1,define2,define3,disabled,dr,editformula,hyperlinkflag,iscode,isdefined,ismultiselectedenabled,isnextrow,isrevise,istotal,itemtype,label,maxlength,metadataproperty,metaid,metapath,modifiedtime,modifier,position,proid,refcode,refname,relatemeta,required,resid,showformula,textrows,ts,validateformula,visible,width)
            values('0001ZZZZ8a46552c9071','0001ZZZZf018fe084072','616d6644-e695-4fce-a886-35ddb082cb2a','pk_group','1','#111111',null,'~',204,'0001Z010000000000ZKS,code=N' , null,null,null,null,null,'N',0,null,'N','N','N',null,'N','N','N','refer','集团',28,'uap.group.name','','pk_group',null,'~',3,'521a31ba-bc0c-4827-ae5e-a7077f802533','uap/refer/riart/groupTreeRef/index','集团',null,'N',null,null,null,'2021-07-19 10:24:42',null,'Y',null);
            go



















            insert into pub_form_property(pk_form_property,areaid,classid,code,colnum,color,creationtime,creator,datatype,dataval,defaultvalue,defaultvar,define1,define2,define3,disabled,dr,editformula,hyperlinkflag,iscode,isdefined,ismultiselectedenabled,isnextrow,isrevise,istotal,itemtype,label,maxlength,metadataproperty,metaid,metapath,modifiedtime,modifier,position,proid,refcode,refname,relatemeta,required,resid,showformula,textrows,ts,validateformula,visible,width)
            values('0001ZZZZ7508e3ddf000','0001ZZZZfddb13604ce4','616d6644-e695-4fce-a886-35ddb082cb2a','pk_busitype','1','#111111',null,'~',204,null, null,null,null,null,null,'N',0,null,'N','N','N',null,'N','N','N','refer','业务类型',28,NULL,'','pk_busitype',null,'~',9,'4931dc3c-0eb5-4c1d-8332-dd4111eecaf5','uap/refer/riart/busitype/index','业务流程',null,'N',null,null,null,'2021-07-19 10:24:42',null,'Y',null);
            go
            insert into pub_form_property(pk_form_property,areaid,classid,code,colnum,color,creationtime,creator,datatype,dataval,defaultvalue,defaultvar,define1,define2,define3,disabled,dr,editformula,hyperlinkflag,iscode,isdefined,ismultiselectedenabled,isnextrow,isrevise,istotal,itemtype,label,maxlength,metadataproperty,metaid,metapath,modifiedtime,modifier,position,proid,refcode,refname,relatemeta,required,resid,showformula,textrows,ts,validateformula,visible,width)
            values('0001ZZZZ7508e3ddf001','0001ZZZZfddb13604ce4','616d6644-e695-4fce-a886-35ddb082cb2a','pk_transtype','1','#111111',null,'~',204,null, null,null,null,null,null,'N',0,null,'N','N','N',null,'N','N','N','refer','交易类型',28,'uap.BilltypeVO.billtypename','','pk_transtype',null,'~',13,'db5d9261-c8f0-4f62-b2a6-86ae19cc7ad0','uap/refer/riart/transtype/index','影响因素交 易类型',null,'N',null,null,null,'2021-07-19 10:24:42',null,'Y',null);
            go
            insert into pub_form_property(pk_form_property,areaid,classid,code,colnum,color,creationtime,creator,datatype,dataval,defaultvalue,defaultvar,define1,define2,define3,disabled,dr,editformula,hyperlinkflag,iscode,isdefined,ismultiselectedenabled,isnextrow,isrevise,istotal,itemtype,label,maxlength,metadataproperty,metaid,metapath,modifiedtime,modifier,position,proid,refcode,refname,relatemeta,required,resid,showformula,textrows,ts,validateformula,visible,width)
            values('0001ZZZZ7508e3ddf002','0001ZZZZfddb13604ce4','616d6644-e695-4fce-a886-35ddb082cb2a','transtypecode','1','#111111',null,'~',1,null, null,null,null,null,null,'N',0,null,'N','N','N',null,'N','N','N','input','交易类型编码',28,NULL,'','transtypecode',null,'~',12,'93104bab-2ca3-4218-8d0a-432745a7e63d','/common-ref/','-99',null,'N',null,null,null,'2021-07-19 10:24:42',null,'Y',null);
            go
            insert into pub_form_property(pk_form_property,areaid,classid,code,colnum,color,creationtime,creator,datatype,dataval,defaultvalue,defaultvar,define1,define2,define3,disabled,dr,editformula,hyperlinkflag,iscode,isdefined,ismultiselectedenabled,isnextrow,isrevise,istotal,itemtype,label,maxlength,metadataproperty,metaid,metapath,modifiedtime,modifier,position,proid,refcode,refname,relatemeta,required,resid,showformula,textrows,ts,validateformula,visible,width)
            values('0001ZZZZf15631fd53ea','0001ZZZZ31f12f28ac35','616d6644-e695-4fce-a886-35ddb082cb2a','modifier','1','#111111',null,'~',204,null, null,null,null,null,null,'N',0,null,'N','N','N',null,'N','N','N','refer','修改人',28,'uap.user.user_name','','modifier',null,'~',18,'ca9d2c36-812e-407f-94ac-f3ad9937b03d','uap/refer/riart/userDefaultRefer/index','用户',null,'N',null,null,null,'2021-07-19 10:24:42',null,'Y',null);
            go
            insert into pub_form_property(pk_form_property,areaid,classid,code,colnum,color,creationtime,creator,datatype,dataval,defaultvalue,defaultvar,define1,define2,define3,disabled,dr,editformula,hyperlinkflag,iscode,isdefined,ismultiselectedenabled,isnextrow,isrevise,istotal,itemtype,label,maxlength,metadataproperty,metaid,metapath,modifiedtime,modifier,position,proid,refcode,refname,relatemeta,required,resid,showformula,textrows,ts,validateformula,visible,width)
            values('0001ZZZZ07eaadf81789','0001ZZZZ31f12f28ac35','616d6644-e695-4fce-a886-35ddb082cb2a','modifiedtime','1','#111111',null,'~',34,null, null,null,null,null,null,'N',0,null,'N','N','N',null,'N','N','N','datetimepicker','修改时间',28,NULL,'','modifiedtime',null,'~',19,'0c0a3ca3-525e-4788-b07b-bad64b5d84b7','/common-ref/','-99',null,'N',null,null,null,'2021-07-19 10:24:42',null,'Y',null);
            go
            insert into pub_form_property(pk_form_property,areaid,classid,code,colnum,color,creationtime,creator,datatype,dataval,defaultvalue,defaultvar,define1,define2,define3,disabled,dr,editformula,hyperlinkflag,iscode,isdefined,ismultiselectedenabled,isnextrow,isrevise,istotal,itemtype,label,maxlength,metadataproperty,metaid,metapath,modifiedtime,modifier,position,proid,refcode,refname,relatemeta,required,resid,showformula,textrows,ts,validateformula,visible,width)
            values('0001ZZZZ6e9fa28461c9','0001ZZZZ31f12f28ac35','616d6644-e695-4fce-a886-35ddb082cb2a','creator','1','#111111',null,'~',204,null, null,null,null,null,null,'N',0,null,'N','N','N',null,'N','N','N','refer','创建人',28,'uap.user.user_name','','creator',null,'~',16,'eac3485c-0a00-441c-8330-8fa87b7193d5','uap/refer/riart/userDefaultRefer/index','用户',null,'N',null,null,null,'2021-07-19 10:24:42',null,'Y',null);
            go
            insert into pub_form_property(pk_form_property,areaid,classid,code,colnum,color,creationtime,creator,datatype,dataval,defaultvalue,defaultvar,define1,define2,define3,disabled,dr,editformula,hyperlinkflag,iscode,isdefined,ismultiselectedenabled,isnextrow,isrevise,istotal,itemtype,label,maxlength,metadataproperty,metaid,metapath,modifiedtime,modifier,position,proid,refcode,refname,relatemeta,required,resid,showformula,textrows,ts,validateformula,visible,width)
            values('0001ZZZZ9d7d411cd617','0001ZZZZ31f12f28ac35','616d6644-e695-4fce-a886-35ddb082cb2a','creationtime','1','#111111',null,'~',34,null, null,null,null,null,null,'N',0,null,'N','N','N',null,'N','N','N','datetimepicker','创建时间',28,NULL,'','creationtime',null,'~',17,'5b81a4b1-0b34-47a7-b20a-0d1dfeef9d23','/common-ref/','-99',null,'N',null,null,null,'2021-07-19 10:24:42',null,'Y',null);
            go
            insert into pub_form_property(pk_form_property,areaid,classid,code,colnum,color,creationtime,creator,datatype,dataval,defaultvalue,defaultvar,define1,define2,define3,disabled,dr,editformula,hyperlinkflag,iscode,isdefined,ismultiselectedenabled,isnextrow,isrevise,istotal,itemtype,label,maxlength,metadataproperty,metaid,metapath,modifiedtime,modifier,position,proid,refcode,refname,relatemeta,required,resid,showformula,textrows,ts,validateformula,visible,width)
            values('0001ZZZZ7508e3ddf007','0001ZZZZfddb13604ce4','616d6644-e695-4fce-a886-35ddb082cb2a','billmaker','1','#111111',null,'~',204,null, null,null,null,null,null,'N',0,null,'N','N','N',null,'N','N','N','refer','制单人',28,'uap.user.user_name','','billmaker',null,'~',14,'874accff-1715-4d76-abe3-400333774ae2','uap/refer/riart/userDefaultRefer/index','用户',null,'N',null,null,null,'2021-07-19 10:24:42',null,'Y',null);
            go
            insert into pub_form_property(pk_form_property,areaid,classid,code,colnum,color,creationtime,creator,datatype,dataval,defaultvalue,defaultvar,define1,define2,define3,disabled,dr,editformula,hyperlinkflag,iscode,isdefined,ismultiselectedenabled,isnextrow,isrevise,istotal,itemtype,label,maxlength,metadataproperty,metaid,metapath,modifiedtime,modifier,position,proid,refcode,refname,relatemeta,required,resid,showformula,textrows,ts,validateformula,visible,width)
            values('0001ZZZZ7508e3ddf008','0001ZZZZfddb13604ce4','616d6644-e695-4fce-a886-35ddb082cb2a','maketime','1','#111111',null,'~',33,null, null,null,null,null,null,'N',0,null,'N','N','N',null,'N','N','N','datepicker','制单时间',28,NULL,'','maketime',null,'~',15,'a62e6c58-4734-4447-834e-da9c3127ed90','/common-ref/','-99',null,'N',null,null,null,'2021-07-19 10:24:42',null,'Y',null);
            go
            insert into pub_form_property(pk_form_property,areaid,classid,code,colnum,color,creationtime,creator,datatype,dataval,defaultvalue,defaultvar,define1,define2,define3,disabled,dr,editformula,hyperlinkflag,iscode,isdefined,ismultiselectedenabled,isnextrow,isrevise,istotal,itemtype,label,maxlength,metadataproperty,metaid,metapath,modifiedtime,modifier,position,proid,refcode,refname,relatemeta,required,resid,showformula,textrows,ts,validateformula,visible,width)
            values('0001ZZZZ7508e3ddf009','0001ZZZZfddb13604ce4','616d6644-e695-4fce-a886-35ddb082cb2a','bill_no','1','#111111',null,'~',1,null, null,null,null,null,null,'Y',0,null,'N','N','N',null,'N','N','N','input','单据号',28,NULL,'','bill_no',null,'~',8,'36796bde-2b3a-4574-bcf3-a974b48bff18','/common-ref/','-99',null,'N',null,null,null,'2021-07-19 10:24:42',null,'Y',null);
            go
            insert into pub_form_property(pk_form_property,areaid,classid,code,colnum,color,creationtime,creator,datatype,dataval,defaultvalue,defaultvar,define1,define2,define3,disabled,dr,editformula,hyperlinkflag,iscode,isdefined,ismultiselectedenabled,isnextrow,isrevise,istotal,itemtype,label,maxlength,metadataproperty,metaid,metapath,modifiedtime,modifier,position,proid,refcode,refname,relatemeta,required,resid,showformula,textrows,ts,validateformula,visible,width)
            values('0001ZZZZ7508e3ddf010','0001ZZZZfddb13604ce4','616d6644-e695-4fce-a886-35ddb082cb2a','dbilldate','1','#111111',null,'~',33,null, null,null,null,null,null,'N',0,null,'N','N','N',null,'N','N','N','datepicker','单据日期',28,NULL,'','dbilldate',null,'~',6,'6b8081d0-7d55-4a44-b99f-3f9ed2909828','/common-ref/','-99',null,'N',null,null,null,'2021-07-19 10:24:42',null,'Y',null);
            go
            insert into pub_form_property(pk_form_property,areaid,classid,code,colnum,color,creationtime,creator,datatype,dataval,defaultvalue,defaultvar,define1,define2,define3,disabled,dr,editformula,hyperlinkflag,iscode,isdefined,ismultiselectedenabled,isnextrow,isrevise,istotal,itemtype,label,maxlength,metadataproperty,metaid,metapath,modifiedtime,modifier,position,proid,refcode,refname,relatemeta,required,resid,showformula,textrows,ts,validateformula,visible,width)
            values('0001ZZZZ7508e3ddf011','0001ZZZZfddb13604ce4','616d6644-e695-4fce-a886-35ddb082cb2a','billstatus','1','#111111',null,'~',203,'自由=-1,审批未通过=0,审批通过=1,审批进行中=2,提交=3','-1',null,null,null,null,'Y',0,null,'N','N','N',null,'N','N','N','select','单据状态',28,NULL,'','billstatus',null,'~',7,'fe0bc6b1-1ded-46a1-a860-d08847eab524','/common-ref/','-99',null,'N',null,null,null,'2021-07-19 10:24:42',null,'Y',null);
            go
            insert into pub_form_property(pk_form_property,areaid,classid,code,colnum,color,creationtime,creator,datatype,dataval,defaultvalue,defaultvar,define1,define2,define3,disabled,dr,editformula,hyperlinkflag,iscode,isdefined,ismultiselectedenabled,isnextrow,isrevise,istotal,itemtype,label,maxlength,metadataproperty,metaid,metapath,modifiedtime,modifier,position,proid,refcode,refname,relatemeta,required,resid,showformula,textrows,ts,validateformula,visible,width)
            values('0001ZZZZ7508e3ddf012','0001ZZZZfddb13604ce4','616d6644-e695-4fce-a886-35ddb082cb2a','pk_billtypeid','1','#111111',null,'~',204,null, null,null,null,null,null,'N',0,null,'N','N','N',null,'N','N','N','refer','单据类型',28,'uap.BilltypeVO.billtypename','','pk_billtypeid',null,'~',10,'8b5f5f6a-2f07-431c-904b-8b7cb993e460','uap/refer/riart/billtype/index','影响因素单据类型',null,'N',null,null,null,'2021-07-19 10:24:42',null,'Y',null);
            go
            insert into pub_form_property(pk_form_property,areaid,classid,code,colnum,color,creationtime,creator,datatype,dataval,defaultvalue,defaultvar,define1,define2,define3,disabled,dr,editformula,hyperlinkflag,iscode,isdefined,ismultiselectedenabled,isnextrow,isrevise,istotal,itemtype,label,maxlength,metadataproperty,metaid,metapath,modifiedtime,modifier,position,proid,refcode,refname,relatemeta,required,resid,showformula,textrows,ts,validateformula,visible,width)
            values('0001ZZZZ7508e3ddf013','0001ZZZZfddb13604ce4','616d6644-e695-4fce-a886-35ddb082cb2a','billtype','1','#111111',null,'~',1,null, null,null,null,null,null,'N',0,null,'N','N','N',null,'N','N','N','input','单据类型编码',28,NULL,'','billtype',null,'~',11,'73def9d6-cd9d-4d9e-bb4b-c70259cd8e80','/common-ref/','-99',null,'N',null,null,null,'2021-07-19 10:24:42',null,'Y',null);
            go
            insert into pub_form_property(pk_form_property,areaid,classid,code,colnum,color,creationtime,creator,datatype,dataval,defaultvalue,defaultvar,define1,define2,define3,disabled,dr,editformula,hyperlinkflag,iscode,isdefined,ismultiselectedenabled,isnextrow,isrevise,istotal,itemtype,label,maxlength,metadataproperty,metaid,metapath,modifiedtime,modifier,position,proid,refcode,refname,relatemeta,required,resid,showformula,textrows,ts,validateformula,visible,width)
            values('0001ZZZZ7508e3ddf014','0001ZZZZfddb13604ce4','616d6644-e695-4fce-a886-35ddb082cb2a','vnote','1','#111111',null,'~',1,null, null,null,null,null,null,'N',0,null,'N','N','N',null,'N','N','N','input','备注',28,NULL,'','vnote',null,'~',24,'4e7e022e-16f6-4f4c-b77a-873617016278','/common-ref/','-99',null,'N',null,null,null,'2021-07-19 10:24:42',null,'Y',null);
            go
            insert into pub_form_property(pk_form_property,areaid,classid,code,colnum,color,creationtime,creator,datatype,dataval,defaultvalue,defaultvar,define1,define2,define3,disabled,dr,editformula,hyperlinkflag,iscode,isdefined,ismultiselectedenabled,isnextrow,isrevise,istotal,itemtype,label,maxlength,metadataproperty,metaid,metapath,modifiedtime,modifier,position,proid,refcode,refname,relatemeta,required,resid,showformula,textrows,ts,validateformula,visible,width)
            values('0001ZZZZe2dcf685c8cf','0001ZZZZ31f12f28ac35','616d6644-e695-4fce-a886-35ddb082cb2a','approver','1','#111111',null,'~',204,null, null,null,null,null,null,'N',0,null,'N','N','N',null,'N','N','N','refer','审批人',28,'uap.user.user_name','','approver',null,'~',20,'8e7c960f-e68d-4d66-9bf4-37c5556bacd3','uap/refer/riart/userDefaultRefer/index','用户',null,'N',null,null,null,'2021-07-19 10:24:42',null,'Y',null);
            go
            insert into pub_form_property(pk_form_property,areaid,classid,code,colnum,color,creationtime,creator,datatype,dataval,defaultvalue,defaultvar,define1,define2,define3,disabled,dr,editformula,hyperlinkflag,iscode,isdefined,ismultiselectedenabled,isnextrow,isrevise,istotal,itemtype,label,maxlength,metadataproperty,metaid,metapath,modifiedtime,modifier,position,proid,refcode,refname,relatemeta,required,resid,showformula,textrows,ts,validateformula,visible,width)
            values('0001ZZZZ06bcebcc1678','0001ZZZZ31f12f28ac35','616d6644-e695-4fce-a886-35ddb082cb2a','approvenote','1','#111111',null,'~',1,null, null,null,null,null,null,'N',0,null,'N','N','N',null,'N','N','N','input','审批批语',28,NULL,'','approvenote',null,'~',22,'35b8e6cb-7756-4a99-a44d-703a003e1a17','/common-ref/','-99',null,'N',null,null,null,'2021-07-19 10:24:42',null,'Y',null);
            go
            insert into pub_form_property(pk_form_property,areaid,classid,code,colnum,color,creationtime,creator,datatype,dataval,defaultvalue,defaultvar,define1,define2,define3,disabled,dr,editformula,hyperlinkflag,iscode,isdefined,ismultiselectedenabled,isnextrow,isrevise,istotal,itemtype,label,maxlength,metadataproperty,metaid,metapath,modifiedtime,modifier,position,proid,refcode,refname,relatemeta,required,resid,showformula,textrows,ts,validateformula,visible,width)
            values('0001ZZZZ89989c3f3b1f','0001ZZZZ31f12f28ac35','616d6644-e695-4fce-a886-35ddb082cb2a','approvedate','1','#111111',null,'~',34,null, null,null,null,null,null,'N',0,null,'N','N','N',null,'N','N','N','datetimepicker','审批时间',28,NULL,'','approvedate',null,'~',23,'155fb78d-c514-42b9-9d76-497f237e00d0','/common-ref/','-99',null,'N',null,null,null,'2021-07-19 10:24:42',null,'Y',null);
            go
            insert into pub_form_property(pk_form_property,areaid,classid,code,colnum,color,creationtime,creator,datatype,dataval,defaultvalue,defaultvar,define1,define2,define3,disabled,dr,editformula,hyperlinkflag,iscode,isdefined,ismultiselectedenabled,isnextrow,isrevise,istotal,itemtype,label,maxlength,metadataproperty,metaid,metapath,modifiedtime,modifier,position,proid,refcode,refname,relatemeta,required,resid,showformula,textrows,ts,validateformula,visible,width)
            values('0001ZZZZ7508e3ddf019','0001ZZZZfddb13604ce4','616d6644-e695-4fce-a886-35ddb082cb2a','approvestatus','1','#111111',null,'~',203,'自由=-1,审批未通过=0,审批通过=1,审批进行中=2,提交=3', null,null,null,null,null,'N',0,null,'N','N','N',null,'N','N','N','select','审批状态',28,NULL,'','approvestatus',null,'~',21,'680757db-2dd1-49df-883f-41cf4a9be22c','/common-ref/','-99',null,'N',null,null,null,'2021-07-19 10:24:42',null,'Y',null);
            go
            insert into pub_form_property(pk_form_property,areaid,classid,code,colnum,color,creationtime,creator,datatype,dataval,defaultvalue,defaultvar,define1,define2,define3,disabled,dr,editformula,hyperlinkflag,iscode,isdefined,ismultiselectedenabled,isnextrow,isrevise,istotal,itemtype,label,maxlength,metadataproperty,metaid,metapath,modifiedtime,modifier,position,proid,refcode,refname,relatemeta,required,resid,showformula,textrows,ts,validateformula,visible,width)
            values('0001ZZZZ7508e3ddf020','0001ZZZZfddb13604ce4','616d6644-e695-4fce-a886-35ddb082cb2a','receiverid','1','#111111',null,'~',1,null, null,null,null,null,null,'N',0,null,'N','N','N',null,'N','N','N','input','接收人身份证号',28,NULL,'','receiverid',null,'~',70,'717fe100-4154-4f2d-a737-1903f2a9323b','/common-ref/','-99',null,'N',null,null,null,'2021-07-19 10:24:42',null,'Y',null);
            go
            insert into pub_form_property(pk_form_property,areaid,classid,code,colnum,color,creationtime,creator,datatype,dataval,defaultvalue,defaultvar,define1,define2,define3,disabled,dr,editformula,hyperlinkflag,iscode,isdefined,ismultiselectedenabled,isnextrow,isrevise,istotal,itemtype,label,maxlength,metadataproperty,metaid,metapath,modifiedtime,modifier,position,proid,refcode,refname,relatemeta,required,resid,showformula,textrows,ts,validateformula,visible,width)
            values('0001ZZZZ7508e3ddf021','0001ZZZZfddb13604ce4','616d6644-e695-4fce-a886-35ddb082cb2a','receivetime','1','#111111',null,'~',33,null, null,null,null,null,null,'N',0,null,'N','N','N',null,'N','N','N','datepicker','推送时间',28,NULL,'','receivetime',null,'~',72,'7bc291ff-81c7-4e84-a11b-9fe366834a63','/common-ref/','-99',null,'N',null,null,null,'2021-07-19 10:24:42',null,'Y',null);
            go
            insert into pub_form_property(pk_form_property,areaid,classid,code,colnum,color,creationtime,creator,datatype,dataval,defaultvalue,defaultvar,define1,define2,define3,disabled,dr,editformula,hyperlinkflag,iscode,isdefined,ismultiselectedenabled,isnextrow,isrevise,istotal,itemtype,label,maxlength,metadataproperty,metaid,metapath,modifiedtime,modifier,position,proid,refcode,refname,relatemeta,required,resid,showformula,textrows,ts,validateformula,visible,width)
            values('0001ZZZZ7508e3ddf022','0001ZZZZfddb13604ce4','616d6644-e695-4fce-a886-35ddb082cb2a','srctrantype','1','#111111',null,'~',1,null, null,null,null,null,null,'N',0,null,'N','N','N',null,'N','N','N','input','来源交易类型',28,NULL,'','srctrantype',null,'~',31,'b9998fc0-b551-45e7-a8c4-31a327b8f2da','/common-ref/','-99',null,'N',null,null,null,'2021-07-19 10:24:42',null,'Y',null);
            go
            insert into pub_form_property(pk_form_property,areaid,classid,code,colnum,color,creationtime,creator,datatype,dataval,defaultvalue,defaultvar,define1,define2,define3,disabled,dr,editformula,hyperlinkflag,iscode,isdefined,ismultiselectedenabled,isnextrow,isrevise,istotal,itemtype,label,maxlength,metadataproperty,metaid,metapath,modifiedtime,modifier,position,proid,refcode,refname,relatemeta,required,resid,showformula,textrows,ts,validateformula,visible,width)
            values('0001ZZZZ7508e3ddf025','0001ZZZZfddb13604ce4','616d6644-e695-4fce-a886-35ddb082cb2a','srccode','1','#111111',null,'~',1,null, null,null,null,null,null,'N',0,null,'N','N','N',null,'N','N','N','input','来源单据号',28,NULL,'','srccode',null,'~',27,'a9fbedac-d868-4379-8555-a9325909e005','/common-ref/','-99',null,'N',null,null,null,'2021-07-19 10:24:42',null,'Y',null);
            go
            insert into pub_form_property(pk_form_property,areaid,classid,code,colnum,color,creationtime,creator,datatype,dataval,defaultvalue,defaultvar,define1,define2,define3,disabled,dr,editformula,hyperlinkflag,iscode,isdefined,ismultiselectedenabled,isnextrow,isrevise,istotal,itemtype,label,maxlength,metadataproperty,metaid,metapath,modifiedtime,modifier,position,proid,refcode,refname,relatemeta,required,resid,showformula,textrows,ts,validateformula,visible,width)
            values('0001ZZZZ7508e3ddf027','0001ZZZZfddb13604ce4','616d6644-e695-4fce-a886-35ddb082cb2a','srcbilltype','1','#111111',null,'~',1,null, null,null,null,null,null,'N',0,null,'N','N','N',null,'N','N','N','input','来源单据类型',28,NULL,'','srcbilltype',null,'~',25,'9a76893c-f20f-42f8-954e-640959d3c5f7','/common-ref/','-99',null,'N',null,null,null,'2021-07-19 10:24:42',null,'Y',null);
            go
            insert into pub_form_property(pk_form_property,areaid,classid,code,colnum,color,creationtime,creator,datatype,dataval,defaultvalue,defaultvar,define1,define2,define3,disabled,dr,editformula,hyperlinkflag,iscode,isdefined,ismultiselectedenabled,isnextrow,isrevise,istotal,itemtype,label,maxlength,metadataproperty,metaid,metapath,modifiedtime,modifier,position,proid,refcode,refname,relatemeta,required,resid,showformula,textrows,ts,validateformula,visible,width)
            values('0001ZZZZ7508e3ddf028','0001ZZZZfddb13604ce4','616d6644-e695-4fce-a886-35ddb082cb2a','srcrowno','1','#111111',null,'~',1,null, null,null,null,null,null,'N',0,null,'N','N','N',null,'N','N','N','input','来源单据行号',28,NULL,'','srcrowno',null,'~',30,'3ad640dc-0657-4a7b-91c5-bccb9b69638e','/common-ref/','-99',null,'N',null,null,null,'2021-07-19 10:24:42',null,'Y',null);
            go
            insert into pub_form_property(pk_form_property,areaid,classid,code,colnum,color,creationtime,creator,datatype,dataval,defaultvalue,defaultvar,define1,define2,define3,disabled,dr,editformula,hyperlinkflag,iscode,isdefined,ismultiselectedenabled,isnextrow,isrevise,istotal,itemtype,label,maxlength,metadataproperty,metaid,metapath,modifiedtime,modifier,position,proid,refcode,refname,relatemeta,required,resid,showformula,textrows,ts,validateformula,visible,width)
            values('0001ZZZZ7508e3ddf030','0001ZZZZfddb13604ce4','616d6644-e695-4fce-a886-35ddb082cb2a','msg','1','#111111',null,'~',57,null, null,null,null,null,null,'N',0,null,'N','N','N',null,'N','N','N','refer','消息内容',28,NULL,'','msg',null,'~',71,'ccde61c6-201c-48d8-867f-6009598693de','/common-ref/','-99',null,'N',null,null,null,'2021-07-19 10:24:42',null,'Y',null);
            go
            insert into pub_form_property(pk_form_property,areaid,classid,code,colnum,color,creationtime,creator,datatype,dataval,defaultvalue,defaultvar,define1,define2,define3,disabled,dr,editformula,hyperlinkflag,iscode,isdefined,ismultiselectedenabled,isnextrow,isrevise,istotal,itemtype,label,maxlength,metadataproperty,metaid,metapath,modifiedtime,modifier,position,proid,refcode,refname,relatemeta,required,resid,showformula,textrows,ts,validateformula,visible,width)
            values('0001ZZZZ7508e3ddf031','0001ZZZZfddb13604ce4','616d6644-e695-4fce-a886-35ddb082cb2a','receiver','1','#111111',null,'~',1,null, null,null,null,null,null,'N',0,null,'N','N','N',null,'N','N','N','input','消息接收人',28,NULL,'','receiver',null,'~',69,'b9e31815-4361-4465-b838-c55bc6e34857','/common-ref/','-99',null,'N',null,null,null,'2021-07-19 10:24:42',null,'Y',null);
            go
            insert into pub_form_property(pk_form_property,areaid,classid,code,colnum,color,creationtime,creator,datatype,dataval,defaultvalue,defaultvar,define1,define2,define3,disabled,dr,editformula,hyperlinkflag,iscode,isdefined,ismultiselectedenabled,isnextrow,isrevise,istotal,itemtype,label,maxlength,metadataproperty,metaid,metapath,modifiedtime,modifier,position,proid,refcode,refname,relatemeta,required,resid,showformula,textrows,ts,validateformula,visible,width)
            values('0001ZZZZ7508e3ddf032','0001ZZZZfddb13604ce4','616d6644-e695-4fce-a886-35ddb082cb2a','receiveport','1','#111111',null,'~',1,null, null,null,null,null,null,'N',0,null,'N','N','N',null,'N','N','N','input','消息接收端',28,NULL,'','receiveport',null,'~',68,'ed57fff2-5236-4ed9-9a1e-b87eb5437dcd','/common-ref/','-99',null,'N',null,null,null,'2021-07-19 10:24:42',null,'Y',null);
            go
            insert into pub_form_property(pk_form_property,areaid,classid,code,colnum,color,creationtime,creator,datatype,dataval,defaultvalue,defaultvar,define1,define2,define3,disabled,dr,editformula,hyperlinkflag,iscode,isdefined,ismultiselectedenabled,isnextrow,isrevise,istotal,itemtype,label,maxlength,metadataproperty,metaid,metapath,modifiedtime,modifier,position,proid,refcode,refname,relatemeta,required,resid,showformula,textrows,ts,validateformula,visible,width)
            values('0001ZZZZ7508e3ddf033','0001ZZZZfddb13604ce4','616d6644-e695-4fce-a886-35ddb082cb2a','vfirsttrantype','1','#111111',null,'~',1,null, null,null,null,null,null,'N',0,null,'N','N','N',null,'N','N','N','input','源头交易类型',28,NULL,'','vfirsttrantype',null,'~',37,'edb596de-3db4-4435-9a98-fbad708201f6','/common-ref/','-99',null,'N',null,null,null,'2021-07-19 10:24:42',null,'Y',null);
            go
            insert into pub_form_property(pk_form_property,areaid,classid,code,colnum,color,creationtime,creator,datatype,dataval,defaultvalue,defaultvar,define1,define2,define3,disabled,dr,editformula,hyperlinkflag,iscode,isdefined,ismultiselectedenabled,isnextrow,isrevise,istotal,itemtype,label,maxlength,metadataproperty,metaid,metapath,modifiedtime,modifier,position,proid,refcode,refname,relatemeta,required,resid,showformula,textrows,ts,validateformula,visible,width)
            values('0001ZZZZ7508e3ddf035','0001ZZZZfddb13604ce4','616d6644-e695-4fce-a886-35ddb082cb2a','vfirstcode','1','#111111',null,'~',1,null, null,null,null,null,null,'N',0,null,'N','N','N',null,'N','N','N','input','源头单据号',28,NULL,'','vfirstcode',null,'~',33,'35e4bf56-c7fe-4add-a05b-8fbc96340b42','/common-ref/','-99',null,'N',null,null,null,'2021-07-19 10:24:42',null,'Y',null);
            go
            insert into pub_form_property(pk_form_property,areaid,classid,code,colnum,color,creationtime,creator,datatype,dataval,defaultvalue,defaultvar,define1,define2,define3,disabled,dr,editformula,hyperlinkflag,iscode,isdefined,ismultiselectedenabled,isnextrow,isrevise,istotal,itemtype,label,maxlength,metadataproperty,metaid,metapath,modifiedtime,modifier,position,proid,refcode,refname,relatemeta,required,resid,showformula,textrows,ts,validateformula,visible,width)
            values('0001ZZZZ7508e3ddf037','0001ZZZZfddb13604ce4','616d6644-e695-4fce-a886-35ddb082cb2a','vfirsttype','1','#111111',null,'~',1,null, null,null,null,null,null,'N',0,null,'N','N','N',null,'N','N','N','input','源头单据类型',28,NULL,'','vfirsttype',null,'~',32,'3f6ff37e-cff3-4871-9f16-2e14f33dc195','/common-ref/','-99',null,'N',null,null,null,'2021-07-19 10:24:42',null,'Y',null);
            go
            insert into pub_form_property(pk_form_property,areaid,classid,code,colnum,color,creationtime,creator,datatype,dataval,defaultvalue,defaultvar,define1,define2,define3,disabled,dr,editformula,hyperlinkflag,iscode,isdefined,ismultiselectedenabled,isnextrow,isrevise,istotal,itemtype,label,maxlength,metadataproperty,metaid,metapath,modifiedtime,modifier,position,proid,refcode,refname,relatemeta,required,resid,showformula,textrows,ts,validateformula,visible,width)
            values('0001ZZZZ7508e3ddf038','0001ZZZZfddb13604ce4','616d6644-e695-4fce-a886-35ddb082cb2a','vfirstrowno','1','#111111',null,'~',1,null, null,null,null,null,null,'N',0,null,'N','N','N',null,'N','N','N','input','源头单据行号',28,NULL,'','vfirstrowno',null,'~',36,'254bb695-8efe-4530-a913-7e732263eff4','/common-ref/','-99',null,'N',null,null,null,'2021-07-19 10:24:42',null,'Y',null);
            go
            insert into pub_form_property(pk_form_property,areaid,classid,code,colnum,color,creationtime,creator,datatype,dataval,defaultvalue,defaultvar,define1,define2,define3,disabled,dr,editformula,hyperlinkflag,iscode,isdefined,ismultiselectedenabled,isnextrow,isrevise,istotal,itemtype,label,maxlength,metadataproperty,metaid,metapath,modifiedtime,modifier,position,proid,refcode,refname,relatemeta,required,resid,showformula,textrows,ts,validateformula,visible,width)
            values('0001ZZZZ7508e3ddf039','0001ZZZZfddb13604ce4','616d6644-e695-4fce-a886-35ddb082cb2a','pk_org','1','#111111',null,'~',204,null, null,null,null,null,null,'N',0,null,'N','N','N',null,'N','N','N','refer','组织',28,'uap.org.name','','pk_org',null,'~',4,'f71717e5-f94a-4166-baee-0f9693754054','uapbd/refer/org/BusinessUnitAndDeptTreeRef/index','业务单元及部门',null,'N',null,null,null,'2021-07-19 10:24:42',null,'Y',null);
            go
            insert into pub_form_property(pk_form_property,areaid,classid,code,colnum,color,creationtime,creator,datatype,dataval,defaultvalue,defaultvar,define1,define2,define3,disabled,dr,editformula,hyperlinkflag,iscode,isdefined,ismultiselectedenabled,isnextrow,isrevise,istotal,itemtype,label,maxlength,metadataproperty,metaid,metapath,modifiedtime,modifier,position,proid,refcode,refname,relatemeta,required,resid,showformula,textrows,ts,validateformula,visible,width)
            values('0001ZZZZ7508e3ddf040','0001ZZZZfddb13604ce4','616d6644-e695-4fce-a886-35ddb082cb2a','pk_org_v','1','#111111',null,'~',204,null, null,null,null,null,null,'N',0,null,'N','N','N',null,'N','N','N','refer','组织版本',28,NULL,'','pk_org_v',null,'~',5,'01489c37-ef7d-459d-8fb0-ced628214534','uapbd/refer/orgv/BusinessUnitVersionDefaultAllTreeRef/index','业务单元版本(所有)',null,'N',null,null,null,'2021-07-19 10:24:42',null,'N',null);
            go
            insert into pub_form_property(pk_form_property,areaid,classid,code,colnum,color,creationtime,creator,datatype,dataval,defaultvalue,defaultvar,define1,define2,define3,disabled,dr,editformula,hyperlinkflag,iscode,isdefined,ismultiselectedenabled,isnextrow,isrevise,istotal,itemtype,label,maxlength,metadataproperty,metaid,metapath,modifiedtime,modifier,position,proid,refcode,refname,relatemeta,required,resid,showformula,textrows,ts,validateformula,visible,width)
            values('0001ZZZZ7508e3ddf071','0001ZZZZfddb13604ce4','616d6644-e695-4fce-a886-35ddb082cb2a','pk_group','1','#111111',null,'~',204,null, null,null,null,null,null,'N',0,null,'N','N','N',null,'N','N','N','refer','集团',28,'uap.group.name','','pk_group',null,'~',3,'ffed983c-cd31-43ea-b6ec-56b330248dc1','uap/refer/riart/groupTreeRef/index','集团',null,'N',null,null,null,'2021-07-19 10:24:42',null,'Y',null);
            go













            insert into pub_form_property(pk_form_property,areaid,classid,code,colnum,color,creationtime,creator,datatype,dataval,defaultvalue,defaultvar,define1,define2,define3,disabled,dr,editformula,hyperlinkflag,iscode,isdefined,ismultiselectedenabled,isnextrow,isrevise,istotal,itemtype,label,maxlength,metadataproperty,metaid,metapath,modifiedtime,modifier,position,proid,refcode,refname,relatemeta,required,resid,showformula,textrows,ts,validateformula,visible,width)
            values('0001ZZZZ8b79091a5000','0001ZZZZb01142d8ace7','616d6644-e695-4fce-a886-35ddb082cb2a','pk_busitype','1','#111111',null,'~',204,null, null,null,null,null,null,'N',0,null,'N','N','N',null,'N','N','N','refer','业务类型',28,NULL,'','pk_busitype',null,'~',9,'436d8929-2fd3-4396-8fa4-12ba0b3df505','uap/refer/riart/busitype/index','业务流程',null,'N',null,null,null,'2021-07-19 10:24:42',null,'Y',null);
            go
            insert into pub_form_property(pk_form_property,areaid,classid,code,colnum,color,creationtime,creator,datatype,dataval,defaultvalue,defaultvar,define1,define2,define3,disabled,dr,editformula,hyperlinkflag,iscode,isdefined,ismultiselectedenabled,isnextrow,isrevise,istotal,itemtype,label,maxlength,metadataproperty,metaid,metapath,modifiedtime,modifier,position,proid,refcode,refname,relatemeta,required,resid,showformula,textrows,ts,validateformula,visible,width)
            values('0001ZZZZ8b79091a5001','0001ZZZZb01142d8ace7','616d6644-e695-4fce-a886-35ddb082cb2a','pk_transtype','1','#111111',null,'~',204,null, null,null,null,null,null,'N',0,null,'N','N','N',null,'N','N','N','refer','交易类型',28,'uap.BilltypeVO.billtypename','','pk_transtype',null,'~',13,'a5afed37-b736-41a6-8dc0-5f5b5ac56ac2','uap/refer/riart/transtype/index','影响因素交 易类型',null,'N',null,null,null,'2021-07-19 10:24:42',null,'Y',null);
            go
            insert into pub_form_property(pk_form_property,areaid,classid,code,colnum,color,creationtime,creator,datatype,dataval,defaultvalue,defaultvar,define1,define2,define3,disabled,dr,editformula,hyperlinkflag,iscode,isdefined,ismultiselectedenabled,isnextrow,isrevise,istotal,itemtype,label,maxlength,metadataproperty,metaid,metapath,modifiedtime,modifier,position,proid,refcode,refname,relatemeta,required,resid,showformula,textrows,ts,validateformula,visible,width)
            values('0001ZZZZ8b79091a5002','0001ZZZZb01142d8ace7','616d6644-e695-4fce-a886-35ddb082cb2a','transtypecode','1','#111111',null,'~',1,null, null,null,null,null,null,'N',0,null,'N','N','N',null,'N','N','N','input','交易类型编码',28,NULL,'','transtypecode',null,'~',12,'cbc79448-e82e-490d-b886-b5475aac988c','/common-ref/','-99',null,'N',null,null,null,'2021-07-19 10:24:42',null,'Y',null);
            go
            insert into pub_form_property(pk_form_property,areaid,classid,code,colnum,color,creationtime,creator,datatype,dataval,defaultvalue,defaultvar,define1,define2,define3,disabled,dr,editformula,hyperlinkflag,iscode,isdefined,ismultiselectedenabled,isnextrow,isrevise,istotal,itemtype,label,maxlength,metadataproperty,metaid,metapath,modifiedtime,modifier,position,proid,refcode,refname,relatemeta,required,resid,showformula,textrows,ts,validateformula,visible,width)
            values('0001ZZZZb1da9c9c0c53','0001ZZZZf83fd03caf45','616d6644-e695-4fce-a886-35ddb082cb2a','modifier','1','#111111',null,'~',204,null, null,null,null,null,null,'N',0,null,'N','N','N',null,'N','N','N','refer','修改人',28,'uap.user.user_name','','modifier',null,'~',18,'7f494a33-4e26-460d-89e5-96a986b94abe','uap/refer/riart/userDefaultRefer/index','用户',null,'N',null,null,null,'2021-07-19 10:24:42',null,'Y',null);
            go
            insert into pub_form_property(pk_form_property,areaid,classid,code,colnum,color,creationtime,creator,datatype,dataval,defaultvalue,defaultvar,define1,define2,define3,disabled,dr,editformula,hyperlinkflag,iscode,isdefined,ismultiselectedenabled,isnextrow,isrevise,istotal,itemtype,label,maxlength,metadataproperty,metaid,metapath,modifiedtime,modifier,position,proid,refcode,refname,relatemeta,required,resid,showformula,textrows,ts,validateformula,visible,width)
            values('0001ZZZZ335743721a76','0001ZZZZf83fd03caf45','616d6644-e695-4fce-a886-35ddb082cb2a','modifiedtime','1','#111111',null,'~',34,null, null,null,null,null,null,'N',0,null,'N','N','N',null,'N','N','N','datetimepicker','修改时间',28,NULL,'','modifiedtime',null,'~',19,'7154f936-f9cd-4689-a483-ab04c2d4fca6','/common-ref/','-99',null,'N',null,null,null,'2021-07-19 10:24:42',null,'Y',null);
            go
            insert into pub_form_property(pk_form_property,areaid,classid,code,colnum,color,creationtime,creator,datatype,dataval,defaultvalue,defaultvar,define1,define2,define3,disabled,dr,editformula,hyperlinkflag,iscode,isdefined,ismultiselectedenabled,isnextrow,isrevise,istotal,itemtype,label,maxlength,metadataproperty,metaid,metapath,modifiedtime,modifier,position,proid,refcode,refname,relatemeta,required,resid,showformula,textrows,ts,validateformula,visible,width)
            values('0001ZZZZ365d1720a783','0001ZZZZf83fd03caf45','616d6644-e695-4fce-a886-35ddb082cb2a','creator','1','#111111',null,'~',204,null, null,null,null,null,null,'N',0,null,'N','N','N',null,'N','N','N','refer','创建人',28,'uap.user.user_name','','creator',null,'~',16,'5bb2b1cf-bd7c-4f64-a386-681ddfbc450e','uap/refer/riart/userDefaultRefer/index','用户',null,'N',null,null,null,'2021-07-19 10:24:42',null,'Y',null);
            go
            insert into pub_form_property(pk_form_property,areaid,classid,code,colnum,color,creationtime,creator,datatype,dataval,defaultvalue,defaultvar,define1,define2,define3,disabled,dr,editformula,hyperlinkflag,iscode,isdefined,ismultiselectedenabled,isnextrow,isrevise,istotal,itemtype,label,maxlength,metadataproperty,metaid,metapath,modifiedtime,modifier,position,proid,refcode,refname,relatemeta,required,resid,showformula,textrows,ts,validateformula,visible,width)
            values('0001ZZZZ83be5f898aa5','0001ZZZZf83fd03caf45','616d6644-e695-4fce-a886-35ddb082cb2a','creationtime','1','#111111',null,'~',34,null, null,null,null,null,null,'N',0,null,'N','N','N',null,'N','N','N','datetimepicker','创建时间',28,NULL,'','creationtime',null,'~',17,'d3d82924-3d0b-4e30-8f85-1f495a7b0cfa','/common-ref/','-99',null,'N',null,null,null,'2021-07-19 10:24:42',null,'Y',null);
            go
            insert into pub_form_property(pk_form_property,areaid,classid,code,colnum,color,creationtime,creator,datatype,dataval,defaultvalue,defaultvar,define1,define2,define3,disabled,dr,editformula,hyperlinkflag,iscode,isdefined,ismultiselectedenabled,isnextrow,isrevise,istotal,itemtype,label,maxlength,metadataproperty,metaid,metapath,modifiedtime,modifier,position,proid,refcode,refname,relatemeta,required,resid,showformula,textrows,ts,validateformula,visible,width)
            values('0001ZZZZ8b79091a5007','0001ZZZZb01142d8ace7','616d6644-e695-4fce-a886-35ddb082cb2a','billmaker','1','#111111',null,'~',204,null, null,null,null,null,null,'N',0,null,'N','N','N',null,'N','N','N','refer','制单人',28,'uap.user.user_name','','billmaker',null,'~',14,'19c1bd57-3552-4b5c-827f-a8b841b8d7bb','uap/refer/riart/userDefaultRefer/index','用户',null,'N',null,null,null,'2021-07-19 10:24:42',null,'Y',null);
            go
            insert into pub_form_property(pk_form_property,areaid,classid,code,colnum,color,creationtime,creator,datatype,dataval,defaultvalue,defaultvar,define1,define2,define3,disabled,dr,editformula,hyperlinkflag,iscode,isdefined,ismultiselectedenabled,isnextrow,isrevise,istotal,itemtype,label,maxlength,metadataproperty,metaid,metapath,modifiedtime,modifier,position,proid,refcode,refname,relatemeta,required,resid,showformula,textrows,ts,validateformula,visible,width)
            values('0001ZZZZ8b79091a5008','0001ZZZZb01142d8ace7','616d6644-e695-4fce-a886-35ddb082cb2a','maketime','1','#111111',null,'~',33,null, null,null,null,null,null,'N',0,null,'N','N','N',null,'N','N','N','datepicker','制单时间',28,NULL,'','maketime',null,'~',15,'7848819e-98c9-4fe3-ad5a-6c3d172bdf2b','/common-ref/','-99',null,'N',null,null,null,'2021-07-19 10:24:42',null,'Y',null);
            go
            insert into pub_form_property(pk_form_property,areaid,classid,code,colnum,color,creationtime,creator,datatype,dataval,defaultvalue,defaultvar,define1,define2,define3,disabled,dr,editformula,hyperlinkflag,iscode,isdefined,ismultiselectedenabled,isnextrow,isrevise,istotal,itemtype,label,maxlength,metadataproperty,metaid,metapath,modifiedtime,modifier,position,proid,refcode,refname,relatemeta,required,resid,showformula,textrows,ts,validateformula,visible,width)
            values('0001ZZZZ8b79091a5009','0001ZZZZb01142d8ace7','616d6644-e695-4fce-a886-35ddb082cb2a','bill_no','1','#111111',null,'~',1,null, null,null,null,null,null,'Y',0,null,'N','N','N',null,'N','N','N','input','单据号',28,NULL,'','bill_no',null,'~',8,'eef2dc83-f52e-44dd-bfad-856af3a6850a','/common-ref/','-99',null,'N',null,null,null,'2021-07-19 10:24:42',null,'Y',null);
            go
            insert into pub_form_property(pk_form_property,areaid,classid,code,colnum,color,creationtime,creator,datatype,dataval,defaultvalue,defaultvar,define1,define2,define3,disabled,dr,editformula,hyperlinkflag,iscode,isdefined,ismultiselectedenabled,isnextrow,isrevise,istotal,itemtype,label,maxlength,metadataproperty,metaid,metapath,modifiedtime,modifier,position,proid,refcode,refname,relatemeta,required,resid,showformula,textrows,ts,validateformula,visible,width)
            values('0001ZZZZ8b79091a5010','0001ZZZZb01142d8ace7','616d6644-e695-4fce-a886-35ddb082cb2a','dbilldate','1','#111111',null,'~',33,null, null,null,null,null,null,'N',0,null,'N','N','N',null,'N','N','N','datepicker','单据日期',28,NULL,'','dbilldate',null,'~',6,'00bff90f-ab54-49d1-9d60-79925a8962c3','/common-ref/','-99',null,'N',null,null,null,'2021-07-19 10:24:42',null,'Y',null);
            go
            insert into pub_form_property(pk_form_property,areaid,classid,code,colnum,color,creationtime,creator,datatype,dataval,defaultvalue,defaultvar,define1,define2,define3,disabled,dr,editformula,hyperlinkflag,iscode,isdefined,ismultiselectedenabled,isnextrow,isrevise,istotal,itemtype,label,maxlength,metadataproperty,metaid,metapath,modifiedtime,modifier,position,proid,refcode,refname,relatemeta,required,resid,showformula,textrows,ts,validateformula,visible,width)
            values('0001ZZZZ8b79091a5011','0001ZZZZb01142d8ace7','616d6644-e695-4fce-a886-35ddb082cb2a','billstatus','1','#111111',null,'~',203,'自由=-1,审批未通过=0,审批通过=1,审批进行中=2,提交=3','-1',null,null,null,null,'Y',0,null,'N','N','N',null,'N','N','N','select','单据状态',28,NULL,'','billstatus',null,'~',7,'856e5de4-03d0-48be-8d67-3e9070460598','/common-ref/','-99',null,'N',null,null,null,'2021-07-19 10:24:42',null,'Y',null);
            go
            insert into pub_form_property(pk_form_property,areaid,classid,code,colnum,color,creationtime,creator,datatype,dataval,defaultvalue,defaultvar,define1,define2,define3,disabled,dr,editformula,hyperlinkflag,iscode,isdefined,ismultiselectedenabled,isnextrow,isrevise,istotal,itemtype,label,maxlength,metadataproperty,metaid,metapath,modifiedtime,modifier,position,proid,refcode,refname,relatemeta,required,resid,showformula,textrows,ts,validateformula,visible,width)
            values('0001ZZZZ8b79091a5012','0001ZZZZb01142d8ace7','616d6644-e695-4fce-a886-35ddb082cb2a','pk_billtypeid','1','#111111',null,'~',204,null, null,null,null,null,null,'N',0,null,'N','N','N',null,'N','N','N','refer','单据类型',28,'uap.BilltypeVO.billtypename','','pk_billtypeid',null,'~',10,'dc7e128e-d045-43f1-a8fb-392cb8dfc03e','uap/refer/riart/billtype/index','影响因素单据类型',null,'N',null,null,null,'2021-07-19 10:24:42',null,'Y',null);
            go
            insert into pub_form_property(pk_form_property,areaid,classid,code,colnum,color,creationtime,creator,datatype,dataval,defaultvalue,defaultvar,define1,define2,define3,disabled,dr,editformula,hyperlinkflag,iscode,isdefined,ismultiselectedenabled,isnextrow,isrevise,istotal,itemtype,label,maxlength,metadataproperty,metaid,metapath,modifiedtime,modifier,position,proid,refcode,refname,relatemeta,required,resid,showformula,textrows,ts,validateformula,visible,width)
            values('0001ZZZZ8b79091a5013','0001ZZZZb01142d8ace7','616d6644-e695-4fce-a886-35ddb082cb2a','billtype','1','#111111',null,'~',1,null, null,null,null,null,null,'N',0,null,'N','N','N',null,'N','N','N','input','单据类型编码',28,NULL,'','billtype',null,'~',11,'c2410eed-5a75-4848-a802-42d558b8c344','/common-ref/','-99',null,'N',null,null,null,'2021-07-19 10:24:42',null,'Y',null);
            go
            insert into pub_form_property(pk_form_property,areaid,classid,code,colnum,color,creationtime,creator,datatype,dataval,defaultvalue,defaultvar,define1,define2,define3,disabled,dr,editformula,hyperlinkflag,iscode,isdefined,ismultiselectedenabled,isnextrow,isrevise,istotal,itemtype,label,maxlength,metadataproperty,metaid,metapath,modifiedtime,modifier,position,proid,refcode,refname,relatemeta,required,resid,showformula,textrows,ts,validateformula,visible,width)
            values('0001ZZZZ8b79091a5014','0001ZZZZb01142d8ace7','616d6644-e695-4fce-a886-35ddb082cb2a','vnote','1','#111111',null,'~',1,null, null,null,null,null,null,'N',0,null,'N','N','N',null,'N','N','N','input','备注',28,NULL,'','vnote',null,'~',24,'95702923-e69f-434b-96ce-3f7490932f01','/common-ref/','-99',null,'N',null,null,null,'2021-07-19 10:24:42',null,'Y',null);
            go
            insert into pub_form_property(pk_form_property,areaid,classid,code,colnum,color,creationtime,creator,datatype,dataval,defaultvalue,defaultvar,define1,define2,define3,disabled,dr,editformula,hyperlinkflag,iscode,isdefined,ismultiselectedenabled,isnextrow,isrevise,istotal,itemtype,label,maxlength,metadataproperty,metaid,metapath,modifiedtime,modifier,position,proid,refcode,refname,relatemeta,required,resid,showformula,textrows,ts,validateformula,visible,width)
            values('0001ZZZZ83e8762ff4aa','0001ZZZZf83fd03caf45','616d6644-e695-4fce-a886-35ddb082cb2a','approver','1','#111111',null,'~',204,null, null,null,null,null,null,'N',0,null,'N','N','N',null,'N','N','N','refer','审批人',28,'uap.user.user_name','','approver',null,'~',20,'3ff22088-ef67-4b95-8db2-c0b7f720a3b6','uap/refer/riart/userDefaultRefer/index','用户',null,'N',null,null,null,'2021-07-19 10:24:42',null,'Y',null);
            go
            insert into pub_form_property(pk_form_property,areaid,classid,code,colnum,color,creationtime,creator,datatype,dataval,defaultvalue,defaultvar,define1,define2,define3,disabled,dr,editformula,hyperlinkflag,iscode,isdefined,ismultiselectedenabled,isnextrow,isrevise,istotal,itemtype,label,maxlength,metadataproperty,metaid,metapath,modifiedtime,modifier,position,proid,refcode,refname,relatemeta,required,resid,showformula,textrows,ts,validateformula,visible,width)
            values('0001ZZZZ97b81225ca32','0001ZZZZf83fd03caf45','616d6644-e695-4fce-a886-35ddb082cb2a','approvenote','1','#111111',null,'~',1,null, null,null,null,null,null,'N',0,null,'N','N','N',null,'N','N','N','input','审批批语',28,NULL,'','approvenote',null,'~',22,'97e407fe-20d0-412b-bfd1-15f7e61ee910','/common-ref/','-99',null,'N',null,null,null,'2021-07-19 10:24:42',null,'Y',null);
            go
            insert into pub_form_property(pk_form_property,areaid,classid,code,colnum,color,creationtime,creator,datatype,dataval,defaultvalue,defaultvar,define1,define2,define3,disabled,dr,editformula,hyperlinkflag,iscode,isdefined,ismultiselectedenabled,isnextrow,isrevise,istotal,itemtype,label,maxlength,metadataproperty,metaid,metapath,modifiedtime,modifier,position,proid,refcode,refname,relatemeta,required,resid,showformula,textrows,ts,validateformula,visible,width)
            values('0001ZZZZ17815f711698','0001ZZZZf83fd03caf45','616d6644-e695-4fce-a886-35ddb082cb2a','approvedate','1','#111111',null,'~',34,null, null,null,null,null,null,'N',0,null,'N','N','N',null,'N','N','N','datetimepicker','审批时间',28,NULL,'','approvedate',null,'~',23,'b1b78862-f7c6-4003-a6d5-86c590643184','/common-ref/','-99',null,'N',null,null,null,'2021-07-19 10:24:42',null,'Y',null);
            go
            insert into pub_form_property(pk_form_property,areaid,classid,code,colnum,color,creationtime,creator,datatype,dataval,defaultvalue,defaultvar,define1,define2,define3,disabled,dr,editformula,hyperlinkflag,iscode,isdefined,ismultiselectedenabled,isnextrow,isrevise,istotal,itemtype,label,maxlength,metadataproperty,metaid,metapath,modifiedtime,modifier,position,proid,refcode,refname,relatemeta,required,resid,showformula,textrows,ts,validateformula,visible,width)
            values('0001ZZZZ8b79091a5019','0001ZZZZb01142d8ace7','616d6644-e695-4fce-a886-35ddb082cb2a','approvestatus','1','#111111',null,'~',203,'自由=-1,审批未通过=0,审批通过=1,审批进行中=2,提交=3', null,null,null,null,null,'N',0,null,'N','N','N',null,'N','N','N','select','审批状态',28,NULL,'','approvestatus',null,'~',21,'9cb58397-7119-4b96-a3eb-37f6b9c31e3e','/common-ref/','-99',null,'N',null,null,null,'2021-07-19 10:24:42',null,'Y',null);
            go
            insert into pub_form_property(pk_form_property,areaid,classid,code,colnum,color,creationtime,creator,datatype,dataval,defaultvalue,defaultvar,define1,define2,define3,disabled,dr,editformula,hyperlinkflag,iscode,isdefined,ismultiselectedenabled,isnextrow,isrevise,istotal,itemtype,label,maxlength,metadataproperty,metaid,metapath,modifiedtime,modifier,position,proid,refcode,refname,relatemeta,required,resid,showformula,textrows,ts,validateformula,visible,width)
            values('0001ZZZZ8b79091a5020','0001ZZZZb01142d8ace7','616d6644-e695-4fce-a886-35ddb082cb2a','receiverid','1','#111111',null,'~',1,null, null,null,null,null,null,'N',0,null,'N','N','N',null,'N','N','N','input','接收人身份证号',28,NULL,'','receiverid',null,'~',70,'d49d62ee-1bf6-4166-9f45-f8b1c7a3f822','/common-ref/','-99',null,'N',null,null,null,'2021-07-19 10:24:42',null,'Y',null);
            go
            insert into pub_form_property(pk_form_property,areaid,classid,code,colnum,color,creationtime,creator,datatype,dataval,defaultvalue,defaultvar,define1,define2,define3,disabled,dr,editformula,hyperlinkflag,iscode,isdefined,ismultiselectedenabled,isnextrow,isrevise,istotal,itemtype,label,maxlength,metadataproperty,metaid,metapath,modifiedtime,modifier,position,proid,refcode,refname,relatemeta,required,resid,showformula,textrows,ts,validateformula,visible,width)
            values('0001ZZZZ8b79091a5021','0001ZZZZb01142d8ace7','616d6644-e695-4fce-a886-35ddb082cb2a','receivetime','1','#111111',null,'~',33,null, null,null,null,null,null,'N',0,null,'N','N','N',null,'N','N','N','datepicker','推送时间',28,NULL,'','receivetime',null,'~',72,'f6583474-c399-42fe-bdde-6cba644cc31e','/common-ref/','-99',null,'N',null,null,null,'2021-07-19 10:24:42',null,'Y',null);
            go
            insert into pub_form_property(pk_form_property,areaid,classid,code,colnum,color,creationtime,creator,datatype,dataval,defaultvalue,defaultvar,define1,define2,define3,disabled,dr,editformula,hyperlinkflag,iscode,isdefined,ismultiselectedenabled,isnextrow,isrevise,istotal,itemtype,label,maxlength,metadataproperty,metaid,metapath,modifiedtime,modifier,position,proid,refcode,refname,relatemeta,required,resid,showformula,textrows,ts,validateformula,visible,width)
            values('0001ZZZZ8b79091a5022','0001ZZZZb01142d8ace7','616d6644-e695-4fce-a886-35ddb082cb2a','srctrantype','1','#111111',null,'~',1,null, null,null,null,null,null,'N',0,null,'N','N','N',null,'N','N','N','input','来源交易类型',28,NULL,'','srctrantype',null,'~',31,'14142f8f-567d-41ba-af2b-1eefdb90d721','/common-ref/','-99',null,'N',null,null,null,'2021-07-19 10:24:42',null,'Y',null);
            go
            insert into pub_form_property(pk_form_property,areaid,classid,code,colnum,color,creationtime,creator,datatype,dataval,defaultvalue,defaultvar,define1,define2,define3,disabled,dr,editformula,hyperlinkflag,iscode,isdefined,ismultiselectedenabled,isnextrow,isrevise,istotal,itemtype,label,maxlength,metadataproperty,metaid,metapath,modifiedtime,modifier,position,proid,refcode,refname,relatemeta,required,resid,showformula,textrows,ts,validateformula,visible,width)
            values('0001ZZZZ8b79091a5025','0001ZZZZb01142d8ace7','616d6644-e695-4fce-a886-35ddb082cb2a','srccode','1','#111111',null,'~',1,null, null,null,null,null,null,'N',0,null,'N','N','N',null,'N','N','N','input','来源单据号',28,NULL,'','srccode',null,'~',27,'440eae43-3b00-4b48-8765-b68e71f11fe3','/common-ref/','-99',null,'N',null,null,null,'2021-07-19 10:24:42',null,'Y',null);
            go
            insert into pub_form_property(pk_form_property,areaid,classid,code,colnum,color,creationtime,creator,datatype,dataval,defaultvalue,defaultvar,define1,define2,define3,disabled,dr,editformula,hyperlinkflag,iscode,isdefined,ismultiselectedenabled,isnextrow,isrevise,istotal,itemtype,label,maxlength,metadataproperty,metaid,metapath,modifiedtime,modifier,position,proid,refcode,refname,relatemeta,required,resid,showformula,textrows,ts,validateformula,visible,width)
            values('0001ZZZZ8b79091a5027','0001ZZZZb01142d8ace7','616d6644-e695-4fce-a886-35ddb082cb2a','srcbilltype','1','#111111',null,'~',1,null, null,null,null,null,null,'N',0,null,'N','N','N',null,'N','N','N','input','来源单据类型',28,NULL,'','srcbilltype',null,'~',25,'4acbdec1-69ef-4a73-ba05-37c54373a951','/common-ref/','-99',null,'N',null,null,null,'2021-07-19 10:24:42',null,'Y',null);
            go
            insert into pub_form_property(pk_form_property,areaid,classid,code,colnum,color,creationtime,creator,datatype,dataval,defaultvalue,defaultvar,define1,define2,define3,disabled,dr,editformula,hyperlinkflag,iscode,isdefined,ismultiselectedenabled,isnextrow,isrevise,istotal,itemtype,label,maxlength,metadataproperty,metaid,metapath,modifiedtime,modifier,position,proid,refcode,refname,relatemeta,required,resid,showformula,textrows,ts,validateformula,visible,width)
            values('0001ZZZZ8b79091a5028','0001ZZZZb01142d8ace7','616d6644-e695-4fce-a886-35ddb082cb2a','srcrowno','1','#111111',null,'~',1,null, null,null,null,null,null,'N',0,null,'N','N','N',null,'N','N','N','input','来源单据行号',28,NULL,'','srcrowno',null,'~',30,'43848f36-6619-4a5b-be4e-d62e1f11ca29','/common-ref/','-99',null,'N',null,null,null,'2021-07-19 10:24:42',null,'Y',null);
            go
            insert into pub_form_property(pk_form_property,areaid,classid,code,colnum,color,creationtime,creator,datatype,dataval,defaultvalue,defaultvar,define1,define2,define3,disabled,dr,editformula,hyperlinkflag,iscode,isdefined,ismultiselectedenabled,isnextrow,isrevise,istotal,itemtype,label,maxlength,metadataproperty,metaid,metapath,modifiedtime,modifier,position,proid,refcode,refname,relatemeta,required,resid,showformula,textrows,ts,validateformula,visible,width)
            values('0001ZZZZ8b79091a5030','0001ZZZZb01142d8ace7','616d6644-e695-4fce-a886-35ddb082cb2a','msg','1','#111111',null,'~',57,null, null,null,null,null,null,'N',0,null,'N','N','N',null,'N','N','N','refer','消息内容',28,NULL,'','msg',null,'~',71,'3eeea7a5-caca-41cb-bea2-a2065e7f2f8b','/common-ref/','-99',null,'N',null,null,null,'2021-07-19 10:24:42',null,'Y',null);
            go
            insert into pub_form_property(pk_form_property,areaid,classid,code,colnum,color,creationtime,creator,datatype,dataval,defaultvalue,defaultvar,define1,define2,define3,disabled,dr,editformula,hyperlinkflag,iscode,isdefined,ismultiselectedenabled,isnextrow,isrevise,istotal,itemtype,label,maxlength,metadataproperty,metaid,metapath,modifiedtime,modifier,position,proid,refcode,refname,relatemeta,required,resid,showformula,textrows,ts,validateformula,visible,width)
            values('0001ZZZZ8b79091a5031','0001ZZZZb01142d8ace7','616d6644-e695-4fce-a886-35ddb082cb2a','receiver','1','#111111',null,'~',1,null, null,null,null,null,null,'N',0,null,'N','N','N',null,'N','N','N','input','消息接收人',28,NULL,'','receiver',null,'~',69,'02009633-1543-4392-85a7-5f40160686a5','/common-ref/','-99',null,'N',null,null,null,'2021-07-19 10:24:42',null,'Y',null);
            go
            insert into pub_form_property(pk_form_property,areaid,classid,code,colnum,color,creationtime,creator,datatype,dataval,defaultvalue,defaultvar,define1,define2,define3,disabled,dr,editformula,hyperlinkflag,iscode,isdefined,ismultiselectedenabled,isnextrow,isrevise,istotal,itemtype,label,maxlength,metadataproperty,metaid,metapath,modifiedtime,modifier,position,proid,refcode,refname,relatemeta,required,resid,showformula,textrows,ts,validateformula,visible,width)
            values('0001ZZZZ8b79091a5032','0001ZZZZb01142d8ace7','616d6644-e695-4fce-a886-35ddb082cb2a','receiveport','1','#111111',null,'~',1,null, null,null,null,null,null,'N',0,null,'N','N','N',null,'N','N','N','input','消息接收端',28,NULL,'','receiveport',null,'~',68,'ae817357-5642-472f-8ed0-519e73a3ca7c','/common-ref/','-99',null,'N',null,null,null,'2021-07-19 10:24:42',null,'Y',null);
            go
            insert into pub_form_property(pk_form_property,areaid,classid,code,colnum,color,creationtime,creator,datatype,dataval,defaultvalue,defaultvar,define1,define2,define3,disabled,dr,editformula,hyperlinkflag,iscode,isdefined,ismultiselectedenabled,isnextrow,isrevise,istotal,itemtype,label,maxlength,metadataproperty,metaid,metapath,modifiedtime,modifier,position,proid,refcode,refname,relatemeta,required,resid,showformula,textrows,ts,validateformula,visible,width)
            values('0001ZZZZ8b79091a5033','0001ZZZZb01142d8ace7','616d6644-e695-4fce-a886-35ddb082cb2a','vfirsttrantype','1','#111111',null,'~',1,null, null,null,null,null,null,'N',0,null,'N','N','N',null,'N','N','N','input','源头交易类型',28,NULL,'','vfirsttrantype',null,'~',37,'1663cb0f-4b2e-471b-b9fe-996ddecdb081','/common-ref/','-99',null,'N',null,null,null,'2021-07-19 10:24:42',null,'Y',null);
            go
            insert into pub_form_property(pk_form_property,areaid,classid,code,colnum,color,creationtime,creator,datatype,dataval,defaultvalue,defaultvar,define1,define2,define3,disabled,dr,editformula,hyperlinkflag,iscode,isdefined,ismultiselectedenabled,isnextrow,isrevise,istotal,itemtype,label,maxlength,metadataproperty,metaid,metapath,modifiedtime,modifier,position,proid,refcode,refname,relatemeta,required,resid,showformula,textrows,ts,validateformula,visible,width)
            values('0001ZZZZ8b79091a5035','0001ZZZZb01142d8ace7','616d6644-e695-4fce-a886-35ddb082cb2a','vfirstcode','1','#111111',null,'~',1,null, null,null,null,null,null,'N',0,null,'N','N','N',null,'N','N','N','input','源头单据号',28,NULL,'','vfirstcode',null,'~',33,'83dd041f-7d89-4c4b-b98c-e928fba1a909','/common-ref/','-99',null,'N',null,null,null,'2021-07-19 10:24:42',null,'Y',null);
            go
            insert into pub_form_property(pk_form_property,areaid,classid,code,colnum,color,creationtime,creator,datatype,dataval,defaultvalue,defaultvar,define1,define2,define3,disabled,dr,editformula,hyperlinkflag,iscode,isdefined,ismultiselectedenabled,isnextrow,isrevise,istotal,itemtype,label,maxlength,metadataproperty,metaid,metapath,modifiedtime,modifier,position,proid,refcode,refname,relatemeta,required,resid,showformula,textrows,ts,validateformula,visible,width)
            values('0001ZZZZ8b79091a5037','0001ZZZZb01142d8ace7','616d6644-e695-4fce-a886-35ddb082cb2a','vfirsttype','1','#111111',null,'~',1,null, null,null,null,null,null,'N',0,null,'N','N','N',null,'N','N','N','input','源头单据类型',28,NULL,'','vfirsttype',null,'~',32,'8c5a113b-eb75-4486-926c-45a23ca84b5d','/common-ref/','-99',null,'N',null,null,null,'2021-07-19 10:24:42',null,'Y',null);
            go
            insert into pub_form_property(pk_form_property,areaid,classid,code,colnum,color,creationtime,creator,datatype,dataval,defaultvalue,defaultvar,define1,define2,define3,disabled,dr,editformula,hyperlinkflag,iscode,isdefined,ismultiselectedenabled,isnextrow,isrevise,istotal,itemtype,label,maxlength,metadataproperty,metaid,metapath,modifiedtime,modifier,position,proid,refcode,refname,relatemeta,required,resid,showformula,textrows,ts,validateformula,visible,width)
            values('0001ZZZZ8b79091a5038','0001ZZZZb01142d8ace7','616d6644-e695-4fce-a886-35ddb082cb2a','vfirstrowno','1','#111111',null,'~',1,null, null,null,null,null,null,'N',0,null,'N','N','N',null,'N','N','N','input','源头单据行号',28,NULL,'','vfirstrowno',null,'~',36,'e0f766da-6740-4d70-a283-95efaac69e20','/common-ref/','-99',null,'N',null,null,null,'2021-07-19 10:24:42',null,'Y',null);
            go
            insert into pub_form_property(pk_form_property,areaid,classid,code,colnum,color,creationtime,creator,datatype,dataval,defaultvalue,defaultvar,define1,define2,define3,disabled,dr,editformula,hyperlinkflag,iscode,isdefined,ismultiselectedenabled,isnextrow,isrevise,istotal,itemtype,label,maxlength,metadataproperty,metaid,metapath,modifiedtime,modifier,position,proid,refcode,refname,relatemeta,required,resid,showformula,textrows,ts,validateformula,visible,width)
            values('0001ZZZZ8b79091a5039','0001ZZZZb01142d8ace7','616d6644-e695-4fce-a886-35ddb082cb2a','pk_org','1','#111111',null,'~',204,null, null,null,null,null,null,'N',0,null,'N','N','N',null,'N','N','N','refer','组织',28,'uap.org.name','','pk_org',null,'~',4,'9deadcca-e2cf-4efd-8ff1-707ab95bdcef','uapbd/refer/org/BusinessUnitAndDeptTreeRef/index','业务单元及部门',null,'N',null,null,null,'2021-07-19 10:24:42',null,'Y',null);
            go
            insert into pub_form_property(pk_form_property,areaid,classid,code,colnum,color,creationtime,creator,datatype,dataval,defaultvalue,defaultvar,define1,define2,define3,disabled,dr,editformula,hyperlinkflag,iscode,isdefined,ismultiselectedenabled,isnextrow,isrevise,istotal,itemtype,label,maxlength,metadataproperty,metaid,metapath,modifiedtime,modifier,position,proid,refcode,refname,relatemeta,required,resid,showformula,textrows,ts,validateformula,visible,width)
            values('0001ZZZZ8b79091a5040','0001ZZZZb01142d8ace7','616d6644-e695-4fce-a886-35ddb082cb2a','pk_org_v','1','#111111',null,'~',204,null, null,null,null,null,null,'N',0,null,'N','N','N',null,'N','N','N','refer','组织版本',28,NULL,'','pk_org_v',null,'~',5,'b2b00ea9-d1fa-4852-aa72-9b4cb7e39f54','uapbd/refer/orgv/BusinessUnitVersionDefaultAllTreeRef/index','业务单元版本(所有)',null,'N',null,null,null,'2021-07-19 10:24:42',null,'N',null);
            go
            insert into pub_form_property(pk_form_property,areaid,classid,code,colnum,color,creationtime,creator,datatype,dataval,defaultvalue,defaultvar,define1,define2,define3,disabled,dr,editformula,hyperlinkflag,iscode,isdefined,ismultiselectedenabled,isnextrow,isrevise,istotal,itemtype,label,maxlength,metadataproperty,metaid,metapath,modifiedtime,modifier,position,proid,refcode,refname,relatemeta,required,resid,showformula,textrows,ts,validateformula,visible,width)
            values('0001ZZZZ8b79091a5071','0001ZZZZb01142d8ace7','616d6644-e695-4fce-a886-35ddb082cb2a','pk_group','1','#111111',null,'~',204,null, null,null,null,null,null,'N',0,null,'N','N','N',null,'N','N','N','refer','集团',28,'uap.group.name','','pk_group',null,'~',3,'7389e4c4-a77e-42ef-a3a3-397354a90640','uap/refer/riart/groupTreeRef/index','集团',null,'N',null,null,null,'2021-07-19 10:24:42',null,'Y',null);
            go






