insert into pub_page_templet(pk_page_templet,appcode,clazz,code,creationtime,creator,dr,headcode,isdefault,metaid,modifiedtime,modifier,name,pagecode,parentid,pk_group,pk_org,resid,resmodule,templetdesc,ts)
values('0001ZZZZ4b15a9c6628b','81H10131','nc.vo.cy.msgstation.AggMsgstationHVO','81H10131_LIST',null,'~',0,'list_head','Y',null,null,'~','消息中转站列表','81H10131_LIST','root',null,null,null,null,'消息中转站列表页面','2021-07-19 10:24:42');
go

insert into pub_page_templet(pk_page_templet,appcode,clazz,code,creationtime,creator,dr,headcode,isdefault,metaid,modifiedtime,modifier,name,pagecode,parentid,pk_group,pk_org,resid,resmodule,templetdesc,ts)
values('0001ZZZZ5f6878f67c0f','81H10131','nc.vo.cy.msgstation.AggMsgstationHVO','81H10131_CARD',null,'~',0,'card_head','N',null,null,'~','消息中转站卡片','81H10131_CARD','root',null,null,null,null,'消息中转站卡片页面','2021-07-19 10:24:42');
go

insert into pub_page_templet(pk_page_templet,appcode,clazz,code,creationtime,creator,dr,headcode,isdefault,metaid,modifiedtime,modifier,name,pagecode,parentid,pk_group,pk_org,resid,resmodule,templetdesc,ts)
values('0001ZZZZ2a86c4a9591e','81H10131','nc.vo.cy.msgstation.AggMsgstationHVO','81H10131L_CARD',null,'~',0,'card_head','N',null,null,'~','消息中转站联查卡片','81H10131L_CARD','root',null,null,null,null,'消息中转站联查卡片页面','2021-07-19 10:24:42');
go

insert into pub_page_templet(pk_page_templet,appcode,clazz,code,creationtime,creator,dr,headcode,isdefault,metaid,modifiedtime,modifier,name,pagecode,parentid,pk_group,pk_org,resid,resmodule,templetdesc,ts)
values('0001ZZZZ0d61d8cecf84','81H10131A','nc.vo.cy.msgstation.AggMsgstationHVO','81H10131A_CARD',null,'~',0,'card_head','N',null,null,'~','消息中转站审批卡片','81H10131A_CARD','root',null,null,null,null,'消息中转站审批卡片页面','2021-07-19 10:24:42');
go







insert into pub_area(pk_area,areadesc,areastatus,areatype,clazz,code,creationtime,creator,dr,isunfold,metaid,metaname,metaspace,modifiedtime,modifier,name,pagination,position,relationcode,resid,templetid,ts)
values('0001ZZZZ57a561326544',null,'browse',0,'nc.vo.cy.msgstation.MsgstationHVO','list_query',null,'~',0,null,'616d6644-e695-4fce-a886-35ddb082cb2a','消息中转站',null,null,'~','查询区',null,2,null,'','0001ZZZZ4b15a9c6628b','2021-07-19 10:24:42');
go
insert into pub_area(pk_area,areadesc,areastatus,areatype,clazz,code,creationtime,creator,dr,isunfold,metaid,metaname,metaspace,modifiedtime,modifier,name,pagination,position,relationcode,resid,templetid,ts)
values('0001ZZZZ8822a2252e17',null,'browse',2,'nc.vo.cy.msgstation.MsgstationHVO','list_head',null,'~',0,null,'616d6644-e695-4fce-a886-35ddb082cb2a','消息中转站',null,null,'~','表头',null,1,null,'','0001ZZZZ4b15a9c6628b','2021-07-19 10:24:42');
go




insert into pub_area(pk_area,areadesc,areastatus,areatype,clazz,code,creationtime,creator,dr,isunfold,metaid,metaname,metaspace,modifiedtime,modifier,name,pagination,position,relationcode,resid,templetid,ts)
values('0001ZZZZe1034f33019b',null,'browse',1,'nc.vo.cy.msgstation.MsgstationHVO','card_head',null,'~',0,null,'616d6644-e695-4fce-a886-35ddb082cb2a','消息中转站','cy.msgstation',null,'~','消息中转站',null,1,null,null,'0001ZZZZ5f6878f67c0f','2021-07-19 10:24:42');
go
insert into pub_area(pk_area,areadesc,areastatus,areatype,clazz,code,creationtime,creator,dr,isunfold,metaid,metaname,metaspace,modifiedtime,modifier,name,pagination,position,relationcode,resid,templetid,ts)
values('0001ZZZZ57a179c22ec8',null,'browse',1,'nc.vo.cy.msgstation.MsgstationHVO','card_operate',null,'~',0,null,'616d6644-e695-4fce-a886-35ddb082cb2a','消息中转站','cy.msgstation',null,'~','操作信息',null,2,'card_head',null,'0001ZZZZ5f6878f67c0f','2021-07-19 10:24:42');
go
insert into pub_area(pk_area,areadesc,areastatus,areatype,clazz,code,creationtime,creator,dr,isunfold,metaid,metaname,metaspace,modifiedtime,modifier,name,pagination,position,relationcode,resid,templetid,ts)
values('0001ZZZZa5ce12311b0f',null,'browse',2,'nc.vo.cy.msgstation.Msgchild','card_body',null,'~',0,null,'616d6644-e695-4fce-a886-35ddb082cb2a','消息中转站','cy.msgstation',null,'~','消息中转站子表',null,3,null,null,'0001ZZZZ5f6878f67c0f','2021-07-19 10:24:42');
go
insert into pub_area(pk_area,areadesc,areastatus,areatype,clazz,code,creationtime,creator,dr,isunfold,metaid,metaname,metaspace,modifiedtime,modifier,name,pagination,position,relationcode,resid,templetid,ts)
values('0001ZZZZd4ca4aeff8c5',null,'edit',1,'nc.vo.cy.msgstation.Msgchild','card_body_edit',null,'~',0,null,'616d6644-e695-4fce-a886-35ddb082cb2a','消息中转站','cy.msgstation',null,'~','消息中转站子表',null,4,'card_body',null,'0001ZZZZ5f6878f67c0f','2021-07-19 10:24:42');
go
insert into pub_area(pk_area,areadesc,areastatus,areatype,clazz,code,creationtime,creator,dr,isunfold,metaid,metaname,metaspace,modifiedtime,modifier,name,pagination,position,relationcode,resid,templetid,ts)
values('0001ZZZZe68e37945850',null,'browse',1,'nc.vo.cy.msgstation.Msgchild','card_body_browse',null,'~',0,null,'616d6644-e695-4fce-a886-35ddb082cb2a','消息中转站','cy.msgstation',null,'~','消息中转站子表',null,5,'card_body',null,'0001ZZZZ5f6878f67c0f','2021-07-19 10:24:42');
go


insert into pub_area(pk_area,areadesc,areastatus,areatype,clazz,code,creationtime,creator,dr,isunfold,metaid,metaname,metaspace,modifiedtime,modifier,name,pagination,position,relationcode,resid,templetid,ts)
values('0001ZZZZa4f00cfd4a4d',null,'browse',1,'nc.vo.cy.msgstation.MsgstationHVO','card_head',null,'~',0,null,'616d6644-e695-4fce-a886-35ddb082cb2a','消息中转站','cy.msgstation',null,'~','消息中转站',null,1,null,null,'0001ZZZZ2a86c4a9591e','2021-07-19 10:24:42');
go
insert into pub_area(pk_area,areadesc,areastatus,areatype,clazz,code,creationtime,creator,dr,isunfold,metaid,metaname,metaspace,modifiedtime,modifier,name,pagination,position,relationcode,resid,templetid,ts)
values('0001ZZZZ6ac36e0bc248',null,'browse',1,'nc.vo.cy.msgstation.MsgstationHVO','card_operate',null,'~',0,null,'616d6644-e695-4fce-a886-35ddb082cb2a','消息中转站','cy.msgstation',null,'~','操作信息',null,2,'card_head',null,'0001ZZZZ2a86c4a9591e','2021-07-19 10:24:42');
go
insert into pub_area(pk_area,areadesc,areastatus,areatype,clazz,code,creationtime,creator,dr,isunfold,metaid,metaname,metaspace,modifiedtime,modifier,name,pagination,position,relationcode,resid,templetid,ts)
values('0001ZZZZ33638db0ae7e',null,'browse',2,'nc.vo.cy.msgstation.Msgchild','card_body',null,'~',0,null,'616d6644-e695-4fce-a886-35ddb082cb2a','消息中转站','cy.msgstation',null,'~','消息中转站子表',null,3,null,null,'0001ZZZZ2a86c4a9591e','2021-07-19 10:24:42');
go
insert into pub_area(pk_area,areadesc,areastatus,areatype,clazz,code,creationtime,creator,dr,isunfold,metaid,metaname,metaspace,modifiedtime,modifier,name,pagination,position,relationcode,resid,templetid,ts)
values('0001ZZZZ73b4d86a67a1',null,'edit',1,'nc.vo.cy.msgstation.Msgchild','card_body_edit',null,'~',0,null,'616d6644-e695-4fce-a886-35ddb082cb2a','消息中转站','cy.msgstation',null,'~','消息中转站子表',null,4,'card_body',null,'0001ZZZZ2a86c4a9591e','2021-07-19 10:24:42');
go
insert into pub_area(pk_area,areadesc,areastatus,areatype,clazz,code,creationtime,creator,dr,isunfold,metaid,metaname,metaspace,modifiedtime,modifier,name,pagination,position,relationcode,resid,templetid,ts)
values('0001ZZZZ5224b1923a1e',null,'browse',1,'nc.vo.cy.msgstation.Msgchild','card_body_browse',null,'~',0,null,'616d6644-e695-4fce-a886-35ddb082cb2a','消息中转站','cy.msgstation',null,'~','消息中转站子表',null,5,'card_body',null,'0001ZZZZ2a86c4a9591e','2021-07-19 10:24:42');
go

insert into pub_area(pk_area,areadesc,areastatus,areatype,clazz,code,creationtime,creator,dr,isunfold,metaid,metaname,metaspace,modifiedtime,modifier,name,pagination,position,relationcode,resid,templetid,ts)
values('0001ZZZZ6a0188642973',null,'browse',1,'nc.vo.cy.msgstation.MsgstationHVO','card_head',null,'~',0,null,'616d6644-e695-4fce-a886-35ddb082cb2a','消息中转站','cy.msgstation',null,'~','消息中转站',null,1,null,null,'0001ZZZZ0d61d8cecf84','2021-07-19 10:24:42');
go
insert into pub_area(pk_area,areadesc,areastatus,areatype,clazz,code,creationtime,creator,dr,isunfold,metaid,metaname,metaspace,modifiedtime,modifier,name,pagination,position,relationcode,resid,templetid,ts)
values('0001ZZZZ42e3822f0939',null,'browse',1,'nc.vo.cy.msgstation.MsgstationHVO','card_operate',null,'~',0,null,'616d6644-e695-4fce-a886-35ddb082cb2a','消息中转站','cy.msgstation',null,'~','操作信息',null,2,'card_head',null,'0001ZZZZ0d61d8cecf84','2021-07-19 10:24:42');
go
insert into pub_area(pk_area,areadesc,areastatus,areatype,clazz,code,creationtime,creator,dr,isunfold,metaid,metaname,metaspace,modifiedtime,modifier,name,pagination,position,relationcode,resid,templetid,ts)
values('0001ZZZZ86eccb4e8384',null,'browse',2,'nc.vo.cy.msgstation.Msgchild','card_body',null,'~',0,null,'616d6644-e695-4fce-a886-35ddb082cb2a','消息中转站','cy.msgstation',null,'~','消息中转站子表',null,3,null,null,'0001ZZZZ0d61d8cecf84','2021-07-19 10:24:42');
go
insert into pub_area(pk_area,areadesc,areastatus,areatype,clazz,code,creationtime,creator,dr,isunfold,metaid,metaname,metaspace,modifiedtime,modifier,name,pagination,position,relationcode,resid,templetid,ts)
values('0001ZZZZ73294356e5cf',null,'edit',1,'nc.vo.cy.msgstation.Msgchild','card_body_edit',null,'~',0,null,'616d6644-e695-4fce-a886-35ddb082cb2a','消息中转站','cy.msgstation',null,'~','消息中转站子表',null,4,'card_body',null,'0001ZZZZ0d61d8cecf84','2021-07-19 10:24:42');
go
insert into pub_area(pk_area,areadesc,areastatus,areatype,clazz,code,creationtime,creator,dr,isunfold,metaid,metaname,metaspace,modifiedtime,modifier,name,pagination,position,relationcode,resid,templetid,ts)
values('0001ZZZZ5bc5e36423d6',null,'browse',1,'nc.vo.cy.msgstation.Msgchild','card_body_browse',null,'~',0,null,'616d6644-e695-4fce-a886-35ddb082cb2a','消息中转站','cy.msgstation',null,'~','消息中转站子表',null,5,'card_body',null,'0001ZZZZ0d61d8cecf84','2021-07-19 10:24:42');
go




            insert into pub_query_property(pk_query_property,areaid,classid,code,containlower,creationtime,creator,datatype,dataval,defaultvalue,define1,define2,define3,define4,define5,disabled,dr,isbeyondorg,ischeck,isdefined,isfixedcondition,ismultiselectedenabled,isnotmeta,isquerycondition,isuse,itemtype,label,maxlength,metadataproperty,metapath,opersign,opersignname,position,proid,querytablename,refcode,refname,required,resid,returntype,showtype,tablecode,ts,usefunc,visible,visibleposition,width)
            values('0001ZZZZ3a4131e01868','0001ZZZZ57a561326544','616d6644-e695-4fce-a886-35ddb082cb2a','pk_busitype',null,null,'~',204,'','','','','','','','N',0,'N','N','N','N','N','N','Y','Y','refer','业务类型',20,NULL,'pk_busitype','=@','等于@',9,'e32fbdb6-d2c9-4a67-86bb-370e1f81c012','','uap/refer/riart/busitype/index','业务流程','N','','refpk',1,'','2021-07-19 10:24:42','N','Y',null,1);
            go
            insert into pub_query_property(pk_query_property,areaid,classid,code,containlower,creationtime,creator,datatype,dataval,defaultvalue,define1,define2,define3,define4,define5,disabled,dr,isbeyondorg,ischeck,isdefined,isfixedcondition,ismultiselectedenabled,isnotmeta,isquerycondition,isuse,itemtype,label,maxlength,metadataproperty,metapath,opersign,opersignname,position,proid,querytablename,refcode,refname,required,resid,returntype,showtype,tablecode,ts,usefunc,visible,visibleposition,width)
            values('0001ZZZZf65f69d2b2f5','0001ZZZZ57a561326544','616d6644-e695-4fce-a886-35ddb082cb2a','bill_no',null,null,'~',1,'','','','','','','','Y',0,'N','N','N','N','N','N','Y','Y','input','单据号',50,NULL,'bill_no','=@','等于@',8,'177fd985-6c2d-4058-a88e-2f0b19e368f4','','/common-ref/','-99','N','','refpk',1,'','2021-07-19 10:24:42','N','Y',null,1);
            go
            insert into pub_query_property(pk_query_property,areaid,classid,code,containlower,creationtime,creator,datatype,dataval,defaultvalue,define1,define2,define3,define4,define5,disabled,dr,isbeyondorg,ischeck,isdefined,isfixedcondition,ismultiselectedenabled,isnotmeta,isquerycondition,isuse,itemtype,label,maxlength,metadataproperty,metapath,opersign,opersignname,position,proid,querytablename,refcode,refname,required,resid,returntype,showtype,tablecode,ts,usefunc,visible,visibleposition,width)
            values('0001ZZZZ741e318bcb56','0001ZZZZ57a561326544','616d6644-e695-4fce-a886-35ddb082cb2a','dbilldate',null,null,'~',33,'','','','','','','','N',0,'N','N','N','N','N','N','Y','Y','datepicker','单据日期',19,NULL,'dbilldate','=@','等于@',6,'fc10342e-ae88-460c-87b5-d2ab9fccedf7','','/common-ref/','-99','N','','refpk',1,'','2021-07-19 10:24:42','N','Y',null,1);
            go
            insert into pub_query_property(pk_query_property,areaid,classid,code,containlower,creationtime,creator,datatype,dataval,defaultvalue,define1,define2,define3,define4,define5,disabled,dr,isbeyondorg,ischeck,isdefined,isfixedcondition,ismultiselectedenabled,isnotmeta,isquerycondition,isuse,itemtype,label,maxlength,metadataproperty,metapath,opersign,opersignname,position,proid,querytablename,refcode,refname,required,resid,returntype,showtype,tablecode,ts,usefunc,visible,visibleposition,width)
            values('0001ZZZZd0a217ee5db5','0001ZZZZ57a561326544','616d6644-e695-4fce-a886-35ddb082cb2a','billstatus',null,null,'~',203,'自由=-1,审批未通过=0,审批通过=1,审批进行中=2,提交=3','','','','','','','N',0,'N','N','N','N','N','N','Y','Y','select','单据状态',50,NULL,'billstatus','=@','等于@',7,'d7223fbf-c588-4a6b-b6f8-af6f53d1f00c','','/common-ref/','-99','N','','refpk',1,'','2021-07-19 10:24:42','N','Y',null,1);
            go
            insert into pub_query_property(pk_query_property,areaid,classid,code,containlower,creationtime,creator,datatype,dataval,defaultvalue,define1,define2,define3,define4,define5,disabled,dr,isbeyondorg,ischeck,isdefined,isfixedcondition,ismultiselectedenabled,isnotmeta,isquerycondition,isuse,itemtype,label,maxlength,metadataproperty,metapath,opersign,opersignname,position,proid,querytablename,refcode,refname,required,resid,returntype,showtype,tablecode,ts,usefunc,visible,visibleposition,width)
            values('0001ZZZZ0d6b106d74e9','0001ZZZZ57a561326544','616d6644-e695-4fce-a886-35ddb082cb2a','receiverid',null,null,'~',1,'','','','','','','','N',0,'N','N','N','N','N','N','Y','Y','input','接收人身份证号',50,NULL,'receiverid','=@','等于@',70,'dc2d186e-8372-4fa9-bf9e-c5ae381fbb74','','/common-ref/','-99','N','','refpk',1,'','2021-07-19 10:24:42','N','Y',null,1);
            go
            insert into pub_query_property(pk_query_property,areaid,classid,code,containlower,creationtime,creator,datatype,dataval,defaultvalue,define1,define2,define3,define4,define5,disabled,dr,isbeyondorg,ischeck,isdefined,isfixedcondition,ismultiselectedenabled,isnotmeta,isquerycondition,isuse,itemtype,label,maxlength,metadataproperty,metapath,opersign,opersignname,position,proid,querytablename,refcode,refname,required,resid,returntype,showtype,tablecode,ts,usefunc,visible,visibleposition,width)
            values('0001ZZZZ3d258bef966c','0001ZZZZ57a561326544','616d6644-e695-4fce-a886-35ddb082cb2a','receivetime',null,null,'~',33,'','','','','','','','N',0,'N','N','N','N','N','N','Y','Y','datepicker','推送时间',19,NULL,'receivetime','=@','等于@',72,'660fbe93-d8fc-4993-b937-5017188994b0','','/common-ref/','-99','N','','refpk',1,'','2021-07-19 10:24:42','N','Y',null,1);
            go
            insert into pub_query_property(pk_query_property,areaid,classid,code,containlower,creationtime,creator,datatype,dataval,defaultvalue,define1,define2,define3,define4,define5,disabled,dr,isbeyondorg,ischeck,isdefined,isfixedcondition,ismultiselectedenabled,isnotmeta,isquerycondition,isuse,itemtype,label,maxlength,metadataproperty,metapath,opersign,opersignname,position,proid,querytablename,refcode,refname,required,resid,returntype,showtype,tablecode,ts,usefunc,visible,visibleposition,width)
            values('0001ZZZZ9d937bf3bc41','0001ZZZZ57a561326544','616d6644-e695-4fce-a886-35ddb082cb2a','msg',null,null,'~',57,'','','','','','','','N',0,'N','N','N','N','N','N','Y','Y','refer','消息内容',28,NULL,'msg','=@','等于@',71,'70050e42-45e7-419b-9c71-bd5b2ed8deaa','','/common-ref/','-99','N','','refpk',1,'','2021-07-19 10:24:42','N','Y',null,1);
            go
            insert into pub_query_property(pk_query_property,areaid,classid,code,containlower,creationtime,creator,datatype,dataval,defaultvalue,define1,define2,define3,define4,define5,disabled,dr,isbeyondorg,ischeck,isdefined,isfixedcondition,ismultiselectedenabled,isnotmeta,isquerycondition,isuse,itemtype,label,maxlength,metadataproperty,metapath,opersign,opersignname,position,proid,querytablename,refcode,refname,required,resid,returntype,showtype,tablecode,ts,usefunc,visible,visibleposition,width)
            values('0001ZZZZ167b48fe7e52','0001ZZZZ57a561326544','616d6644-e695-4fce-a886-35ddb082cb2a','receiver',null,null,'~',1,'','','','','','','','N',0,'N','N','N','N','N','N','Y','Y','input','消息接收人',50,NULL,'receiver','=@','等于@',69,'338078db-2dce-44d9-81a3-4cca78ee2be3','','/common-ref/','-99','N','','refpk',1,'','2021-07-19 10:24:42','N','Y',null,1);
            go
            insert into pub_query_property(pk_query_property,areaid,classid,code,containlower,creationtime,creator,datatype,dataval,defaultvalue,define1,define2,define3,define4,define5,disabled,dr,isbeyondorg,ischeck,isdefined,isfixedcondition,ismultiselectedenabled,isnotmeta,isquerycondition,isuse,itemtype,label,maxlength,metadataproperty,metapath,opersign,opersignname,position,proid,querytablename,refcode,refname,required,resid,returntype,showtype,tablecode,ts,usefunc,visible,visibleposition,width)
            values('0001ZZZZ7875622c6a65','0001ZZZZ57a561326544','616d6644-e695-4fce-a886-35ddb082cb2a','receiveport',null,null,'~',1,'','','','','','','','N',0,'N','N','N','N','N','N','Y','Y','input','消息接收端',50,NULL,'receiveport','=@','等于@',68,'54ac06b3-355e-4078-b2b4-bad4a7fa7258','','/common-ref/','-99','N','','refpk',1,'','2021-07-19 10:24:42','N','Y',null,1);
            go
            insert into pub_query_property(pk_query_property,areaid,classid,code,containlower,creationtime,creator,datatype,dataval,defaultvalue,define1,define2,define3,define4,define5,disabled,dr,isbeyondorg,ischeck,isdefined,isfixedcondition,ismultiselectedenabled,isnotmeta,isquerycondition,isuse,itemtype,label,maxlength,metadataproperty,metapath,opersign,opersignname,position,proid,querytablename,refcode,refname,required,resid,returntype,showtype,tablecode,ts,usefunc,visible,visibleposition,width)
            values('0001ZZZZf78f1cdc916c','0001ZZZZ57a561326544','616d6644-e695-4fce-a886-35ddb082cb2a','pk_org',null,null,'~',204,'0001Z01000000001BVPS,code=N','','','','','','','N',0,'N','N','N','N','N','N','Y','Y','refer','组织',20,'uap.org.name','pk_org','=@','等于@',4,'572fab85-a802-4104-9cd7-5afff932e2be','','uapbd/refer/org/BusinessUnitAndDeptTreeRef/index','业务单元及部门','N','','refpk',1,'','2021-07-19 10:24:42','N','Y',null,1);
            go
            insert into pub_query_property(pk_query_property,areaid,classid,code,containlower,creationtime,creator,datatype,dataval,defaultvalue,define1,define2,define3,define4,define5,disabled,dr,isbeyondorg,ischeck,isdefined,isfixedcondition,ismultiselectedenabled,isnotmeta,isquerycondition,isuse,itemtype,label,maxlength,metadataproperty,metapath,opersign,opersignname,position,proid,querytablename,refcode,refname,required,resid,returntype,showtype,tablecode,ts,usefunc,visible,visibleposition,width)
            values('0001ZZZZ9ecdb8821034','0001ZZZZ57a561326544','616d6644-e695-4fce-a886-35ddb082cb2a','pk_group',null,null,'~',204,'0001Z010000000000ZKS,code=N','','','','','','','N',0,'N','N','N','N','N','N','Y','Y','refer','集团',20,'uap.group.name','pk_group','=@','等于@',3,'4b0e4030-91c3-41c5-8b6a-ee658fced1fe','','uap/refer/riart/groupTreeRef/index','集团','N','','refpk',1,'','2021-07-19 10:24:42','N','Y',null,1);
            go


        insert into pub_form_property(pk_form_property,areaid,classid,code,colnum,color,creationtime,creator,datatype,dataval,defaultvalue,defaultvar,define1,define2,define3,disabled,dr,editformula,hyperlinkflag,iscode,isdefined,ismultiselectedenabled,isnextrow,isrevise,istotal,itemtype,label,maxlength,metadataproperty,metaid,metapath,modifiedtime,modifier,position,proid,refcode,refname,relatemeta,required,resid,showformula,textrows,ts,validateformula,visible,width)
        values('0001ZZZZ98b1fa768000','0001ZZZZ8822a2252e17','616d6644-e695-4fce-a886-35ddb082cb2a','pk_busitype',null,'#111111',null,'~',204, '', null,null,null,null,null,'N',0,null,'N','N','N',null,'N','N','N','refer','业务类型',28,NULL,'7717f1a3-b777-454e-abb5-ef8705a0f0c2','pk_busitype',null,'~',9,'0646bb54-72d4-47f0-bea5-e2c7cce74812','uap/refer/riart/busitype/index','业务流程',null,'N',null,null,null,'2021-07-19 10:24:42',null,'Y',null);
        go

        insert into pub_form_property(pk_form_property,areaid,classid,code,colnum,color,creationtime,creator,datatype,dataval,defaultvalue,defaultvar,define1,define2,define3,disabled,dr,editformula,hyperlinkflag,iscode,isdefined,ismultiselectedenabled,isnextrow,isrevise,istotal,itemtype,label,maxlength,metadataproperty,metaid,metapath,modifiedtime,modifier,position,proid,refcode,refname,relatemeta,required,resid,showformula,textrows,ts,validateformula,visible,width)
        values('0001ZZZZ98b1fa768001','0001ZZZZ8822a2252e17','616d6644-e695-4fce-a886-35ddb082cb2a','pk_transtype',null,'#111111',null,'~',204, '0001Z0100BILLTYPEZJ8,code=N', null,null,null,null,null,'N',0,null,'N','N','N',null,'N','N','N','refer','交易类型',28,'uap.BilltypeVO.billtypename','b0fa41cd-a649-4309-b685-d341a5d1b0ed','pk_transtype',null,'~',13,'96beae69-0fe0-42d5-b88f-e7853d7721d4','uap/refer/riart/transtype/index','影响因素交 易类型',null,'N',null,null,null,'2021-07-19 10:24:42',null,'Y',null);
        go

        insert into pub_form_property(pk_form_property,areaid,classid,code,colnum,color,creationtime,creator,datatype,dataval,defaultvalue,defaultvar,define1,define2,define3,disabled,dr,editformula,hyperlinkflag,iscode,isdefined,ismultiselectedenabled,isnextrow,isrevise,istotal,itemtype,label,maxlength,metadataproperty,metaid,metapath,modifiedtime,modifier,position,proid,refcode,refname,relatemeta,required,resid,showformula,textrows,ts,validateformula,visible,width)
        values('0001ZZZZ98b1fa768002','0001ZZZZ8822a2252e17','616d6644-e695-4fce-a886-35ddb082cb2a','transtypecode',null,'#111111',null,'~',1, null, null,null,null,null,null,'N',0,null,'N','N','N',null,'N','N','N','input','交易类型编码',28,NULL,'','transtypecode',null,'~',12,'f12f686d-5540-4c27-98b5-9d4833127f8f','/common-ref/','-99',null,'N',null,null,null,'2021-07-19 10:24:42',null,'Y',null);
        go

        insert into pub_form_property(pk_form_property,areaid,classid,code,colnum,color,creationtime,creator,datatype,dataval,defaultvalue,defaultvar,define1,define2,define3,disabled,dr,editformula,hyperlinkflag,iscode,isdefined,ismultiselectedenabled,isnextrow,isrevise,istotal,itemtype,label,maxlength,metadataproperty,metaid,metapath,modifiedtime,modifier,position,proid,refcode,refname,relatemeta,required,resid,showformula,textrows,ts,validateformula,visible,width)
        values('0001ZZZZ98b1fa768003','0001ZZZZ8822a2252e17','616d6644-e695-4fce-a886-35ddb082cb2a','modifier',null,'#111111',null,'~',204, '0001Z01000000001BVPB,code=N', null,null,null,null,null,'N',0,null,'N','N','N',null,'N','N','N','refer','修改人',28,'uap.user.user_name','f6f9a473-56c0-432f-8bc7-fbf8fde54fee','modifier',null,'~',18,'5f0ca78f-c23f-45e7-825e-a06675b7961f','uap/refer/riart/userDefaultRefer/index','用户',null,'N',null,null,null,'2021-07-19 10:24:42',null,'Y',null);
        go

        insert into pub_form_property(pk_form_property,areaid,classid,code,colnum,color,creationtime,creator,datatype,dataval,defaultvalue,defaultvar,define1,define2,define3,disabled,dr,editformula,hyperlinkflag,iscode,isdefined,ismultiselectedenabled,isnextrow,isrevise,istotal,itemtype,label,maxlength,metadataproperty,metaid,metapath,modifiedtime,modifier,position,proid,refcode,refname,relatemeta,required,resid,showformula,textrows,ts,validateformula,visible,width)
        values('0001ZZZZ98b1fa768004','0001ZZZZ8822a2252e17','616d6644-e695-4fce-a886-35ddb082cb2a','modifiedtime',null,'#111111',null,'~',34, null, null,null,null,null,null,'N',0,null,'N','N','N',null,'N','N','N','datetimepicker','修改时间',28,NULL,'','modifiedtime',null,'~',19,'89a16f57-476e-4779-8afc-5f5ac9042a8a','/common-ref/','-99',null,'N',null,null,null,'2021-07-19 10:24:42',null,'Y',null);
        go

        insert into pub_form_property(pk_form_property,areaid,classid,code,colnum,color,creationtime,creator,datatype,dataval,defaultvalue,defaultvar,define1,define2,define3,disabled,dr,editformula,hyperlinkflag,iscode,isdefined,ismultiselectedenabled,isnextrow,isrevise,istotal,itemtype,label,maxlength,metadataproperty,metaid,metapath,modifiedtime,modifier,position,proid,refcode,refname,relatemeta,required,resid,showformula,textrows,ts,validateformula,visible,width)
        values('0001ZZZZ98b1fa768005','0001ZZZZ8822a2252e17','616d6644-e695-4fce-a886-35ddb082cb2a','creator',null,'#111111',null,'~',204, '0001Z01000000001BVPB,code=N', null,null,null,null,null,'N',0,null,'N','N','N',null,'N','N','N','refer','创建人',28,'uap.user.user_name','f6f9a473-56c0-432f-8bc7-fbf8fde54fee','creator',null,'~',16,'cea8406b-ebff-4dad-b371-87841e54081d','uap/refer/riart/userDefaultRefer/index','用户',null,'N',null,null,null,'2021-07-19 10:24:42',null,'Y',null);
        go

        insert into pub_form_property(pk_form_property,areaid,classid,code,colnum,color,creationtime,creator,datatype,dataval,defaultvalue,defaultvar,define1,define2,define3,disabled,dr,editformula,hyperlinkflag,iscode,isdefined,ismultiselectedenabled,isnextrow,isrevise,istotal,itemtype,label,maxlength,metadataproperty,metaid,metapath,modifiedtime,modifier,position,proid,refcode,refname,relatemeta,required,resid,showformula,textrows,ts,validateformula,visible,width)
        values('0001ZZZZ98b1fa768006','0001ZZZZ8822a2252e17','616d6644-e695-4fce-a886-35ddb082cb2a','creationtime',null,'#111111',null,'~',34, null, null,null,null,null,null,'N',0,null,'N','N','N',null,'N','N','N','datetimepicker','创建时间',28,NULL,'','creationtime',null,'~',17,'e71d7428-d51f-472f-b0c9-70604de589cd','/common-ref/','-99',null,'N',null,null,null,'2021-07-19 10:24:42',null,'Y',null);
        go

        insert into pub_form_property(pk_form_property,areaid,classid,code,colnum,color,creationtime,creator,datatype,dataval,defaultvalue,defaultvar,define1,define2,define3,disabled,dr,editformula,hyperlinkflag,iscode,isdefined,ismultiselectedenabled,isnextrow,isrevise,istotal,itemtype,label,maxlength,metadataproperty,metaid,metapath,modifiedtime,modifier,position,proid,refcode,refname,relatemeta,required,resid,showformula,textrows,ts,validateformula,visible,width)
        values('0001ZZZZ98b1fa768007','0001ZZZZ8822a2252e17','616d6644-e695-4fce-a886-35ddb082cb2a','billmaker',null,'#111111',null,'~',204, '0001Z01000000001BVPB,code=N', null,null,null,null,null,'N',0,null,'N','N','N',null,'N','N','N','refer','制单人',28,'uap.user.user_name','f6f9a473-56c0-432f-8bc7-fbf8fde54fee','billmaker',null,'~',14,'120d550c-7f88-45a3-8fed-e04369815950','uap/refer/riart/userDefaultRefer/index','用户',null,'N',null,null,null,'2021-07-19 10:24:42',null,'Y',null);
        go

        insert into pub_form_property(pk_form_property,areaid,classid,code,colnum,color,creationtime,creator,datatype,dataval,defaultvalue,defaultvar,define1,define2,define3,disabled,dr,editformula,hyperlinkflag,iscode,isdefined,ismultiselectedenabled,isnextrow,isrevise,istotal,itemtype,label,maxlength,metadataproperty,metaid,metapath,modifiedtime,modifier,position,proid,refcode,refname,relatemeta,required,resid,showformula,textrows,ts,validateformula,visible,width)
        values('0001ZZZZ98b1fa768008','0001ZZZZ8822a2252e17','616d6644-e695-4fce-a886-35ddb082cb2a','maketime',null,'#111111',null,'~',33, null, null,null,null,null,null,'N',0,null,'N','N','N',null,'N','N','N','datepicker','制单时间',28,NULL,'','maketime',null,'~',15,'3b016412-3742-4a4f-92b7-f18a548fa63c','/common-ref/','-99',null,'N',null,null,null,'2021-07-19 10:24:42',null,'Y',null);
        go

        insert into pub_form_property(pk_form_property,areaid,classid,code,colnum,color,creationtime,creator,datatype,dataval,defaultvalue,defaultvar,define1,define2,define3,disabled,dr,editformula,hyperlinkflag,iscode,isdefined,ismultiselectedenabled,isnextrow,isrevise,istotal,itemtype,label,maxlength,metadataproperty,metaid,metapath,modifiedtime,modifier,position,proid,refcode,refname,relatemeta,required,resid,showformula,textrows,ts,validateformula,visible,width)
        values('0001ZZZZ98b1fa768009','0001ZZZZ8822a2252e17','616d6644-e695-4fce-a886-35ddb082cb2a','bill_no',null,'#111111',null,'~',1, null, null,null,null,null,null,'Y',0,null,'N','N','N',null,'N','N','N','input','单据号',28,NULL,'','bill_no',null,'~',8,'1ef01a6f-3224-4b29-b1ea-1795fc96dd54','/common-ref/','-99',null,'N',null,null,null,'2021-07-19 10:24:42',null,'Y',null);
        go

        insert into pub_form_property(pk_form_property,areaid,classid,code,colnum,color,creationtime,creator,datatype,dataval,defaultvalue,defaultvar,define1,define2,define3,disabled,dr,editformula,hyperlinkflag,iscode,isdefined,ismultiselectedenabled,isnextrow,isrevise,istotal,itemtype,label,maxlength,metadataproperty,metaid,metapath,modifiedtime,modifier,position,proid,refcode,refname,relatemeta,required,resid,showformula,textrows,ts,validateformula,visible,width)
        values('0001ZZZZ98b1fa768010','0001ZZZZ8822a2252e17','616d6644-e695-4fce-a886-35ddb082cb2a','dbilldate',null,'#111111',null,'~',33, null, null,null,null,null,null,'N',0,null,'N','N','N',null,'N','N','N','datepicker','单据日期',28,NULL,'','dbilldate',null,'~',6,'a68cc992-46b2-4a40-a3fe-9b21beb9e639','/common-ref/','-99',null,'N',null,null,null,'2021-07-19 10:24:42',null,'Y',null);
        go

        insert into pub_form_property(pk_form_property,areaid,classid,code,colnum,color,creationtime,creator,datatype,dataval,defaultvalue,defaultvar,define1,define2,define3,disabled,dr,editformula,hyperlinkflag,iscode,isdefined,ismultiselectedenabled,isnextrow,isrevise,istotal,itemtype,label,maxlength,metadataproperty,metaid,metapath,modifiedtime,modifier,position,proid,refcode,refname,relatemeta,required,resid,showformula,textrows,ts,validateformula,visible,width)
        values('0001ZZZZ98b1fa768011','0001ZZZZ8822a2252e17','616d6644-e695-4fce-a886-35ddb082cb2a','billstatus',null,'#111111',null,'~',203, '自由=-1,审批未通过=0,审批通过=1,审批进行中=2,提交=3','-1',null,null,null,null,'N',0,null,'N','N','N',null,'N','N','N','select','单据状态',28,NULL,'','billstatus',null,'~',7,'6a4ca355-05ac-4d51-bb09-65899129ed81','/common-ref/','-99',null,'N',null,null,null,'2021-07-19 10:24:42',null,'Y',null);
        go

        insert into pub_form_property(pk_form_property,areaid,classid,code,colnum,color,creationtime,creator,datatype,dataval,defaultvalue,defaultvar,define1,define2,define3,disabled,dr,editformula,hyperlinkflag,iscode,isdefined,ismultiselectedenabled,isnextrow,isrevise,istotal,itemtype,label,maxlength,metadataproperty,metaid,metapath,modifiedtime,modifier,position,proid,refcode,refname,relatemeta,required,resid,showformula,textrows,ts,validateformula,visible,width)
        values('0001ZZZZ98b1fa768012','0001ZZZZ8822a2252e17','616d6644-e695-4fce-a886-35ddb082cb2a','pk_billtypeid',null,'#111111',null,'~',204, '0001Z0100BILLTYPEZJ7,code=N', null,null,null,null,null,'N',0,null,'N','N','N',null,'N','N','N','refer','单据类型',28,'uap.BilltypeVO.billtypename','b0fa41cd-a649-4309-b685-d341a5d1b0ed','pk_billtypeid',null,'~',10,'789c43b6-adee-461f-9ddd-6e8d06958082','uap/refer/riart/billtype/index','影响因素单据类型',null,'N',null,null,null,'2021-07-19 10:24:42',null,'Y',null);
        go

        insert into pub_form_property(pk_form_property,areaid,classid,code,colnum,color,creationtime,creator,datatype,dataval,defaultvalue,defaultvar,define1,define2,define3,disabled,dr,editformula,hyperlinkflag,iscode,isdefined,ismultiselectedenabled,isnextrow,isrevise,istotal,itemtype,label,maxlength,metadataproperty,metaid,metapath,modifiedtime,modifier,position,proid,refcode,refname,relatemeta,required,resid,showformula,textrows,ts,validateformula,visible,width)
        values('0001ZZZZ98b1fa768013','0001ZZZZ8822a2252e17','616d6644-e695-4fce-a886-35ddb082cb2a','billtype',null,'#111111',null,'~',1, null, null,null,null,null,null,'N',0,null,'N','N','N',null,'N','N','N','input','单据类型编码',28,NULL,'','billtype',null,'~',11,'3d92c5b6-2cfe-4acc-8524-c1cecf8e1805','/common-ref/','-99',null,'N',null,null,null,'2021-07-19 10:24:42',null,'Y',null);
        go

        insert into pub_form_property(pk_form_property,areaid,classid,code,colnum,color,creationtime,creator,datatype,dataval,defaultvalue,defaultvar,define1,define2,define3,disabled,dr,editformula,hyperlinkflag,iscode,isdefined,ismultiselectedenabled,isnextrow,isrevise,istotal,itemtype,label,maxlength,metadataproperty,metaid,metapath,modifiedtime,modifier,position,proid,refcode,refname,relatemeta,required,resid,showformula,textrows,ts,validateformula,visible,width)
        values('0001ZZZZ98b1fa768014','0001ZZZZ8822a2252e17','616d6644-e695-4fce-a886-35ddb082cb2a','vnote',null,'#111111',null,'~',1, null, null,null,null,null,null,'N',0,null,'N','N','N',null,'N','N','N','input','备注',28,NULL,'','vnote',null,'~',24,'f2bdc2cf-54fe-4845-89ba-61a1420c4a9a','/common-ref/','-99',null,'N',null,null,null,'2021-07-19 10:24:42',null,'Y',null);
        go

        insert into pub_form_property(pk_form_property,areaid,classid,code,colnum,color,creationtime,creator,datatype,dataval,defaultvalue,defaultvar,define1,define2,define3,disabled,dr,editformula,hyperlinkflag,iscode,isdefined,ismultiselectedenabled,isnextrow,isrevise,istotal,itemtype,label,maxlength,metadataproperty,metaid,metapath,modifiedtime,modifier,position,proid,refcode,refname,relatemeta,required,resid,showformula,textrows,ts,validateformula,visible,width)
        values('0001ZZZZ98b1fa768016','0001ZZZZ8822a2252e17','616d6644-e695-4fce-a886-35ddb082cb2a','approver',null,'#111111',null,'~',204, '0001Z01000000001BVPB,code=N', null,null,null,null,null,'N',0,null,'N','N','N',null,'N','N','N','refer','审批人',28,'uap.user.user_name','f6f9a473-56c0-432f-8bc7-fbf8fde54fee','approver',null,'~',20,'ba5bcea4-76ae-432c-b1f0-28380d5fe9f4','uap/refer/riart/userDefaultRefer/index','用户',null,'N',null,null,null,'2021-07-19 10:24:42',null,'Y',null);
        go

        insert into pub_form_property(pk_form_property,areaid,classid,code,colnum,color,creationtime,creator,datatype,dataval,defaultvalue,defaultvar,define1,define2,define3,disabled,dr,editformula,hyperlinkflag,iscode,isdefined,ismultiselectedenabled,isnextrow,isrevise,istotal,itemtype,label,maxlength,metadataproperty,metaid,metapath,modifiedtime,modifier,position,proid,refcode,refname,relatemeta,required,resid,showformula,textrows,ts,validateformula,visible,width)
        values('0001ZZZZ98b1fa768017','0001ZZZZ8822a2252e17','616d6644-e695-4fce-a886-35ddb082cb2a','approvenote',null,'#111111',null,'~',1, null, null,null,null,null,null,'N',0,null,'N','N','N',null,'N','N','N','input','审批批语',28,NULL,'','approvenote',null,'~',22,'52211d86-b57e-4b05-9c55-e0d4b809303f','/common-ref/','-99',null,'N',null,null,null,'2021-07-19 10:24:42',null,'Y',null);
        go

        insert into pub_form_property(pk_form_property,areaid,classid,code,colnum,color,creationtime,creator,datatype,dataval,defaultvalue,defaultvar,define1,define2,define3,disabled,dr,editformula,hyperlinkflag,iscode,isdefined,ismultiselectedenabled,isnextrow,isrevise,istotal,itemtype,label,maxlength,metadataproperty,metaid,metapath,modifiedtime,modifier,position,proid,refcode,refname,relatemeta,required,resid,showformula,textrows,ts,validateformula,visible,width)
        values('0001ZZZZ98b1fa768018','0001ZZZZ8822a2252e17','616d6644-e695-4fce-a886-35ddb082cb2a','approvedate',null,'#111111',null,'~',34, null, null,null,null,null,null,'N',0,null,'N','N','N',null,'N','N','N','datetimepicker','审批时间',28,NULL,'','approvedate',null,'~',23,'8d264af6-bfa6-4677-ba68-77ebed5ce298','/common-ref/','-99',null,'N',null,null,null,'2021-07-19 10:24:42',null,'Y',null);
        go

        insert into pub_form_property(pk_form_property,areaid,classid,code,colnum,color,creationtime,creator,datatype,dataval,defaultvalue,defaultvar,define1,define2,define3,disabled,dr,editformula,hyperlinkflag,iscode,isdefined,ismultiselectedenabled,isnextrow,isrevise,istotal,itemtype,label,maxlength,metadataproperty,metaid,metapath,modifiedtime,modifier,position,proid,refcode,refname,relatemeta,required,resid,showformula,textrows,ts,validateformula,visible,width)
        values('0001ZZZZ98b1fa768019','0001ZZZZ8822a2252e17','616d6644-e695-4fce-a886-35ddb082cb2a','approvestatus',null,'#111111',null,'~',203, '自由=-1,审批未通过=0,审批通过=1,审批进行中=2,提交=3', null,null,null,null,null,'N',0,null,'N','N','N',null,'N','N','N','select','审批状态',28,NULL,'','approvestatus',null,'~',21,'a7e5a40a-50d6-42a7-85ba-a3137fcdde3e','/common-ref/','-99',null,'N',null,null,null,'2021-07-19 10:24:42',null,'Y',null);
        go

        insert into pub_form_property(pk_form_property,areaid,classid,code,colnum,color,creationtime,creator,datatype,dataval,defaultvalue,defaultvar,define1,define2,define3,disabled,dr,editformula,hyperlinkflag,iscode,isdefined,ismultiselectedenabled,isnextrow,isrevise,istotal,itemtype,label,maxlength,metadataproperty,metaid,metapath,modifiedtime,modifier,position,proid,refcode,refname,relatemeta,required,resid,showformula,textrows,ts,validateformula,visible,width)
        values('0001ZZZZ98b1fa768020','0001ZZZZ8822a2252e17','616d6644-e695-4fce-a886-35ddb082cb2a','receiverid',null,'#111111',null,'~',1, null, null,null,null,null,null,'N',0,null,'N','N','N',null,'N','N','N','input','接收人身份证号',28,NULL,'','receiverid',null,'~',70,'186614bd-70e1-4805-9642-9e6d711636c0','/common-ref/','-99',null,'N',null,null,null,'2021-07-19 10:24:42',null,'Y',null);
        go

        insert into pub_form_property(pk_form_property,areaid,classid,code,colnum,color,creationtime,creator,datatype,dataval,defaultvalue,defaultvar,define1,define2,define3,disabled,dr,editformula,hyperlinkflag,iscode,isdefined,ismultiselectedenabled,isnextrow,isrevise,istotal,itemtype,label,maxlength,metadataproperty,metaid,metapath,modifiedtime,modifier,position,proid,refcode,refname,relatemeta,required,resid,showformula,textrows,ts,validateformula,visible,width)
        values('0001ZZZZ98b1fa768021','0001ZZZZ8822a2252e17','616d6644-e695-4fce-a886-35ddb082cb2a','receivetime',null,'#111111',null,'~',33, null, null,null,null,null,null,'N',0,null,'N','N','N',null,'N','N','N','datepicker','推送时间',28,NULL,'','receivetime',null,'~',72,'b0c7f334-518e-4b82-9697-91c0012ebf66','/common-ref/','-99',null,'N',null,null,null,'2021-07-19 10:24:42',null,'Y',null);
        go

        insert into pub_form_property(pk_form_property,areaid,classid,code,colnum,color,creationtime,creator,datatype,dataval,defaultvalue,defaultvar,define1,define2,define3,disabled,dr,editformula,hyperlinkflag,iscode,isdefined,ismultiselectedenabled,isnextrow,isrevise,istotal,itemtype,label,maxlength,metadataproperty,metaid,metapath,modifiedtime,modifier,position,proid,refcode,refname,relatemeta,required,resid,showformula,textrows,ts,validateformula,visible,width)
        values('0001ZZZZ98b1fa768022','0001ZZZZ8822a2252e17','616d6644-e695-4fce-a886-35ddb082cb2a','srctrantype',null,'#111111',null,'~',1, null, null,null,null,null,null,'N',0,null,'N','N','N',null,'N','N','N','input','来源交易类型',28,NULL,'','srctrantype',null,'~',31,'a1072e7b-46e2-40c9-a192-c91fbce62547','/common-ref/','-99',null,'N',null,null,null,'2021-07-19 10:24:42',null,'Y',null);
        go

        insert into pub_form_property(pk_form_property,areaid,classid,code,colnum,color,creationtime,creator,datatype,dataval,defaultvalue,defaultvar,define1,define2,define3,disabled,dr,editformula,hyperlinkflag,iscode,isdefined,ismultiselectedenabled,isnextrow,isrevise,istotal,itemtype,label,maxlength,metadataproperty,metaid,metapath,modifiedtime,modifier,position,proid,refcode,refname,relatemeta,required,resid,showformula,textrows,ts,validateformula,visible,width)
        values('0001ZZZZ98b1fa768025','0001ZZZZ8822a2252e17','616d6644-e695-4fce-a886-35ddb082cb2a','srccode',null,'#111111',null,'~',1, null, null,null,null,null,null,'N',0,null,'N','N','N',null,'N','N','N','input','来源单据号',28,NULL,'','srccode',null,'~',27,'a0a543a7-86ad-4435-af55-b8c52dd962e8','/common-ref/','-99',null,'N',null,null,null,'2021-07-19 10:24:42',null,'Y',null);
        go

        insert into pub_form_property(pk_form_property,areaid,classid,code,colnum,color,creationtime,creator,datatype,dataval,defaultvalue,defaultvar,define1,define2,define3,disabled,dr,editformula,hyperlinkflag,iscode,isdefined,ismultiselectedenabled,isnextrow,isrevise,istotal,itemtype,label,maxlength,metadataproperty,metaid,metapath,modifiedtime,modifier,position,proid,refcode,refname,relatemeta,required,resid,showformula,textrows,ts,validateformula,visible,width)
        values('0001ZZZZ98b1fa768027','0001ZZZZ8822a2252e17','616d6644-e695-4fce-a886-35ddb082cb2a','srcbilltype',null,'#111111',null,'~',1, null, null,null,null,null,null,'N',0,null,'N','N','N',null,'N','N','N','input','来源单据类型',28,NULL,'','srcbilltype',null,'~',25,'93b118e8-0a3c-4641-aa51-8030c017d832','/common-ref/','-99',null,'N',null,null,null,'2021-07-19 10:24:42',null,'Y',null);
        go

        insert into pub_form_property(pk_form_property,areaid,classid,code,colnum,color,creationtime,creator,datatype,dataval,defaultvalue,defaultvar,define1,define2,define3,disabled,dr,editformula,hyperlinkflag,iscode,isdefined,ismultiselectedenabled,isnextrow,isrevise,istotal,itemtype,label,maxlength,metadataproperty,metaid,metapath,modifiedtime,modifier,position,proid,refcode,refname,relatemeta,required,resid,showformula,textrows,ts,validateformula,visible,width)
        values('0001ZZZZ98b1fa768028','0001ZZZZ8822a2252e17','616d6644-e695-4fce-a886-35ddb082cb2a','srcrowno',null,'#111111',null,'~',1, null, null,null,null,null,null,'N',0,null,'N','N','N',null,'N','N','N','input','来源单据行号',28,NULL,'','srcrowno',null,'~',30,'286b214f-7c8e-44c6-8246-3bcd6ff0c7b3','/common-ref/','-99',null,'N',null,null,null,'2021-07-19 10:24:42',null,'Y',null);
        go

        insert into pub_form_property(pk_form_property,areaid,classid,code,colnum,color,creationtime,creator,datatype,dataval,defaultvalue,defaultvar,define1,define2,define3,disabled,dr,editformula,hyperlinkflag,iscode,isdefined,ismultiselectedenabled,isnextrow,isrevise,istotal,itemtype,label,maxlength,metadataproperty,metaid,metapath,modifiedtime,modifier,position,proid,refcode,refname,relatemeta,required,resid,showformula,textrows,ts,validateformula,visible,width)
        values('0001ZZZZ98b1fa768030','0001ZZZZ8822a2252e17','616d6644-e695-4fce-a886-35ddb082cb2a','msg',null,'#111111',null,'~',57, null, null,null,null,null,null,'N',0,null,'N','N','N',null,'N','N','N','refer','消息内容',28,NULL,'','msg',null,'~',71,'0cbe0b1f-e308-4d1d-aec6-443e2568e0c5','/common-ref/','-99',null,'N',null,null,null,'2021-07-19 10:24:42',null,'Y',null);
        go

        insert into pub_form_property(pk_form_property,areaid,classid,code,colnum,color,creationtime,creator,datatype,dataval,defaultvalue,defaultvar,define1,define2,define3,disabled,dr,editformula,hyperlinkflag,iscode,isdefined,ismultiselectedenabled,isnextrow,isrevise,istotal,itemtype,label,maxlength,metadataproperty,metaid,metapath,modifiedtime,modifier,position,proid,refcode,refname,relatemeta,required,resid,showformula,textrows,ts,validateformula,visible,width)
        values('0001ZZZZ98b1fa768031','0001ZZZZ8822a2252e17','616d6644-e695-4fce-a886-35ddb082cb2a','receiver',null,'#111111',null,'~',1, null, null,null,null,null,null,'N',0,null,'N','N','N',null,'N','N','N','input','消息接收人',28,NULL,'','receiver',null,'~',69,'dd238da5-5641-40b7-8d2d-32cf95f9c0de','/common-ref/','-99',null,'N',null,null,null,'2021-07-19 10:24:42',null,'Y',null);
        go

        insert into pub_form_property(pk_form_property,areaid,classid,code,colnum,color,creationtime,creator,datatype,dataval,defaultvalue,defaultvar,define1,define2,define3,disabled,dr,editformula,hyperlinkflag,iscode,isdefined,ismultiselectedenabled,isnextrow,isrevise,istotal,itemtype,label,maxlength,metadataproperty,metaid,metapath,modifiedtime,modifier,position,proid,refcode,refname,relatemeta,required,resid,showformula,textrows,ts,validateformula,visible,width)
        values('0001ZZZZ98b1fa768032','0001ZZZZ8822a2252e17','616d6644-e695-4fce-a886-35ddb082cb2a','receiveport',null,'#111111',null,'~',1, null, null,null,null,null,null,'N',0,null,'N','N','N',null,'N','N','N','input','消息接收端',28,NULL,'','receiveport',null,'~',68,'342bb460-c82e-473a-9ea0-aae34ca91b04','/common-ref/','-99',null,'N',null,null,null,'2021-07-19 10:24:42',null,'Y',null);
        go

        insert into pub_form_property(pk_form_property,areaid,classid,code,colnum,color,creationtime,creator,datatype,dataval,defaultvalue,defaultvar,define1,define2,define3,disabled,dr,editformula,hyperlinkflag,iscode,isdefined,ismultiselectedenabled,isnextrow,isrevise,istotal,itemtype,label,maxlength,metadataproperty,metaid,metapath,modifiedtime,modifier,position,proid,refcode,refname,relatemeta,required,resid,showformula,textrows,ts,validateformula,visible,width)
        values('0001ZZZZ98b1fa768033','0001ZZZZ8822a2252e17','616d6644-e695-4fce-a886-35ddb082cb2a','vfirsttrantype',null,'#111111',null,'~',1, null, null,null,null,null,null,'N',0,null,'N','N','N',null,'N','N','N','input','源头交易类型',28,NULL,'','vfirsttrantype',null,'~',37,'643c028f-6d62-41ca-8500-4e43c6c57a27','/common-ref/','-99',null,'N',null,null,null,'2021-07-19 10:24:42',null,'Y',null);
        go

        insert into pub_form_property(pk_form_property,areaid,classid,code,colnum,color,creationtime,creator,datatype,dataval,defaultvalue,defaultvar,define1,define2,define3,disabled,dr,editformula,hyperlinkflag,iscode,isdefined,ismultiselectedenabled,isnextrow,isrevise,istotal,itemtype,label,maxlength,metadataproperty,metaid,metapath,modifiedtime,modifier,position,proid,refcode,refname,relatemeta,required,resid,showformula,textrows,ts,validateformula,visible,width)
        values('0001ZZZZ98b1fa768035','0001ZZZZ8822a2252e17','616d6644-e695-4fce-a886-35ddb082cb2a','vfirstcode',null,'#111111',null,'~',1, null, null,null,null,null,null,'N',0,null,'N','N','N',null,'N','N','N','input','源头单据号',28,NULL,'','vfirstcode',null,'~',33,'9441ba68-08ed-4a38-bb56-eebfe191b397','/common-ref/','-99',null,'N',null,null,null,'2021-07-19 10:24:42',null,'Y',null);
        go

        insert into pub_form_property(pk_form_property,areaid,classid,code,colnum,color,creationtime,creator,datatype,dataval,defaultvalue,defaultvar,define1,define2,define3,disabled,dr,editformula,hyperlinkflag,iscode,isdefined,ismultiselectedenabled,isnextrow,isrevise,istotal,itemtype,label,maxlength,metadataproperty,metaid,metapath,modifiedtime,modifier,position,proid,refcode,refname,relatemeta,required,resid,showformula,textrows,ts,validateformula,visible,width)
        values('0001ZZZZ98b1fa768037','0001ZZZZ8822a2252e17','616d6644-e695-4fce-a886-35ddb082cb2a','vfirsttype',null,'#111111',null,'~',1, null, null,null,null,null,null,'N',0,null,'N','N','N',null,'N','N','N','input','源头单据类型',28,NULL,'','vfirsttype',null,'~',32,'a7f292e8-0c9f-41b1-a9fc-bc8098774845','/common-ref/','-99',null,'N',null,null,null,'2021-07-19 10:24:42',null,'Y',null);
        go

        insert into pub_form_property(pk_form_property,areaid,classid,code,colnum,color,creationtime,creator,datatype,dataval,defaultvalue,defaultvar,define1,define2,define3,disabled,dr,editformula,hyperlinkflag,iscode,isdefined,ismultiselectedenabled,isnextrow,isrevise,istotal,itemtype,label,maxlength,metadataproperty,metaid,metapath,modifiedtime,modifier,position,proid,refcode,refname,relatemeta,required,resid,showformula,textrows,ts,validateformula,visible,width)
        values('0001ZZZZ98b1fa768038','0001ZZZZ8822a2252e17','616d6644-e695-4fce-a886-35ddb082cb2a','vfirstrowno',null,'#111111',null,'~',1, null, null,null,null,null,null,'N',0,null,'N','N','N',null,'N','N','N','input','源头单据行号',28,NULL,'','vfirstrowno',null,'~',36,'f9c4a5a4-c36d-4ed1-b32b-6d4a3702cfeb','/common-ref/','-99',null,'N',null,null,null,'2021-07-19 10:24:42',null,'Y',null);
        go

        insert into pub_form_property(pk_form_property,areaid,classid,code,colnum,color,creationtime,creator,datatype,dataval,defaultvalue,defaultvar,define1,define2,define3,disabled,dr,editformula,hyperlinkflag,iscode,isdefined,ismultiselectedenabled,isnextrow,isrevise,istotal,itemtype,label,maxlength,metadataproperty,metaid,metapath,modifiedtime,modifier,position,proid,refcode,refname,relatemeta,required,resid,showformula,textrows,ts,validateformula,visible,width)
        values('0001ZZZZ98b1fa768039','0001ZZZZ8822a2252e17','616d6644-e695-4fce-a886-35ddb082cb2a','pk_org',null,'#111111',null,'~',204, '0001Z01000000001BVPS,code=N', null,null,null,null,null,'N',0,null,'N','N','N',null,'N','N','N','refer','组织',28,'uap.org.name','985be8a4-3a36-4778-8afe-2d8ed3902659','pk_org',null,'~',4,'67d47260-e365-4fd4-a39a-e483ae2bc4f2','uapbd/refer/org/BusinessUnitAndDeptTreeRef/index','业务单元及部门',null,'N',null,null,null,'2021-07-19 10:24:42',null,'Y',null);
        go

        insert into pub_form_property(pk_form_property,areaid,classid,code,colnum,color,creationtime,creator,datatype,dataval,defaultvalue,defaultvar,define1,define2,define3,disabled,dr,editformula,hyperlinkflag,iscode,isdefined,ismultiselectedenabled,isnextrow,isrevise,istotal,itemtype,label,maxlength,metadataproperty,metaid,metapath,modifiedtime,modifier,position,proid,refcode,refname,relatemeta,required,resid,showformula,textrows,ts,validateformula,visible,width)
        values('0001ZZZZ98b1fa768040','0001ZZZZ8822a2252e17','616d6644-e695-4fce-a886-35ddb082cb2a','pk_org_v',null,'#111111',null,'~',204, '', null,null,null,null,null,'N',0,null,'N','N','N',null,'N','N','N','refer','组织版本',28,NULL,'da7bba89-9a59-42d6-a262-c13ef459dbd9','pk_org_v',null,'~',5,'29629c0d-8d65-4457-9e00-8aa97f4d682d','uapbd/refer/orgv/BusinessUnitVersionDefaultAllTreeRef/index','业务单元版本(所有)',null,'N',null,null,null,'2021-07-19 10:24:42',null,'N',null);
        go

        insert into pub_form_property(pk_form_property,areaid,classid,code,colnum,color,creationtime,creator,datatype,dataval,defaultvalue,defaultvar,define1,define2,define3,disabled,dr,editformula,hyperlinkflag,iscode,isdefined,ismultiselectedenabled,isnextrow,isrevise,istotal,itemtype,label,maxlength,metadataproperty,metaid,metapath,modifiedtime,modifier,position,proid,refcode,refname,relatemeta,required,resid,showformula,textrows,ts,validateformula,visible,width)
        values('0001ZZZZ98b1fa768071','0001ZZZZ8822a2252e17','616d6644-e695-4fce-a886-35ddb082cb2a','pk_group',null,'#111111',null,'~',204, '0001Z010000000000ZKS,code=N', null,null,null,null,null,'N',0,null,'N','N','N',null,'N','N','N','refer','集团',28,'uap.group.name','3b6dd171-2900-47f3-bfbe-41e4483a2a65','pk_group',null,'~',3,'1283afd7-7315-42c2-a0be-c885559487a7','uap/refer/riart/groupTreeRef/index','集团',null,'N',null,null,null,'2021-07-19 10:24:42',null,'Y',null);
        go








            insert into pub_form_property(pk_form_property,areaid,classid,code,colnum,color,creationtime,creator,datatype,dataval,defaultvalue,defaultvar,define1,define2,define3,disabled,dr,editformula,hyperlinkflag,iscode,isdefined,ismultiselectedenabled,isnextrow,isrevise,istotal,itemtype,label,maxlength,metadataproperty,metaid,metapath,modifiedtime,modifier,position,proid,refcode,refname,relatemeta,required,resid,showformula,textrows,ts,validateformula,visible,width)
            values('0001ZZZZ9f97f997b000','0001ZZZZe1034f33019b','616d6644-e695-4fce-a886-35ddb082cb2a','pk_busitype','1','#111111',null,'~',204,'' , null,null,null,null,null,'N',0,null,'N','N','N',null,'N','N','N','refer','业务类型',28,NULL,'','pk_busitype',null,'~',9,'61d2c3f4-94c2-4789-8e5d-9c31026161f6','uap/refer/riart/busitype/index','业务流程',null,'N',null,null,null,'2021-07-19 10:24:42',null,'Y',null);
            go
            insert into pub_form_property(pk_form_property,areaid,classid,code,colnum,color,creationtime,creator,datatype,dataval,defaultvalue,defaultvar,define1,define2,define3,disabled,dr,editformula,hyperlinkflag,iscode,isdefined,ismultiselectedenabled,isnextrow,isrevise,istotal,itemtype,label,maxlength,metadataproperty,metaid,metapath,modifiedtime,modifier,position,proid,refcode,refname,relatemeta,required,resid,showformula,textrows,ts,validateformula,visible,width)
            values('0001ZZZZ9f97f997b001','0001ZZZZe1034f33019b','616d6644-e695-4fce-a886-35ddb082cb2a','pk_transtype','1','#111111',null,'~',204,'0001Z0100BILLTYPEZJ8,code=N' , null,null,null,null,null,'N',0,null,'N','N','N',null,'N','N','N','refer','交易类型',28,'uap.BilltypeVO.billtypename','','pk_transtype',null,'~',13,'634d09e4-927f-42c8-8b25-ec48e03e7b8d','uap/refer/riart/transtype/index','影响因素交 易类型',null,'N',null,null,null,'2021-07-19 10:24:42',null,'Y',null);
            go
            insert into pub_form_property(pk_form_property,areaid,classid,code,colnum,color,creationtime,creator,datatype,dataval,defaultvalue,defaultvar,define1,define2,define3,disabled,dr,editformula,hyperlinkflag,iscode,isdefined,ismultiselectedenabled,isnextrow,isrevise,istotal,itemtype,label,maxlength,metadataproperty,metaid,metapath,modifiedtime,modifier,position,proid,refcode,refname,relatemeta,required,resid,showformula,textrows,ts,validateformula,visible,width)
            values('0001ZZZZ9f97f997b002','0001ZZZZe1034f33019b','616d6644-e695-4fce-a886-35ddb082cb2a','transtypecode','1','#111111',null,'~',1,null, null,null,null,null,null,'N',0,null,'N','N','N',null,'N','N','N','input','交易类型编码',28,NULL,'','transtypecode',null,'~',12,'29a7a0a9-8be7-4b43-a973-e3e72a1a5826','/common-ref/','-99',null,'N',null,null,null,'2021-07-19 10:24:42',null,'Y',null);
            go
            insert into pub_form_property(pk_form_property,areaid,classid,code,colnum,color,creationtime,creator,datatype,dataval,defaultvalue,defaultvar,define1,define2,define3,disabled,dr,editformula,hyperlinkflag,iscode,isdefined,ismultiselectedenabled,isnextrow,isrevise,istotal,itemtype,label,maxlength,metadataproperty,metaid,metapath,modifiedtime,modifier,position,proid,refcode,refname,relatemeta,required,resid,showformula,textrows,ts,validateformula,visible,width)
            values('0001ZZZZ76b8f76b0f38','0001ZZZZ57a179c22ec8','616d6644-e695-4fce-a886-35ddb082cb2a','modifier','1','#111111',null,'~',204,'0001Z01000000001BVPB,code=N', null,null,null,null,null,'N',0,null,'N','N','N',null,'N','N','N','refer','修改人',28,'uap.user.user_name','','modifier',null,'~',18,'9eb57ef2-c456-424d-8517-4be4a22ce26d','uap/refer/riart/userDefaultRefer/index','用户',null,'N',null,null,null,'2021-07-19 10:24:42',null,'Y',null);
            go
            insert into pub_form_property(pk_form_property,areaid,classid,code,colnum,color,creationtime,creator,datatype,dataval,defaultvalue,defaultvar,define1,define2,define3,disabled,dr,editformula,hyperlinkflag,iscode,isdefined,ismultiselectedenabled,isnextrow,isrevise,istotal,itemtype,label,maxlength,metadataproperty,metaid,metapath,modifiedtime,modifier,position,proid,refcode,refname,relatemeta,required,resid,showformula,textrows,ts,validateformula,visible,width)
            values('0001ZZZZ83260ee8582c','0001ZZZZ57a179c22ec8','616d6644-e695-4fce-a886-35ddb082cb2a','modifiedtime','1','#111111',null,'~',34,null, null,null,null,null,null,'N',0,null,'N','N','N',null,'N','N','N','datetimepicker','修改时间',28,NULL,'','modifiedtime',null,'~',19,'dc56b160-e428-4d90-beff-7377f66a6d32','/common-ref/','-99',null,'N',null,null,null,'2021-07-19 10:24:42',null,'Y',null);
            go
            insert into pub_form_property(pk_form_property,areaid,classid,code,colnum,color,creationtime,creator,datatype,dataval,defaultvalue,defaultvar,define1,define2,define3,disabled,dr,editformula,hyperlinkflag,iscode,isdefined,ismultiselectedenabled,isnextrow,isrevise,istotal,itemtype,label,maxlength,metadataproperty,metaid,metapath,modifiedtime,modifier,position,proid,refcode,refname,relatemeta,required,resid,showformula,textrows,ts,validateformula,visible,width)
            values('0001ZZZZ8103de5e60eb','0001ZZZZ57a179c22ec8','616d6644-e695-4fce-a886-35ddb082cb2a','creator','1','#111111',null,'~',204,'0001Z01000000001BVPB,code=N', null,null,null,null,null,'N',0,null,'N','N','N',null,'N','N','N','refer','创建人',28,'uap.user.user_name','','creator',null,'~',16,'4d0dcf17-4274-4a4c-8327-4d5c4747b366','uap/refer/riart/userDefaultRefer/index','用户',null,'N',null,null,null,'2021-07-19 10:24:42',null,'Y',null);
            go
            insert into pub_form_property(pk_form_property,areaid,classid,code,colnum,color,creationtime,creator,datatype,dataval,defaultvalue,defaultvar,define1,define2,define3,disabled,dr,editformula,hyperlinkflag,iscode,isdefined,ismultiselectedenabled,isnextrow,isrevise,istotal,itemtype,label,maxlength,metadataproperty,metaid,metapath,modifiedtime,modifier,position,proid,refcode,refname,relatemeta,required,resid,showformula,textrows,ts,validateformula,visible,width)
            values('0001ZZZZb8dc900e9254','0001ZZZZ57a179c22ec8','616d6644-e695-4fce-a886-35ddb082cb2a','creationtime','1','#111111',null,'~',34,null, null,null,null,null,null,'N',0,null,'N','N','N',null,'N','N','N','datetimepicker','创建时间',28,NULL,'','creationtime',null,'~',17,'0c144dbb-ccc2-45dc-aecf-b700892fb3dc','/common-ref/','-99',null,'N',null,null,null,'2021-07-19 10:24:42',null,'Y',null);
            go
            insert into pub_form_property(pk_form_property,areaid,classid,code,colnum,color,creationtime,creator,datatype,dataval,defaultvalue,defaultvar,define1,define2,define3,disabled,dr,editformula,hyperlinkflag,iscode,isdefined,ismultiselectedenabled,isnextrow,isrevise,istotal,itemtype,label,maxlength,metadataproperty,metaid,metapath,modifiedtime,modifier,position,proid,refcode,refname,relatemeta,required,resid,showformula,textrows,ts,validateformula,visible,width)
            values('0001ZZZZ9f97f997b007','0001ZZZZe1034f33019b','616d6644-e695-4fce-a886-35ddb082cb2a','billmaker','1','#111111',null,'~',204,'0001Z01000000001BVPB,code=N' , null,null,null,null,null,'N',0,null,'N','N','N',null,'N','N','N','refer','制单人',28,'uap.user.user_name','','billmaker',null,'~',14,'247f6135-b366-406b-a3d2-68e4ac67a3ef','uap/refer/riart/userDefaultRefer/index','用户',null,'N',null,null,null,'2021-07-19 10:24:42',null,'Y',null);
            go
            insert into pub_form_property(pk_form_property,areaid,classid,code,colnum,color,creationtime,creator,datatype,dataval,defaultvalue,defaultvar,define1,define2,define3,disabled,dr,editformula,hyperlinkflag,iscode,isdefined,ismultiselectedenabled,isnextrow,isrevise,istotal,itemtype,label,maxlength,metadataproperty,metaid,metapath,modifiedtime,modifier,position,proid,refcode,refname,relatemeta,required,resid,showformula,textrows,ts,validateformula,visible,width)
            values('0001ZZZZ9f97f997b008','0001ZZZZe1034f33019b','616d6644-e695-4fce-a886-35ddb082cb2a','maketime','1','#111111',null,'~',33,null, null,null,null,null,null,'N',0,null,'N','N','N',null,'N','N','N','datepicker','制单时间',28,NULL,'','maketime',null,'~',15,'03860203-55f8-4d3b-b87d-9519612c5df3','/common-ref/','-99',null,'N',null,null,null,'2021-07-19 10:24:42',null,'Y',null);
            go
            insert into pub_form_property(pk_form_property,areaid,classid,code,colnum,color,creationtime,creator,datatype,dataval,defaultvalue,defaultvar,define1,define2,define3,disabled,dr,editformula,hyperlinkflag,iscode,isdefined,ismultiselectedenabled,isnextrow,isrevise,istotal,itemtype,label,maxlength,metadataproperty,metaid,metapath,modifiedtime,modifier,position,proid,refcode,refname,relatemeta,required,resid,showformula,textrows,ts,validateformula,visible,width)
            values('0001ZZZZ9f97f997b009','0001ZZZZe1034f33019b','616d6644-e695-4fce-a886-35ddb082cb2a','bill_no','1','#111111',null,'~',1,null, null,null,null,null,null,'Y',0,null,'N','N','N',null,'N','N','N','input','单据号',28,NULL,'','bill_no',null,'~',8,'4d3be561-9718-4a99-9e13-13f141acb89a','/common-ref/','-99',null,'N',null,null,null,'2021-07-19 10:24:42',null,'Y',null);
            go
            insert into pub_form_property(pk_form_property,areaid,classid,code,colnum,color,creationtime,creator,datatype,dataval,defaultvalue,defaultvar,define1,define2,define3,disabled,dr,editformula,hyperlinkflag,iscode,isdefined,ismultiselectedenabled,isnextrow,isrevise,istotal,itemtype,label,maxlength,metadataproperty,metaid,metapath,modifiedtime,modifier,position,proid,refcode,refname,relatemeta,required,resid,showformula,textrows,ts,validateformula,visible,width)
            values('0001ZZZZ9f97f997b010','0001ZZZZe1034f33019b','616d6644-e695-4fce-a886-35ddb082cb2a','dbilldate','1','#111111',null,'~',33,null, null,null,null,null,null,'N',0,null,'N','N','N',null,'N','N','N','datepicker','单据日期',28,NULL,'','dbilldate',null,'~',6,'4e894c8e-f38c-4db2-a607-2951a31b5fdf','/common-ref/','-99',null,'N',null,null,null,'2021-07-19 10:24:42',null,'Y',null);
            go
            insert into pub_form_property(pk_form_property,areaid,classid,code,colnum,color,creationtime,creator,datatype,dataval,defaultvalue,defaultvar,define1,define2,define3,disabled,dr,editformula,hyperlinkflag,iscode,isdefined,ismultiselectedenabled,isnextrow,isrevise,istotal,itemtype,label,maxlength,metadataproperty,metaid,metapath,modifiedtime,modifier,position,proid,refcode,refname,relatemeta,required,resid,showformula,textrows,ts,validateformula,visible,width)
            values('0001ZZZZ9f97f997b011','0001ZZZZe1034f33019b','616d6644-e695-4fce-a886-35ddb082cb2a','billstatus','1','#111111',null,'~',203,'自由=-1,审批未通过=0,审批通过=1,审批进行中=2,提交=3','-1',null,null,null,null,'Y',0,null,'N','N','N',null,'N','N','N','select','单据状态',28,NULL,'','billstatus',null,'~',7,'6f2a415f-c804-4810-bc16-1a69eb76175c','/common-ref/','-99',null,'N',null,null,null,'2021-07-19 10:24:42',null,'Y',null);
            go
            insert into pub_form_property(pk_form_property,areaid,classid,code,colnum,color,creationtime,creator,datatype,dataval,defaultvalue,defaultvar,define1,define2,define3,disabled,dr,editformula,hyperlinkflag,iscode,isdefined,ismultiselectedenabled,isnextrow,isrevise,istotal,itemtype,label,maxlength,metadataproperty,metaid,metapath,modifiedtime,modifier,position,proid,refcode,refname,relatemeta,required,resid,showformula,textrows,ts,validateformula,visible,width)
            values('0001ZZZZ9f97f997b012','0001ZZZZe1034f33019b','616d6644-e695-4fce-a886-35ddb082cb2a','pk_billtypeid','1','#111111',null,'~',204,'0001Z0100BILLTYPEZJ7,code=N' , null,null,null,null,null,'N',0,null,'N','N','N',null,'N','N','N','refer','单据类型',28,'uap.BilltypeVO.billtypename','','pk_billtypeid',null,'~',10,'1bb384be-2830-4797-aed1-3ad9bd757da7','uap/refer/riart/billtype/index','影响因素单据类型',null,'N',null,null,null,'2021-07-19 10:24:42',null,'Y',null);
            go
            insert into pub_form_property(pk_form_property,areaid,classid,code,colnum,color,creationtime,creator,datatype,dataval,defaultvalue,defaultvar,define1,define2,define3,disabled,dr,editformula,hyperlinkflag,iscode,isdefined,ismultiselectedenabled,isnextrow,isrevise,istotal,itemtype,label,maxlength,metadataproperty,metaid,metapath,modifiedtime,modifier,position,proid,refcode,refname,relatemeta,required,resid,showformula,textrows,ts,validateformula,visible,width)
            values('0001ZZZZ9f97f997b013','0001ZZZZe1034f33019b','616d6644-e695-4fce-a886-35ddb082cb2a','billtype','1','#111111',null,'~',1,null, null,null,null,null,null,'N',0,null,'N','N','N',null,'N','N','N','input','单据类型编码',28,NULL,'','billtype',null,'~',11,'3cc85f12-2e2f-4c09-b35a-bea07788994f','/common-ref/','-99',null,'N',null,null,null,'2021-07-19 10:24:42',null,'Y',null);
            go
            insert into pub_form_property(pk_form_property,areaid,classid,code,colnum,color,creationtime,creator,datatype,dataval,defaultvalue,defaultvar,define1,define2,define3,disabled,dr,editformula,hyperlinkflag,iscode,isdefined,ismultiselectedenabled,isnextrow,isrevise,istotal,itemtype,label,maxlength,metadataproperty,metaid,metapath,modifiedtime,modifier,position,proid,refcode,refname,relatemeta,required,resid,showformula,textrows,ts,validateformula,visible,width)
            values('0001ZZZZ9f97f997b014','0001ZZZZe1034f33019b','616d6644-e695-4fce-a886-35ddb082cb2a','vnote','1','#111111',null,'~',1,null, null,null,null,null,null,'N',0,null,'N','N','N',null,'N','N','N','input','备注',28,NULL,'','vnote',null,'~',24,'083c9aae-8966-4314-b1d0-c41c73423dd0','/common-ref/','-99',null,'N',null,null,null,'2021-07-19 10:24:42',null,'Y',null);
            go
            insert into pub_form_property(pk_form_property,areaid,classid,code,colnum,color,creationtime,creator,datatype,dataval,defaultvalue,defaultvar,define1,define2,define3,disabled,dr,editformula,hyperlinkflag,iscode,isdefined,ismultiselectedenabled,isnextrow,isrevise,istotal,itemtype,label,maxlength,metadataproperty,metaid,metapath,modifiedtime,modifier,position,proid,refcode,refname,relatemeta,required,resid,showformula,textrows,ts,validateformula,visible,width)
            values('0001ZZZZ15b3a5e83e84','0001ZZZZ57a179c22ec8','616d6644-e695-4fce-a886-35ddb082cb2a','approver','1','#111111',null,'~',204,'0001Z01000000001BVPB,code=N', null,null,null,null,null,'N',0,null,'N','N','N',null,'N','N','N','refer','审批人',28,'uap.user.user_name','','approver',null,'~',20,'9f05881e-5d40-4f62-b097-619151b14cb5','uap/refer/riart/userDefaultRefer/index','用户',null,'N',null,null,null,'2021-07-19 10:24:42',null,'Y',null);
            go
            insert into pub_form_property(pk_form_property,areaid,classid,code,colnum,color,creationtime,creator,datatype,dataval,defaultvalue,defaultvar,define1,define2,define3,disabled,dr,editformula,hyperlinkflag,iscode,isdefined,ismultiselectedenabled,isnextrow,isrevise,istotal,itemtype,label,maxlength,metadataproperty,metaid,metapath,modifiedtime,modifier,position,proid,refcode,refname,relatemeta,required,resid,showformula,textrows,ts,validateformula,visible,width)
            values('0001ZZZZ2fe126cd260c','0001ZZZZ57a179c22ec8','616d6644-e695-4fce-a886-35ddb082cb2a','approvenote','1','#111111',null,'~',1,null, null,null,null,null,null,'N',0,null,'N','N','N',null,'N','N','N','input','审批批语',28,NULL,'','approvenote',null,'~',22,'382e04f2-5828-4d0c-a58e-441b96d87b63','/common-ref/','-99',null,'N',null,null,null,'2021-07-19 10:24:42',null,'Y',null);
            go
            insert into pub_form_property(pk_form_property,areaid,classid,code,colnum,color,creationtime,creator,datatype,dataval,defaultvalue,defaultvar,define1,define2,define3,disabled,dr,editformula,hyperlinkflag,iscode,isdefined,ismultiselectedenabled,isnextrow,isrevise,istotal,itemtype,label,maxlength,metadataproperty,metaid,metapath,modifiedtime,modifier,position,proid,refcode,refname,relatemeta,required,resid,showformula,textrows,ts,validateformula,visible,width)
            values('0001ZZZZ260146c63171','0001ZZZZ57a179c22ec8','616d6644-e695-4fce-a886-35ddb082cb2a','approvedate','1','#111111',null,'~',34,null, null,null,null,null,null,'N',0,null,'N','N','N',null,'N','N','N','datetimepicker','审批时间',28,NULL,'','approvedate',null,'~',23,'f2c69f93-002d-4cc4-9505-764667bd023d','/common-ref/','-99',null,'N',null,null,null,'2021-07-19 10:24:42',null,'Y',null);
            go
            insert into pub_form_property(pk_form_property,areaid,classid,code,colnum,color,creationtime,creator,datatype,dataval,defaultvalue,defaultvar,define1,define2,define3,disabled,dr,editformula,hyperlinkflag,iscode,isdefined,ismultiselectedenabled,isnextrow,isrevise,istotal,itemtype,label,maxlength,metadataproperty,metaid,metapath,modifiedtime,modifier,position,proid,refcode,refname,relatemeta,required,resid,showformula,textrows,ts,validateformula,visible,width)
            values('0001ZZZZ9f97f997b019','0001ZZZZe1034f33019b','616d6644-e695-4fce-a886-35ddb082cb2a','approvestatus','1','#111111',null,'~',203,'自由=-1,审批未通过=0,审批通过=1,审批进行中=2,提交=3', null,null,null,null,null,'N',0,null,'N','N','N',null,'N','N','N','select','审批状态',28,NULL,'','approvestatus',null,'~',21,'43214135-634a-4127-8e3a-c1766227620c','/common-ref/','-99',null,'N',null,null,null,'2021-07-19 10:24:42',null,'Y',null);
            go
            insert into pub_form_property(pk_form_property,areaid,classid,code,colnum,color,creationtime,creator,datatype,dataval,defaultvalue,defaultvar,define1,define2,define3,disabled,dr,editformula,hyperlinkflag,iscode,isdefined,ismultiselectedenabled,isnextrow,isrevise,istotal,itemtype,label,maxlength,metadataproperty,metaid,metapath,modifiedtime,modifier,position,proid,refcode,refname,relatemeta,required,resid,showformula,textrows,ts,validateformula,visible,width)
            values('0001ZZZZ9f97f997b020','0001ZZZZe1034f33019b','616d6644-e695-4fce-a886-35ddb082cb2a','receiverid','1','#111111',null,'~',1,null, null,null,null,null,null,'N',0,null,'N','N','N',null,'N','N','N','input','接收人身份证号',28,NULL,'','receiverid',null,'~',70,'d7c17f87-8f07-496b-ba0f-213b9306a1e9','/common-ref/','-99',null,'N',null,null,null,'2021-07-19 10:24:42',null,'Y',null);
            go
            insert into pub_form_property(pk_form_property,areaid,classid,code,colnum,color,creationtime,creator,datatype,dataval,defaultvalue,defaultvar,define1,define2,define3,disabled,dr,editformula,hyperlinkflag,iscode,isdefined,ismultiselectedenabled,isnextrow,isrevise,istotal,itemtype,label,maxlength,metadataproperty,metaid,metapath,modifiedtime,modifier,position,proid,refcode,refname,relatemeta,required,resid,showformula,textrows,ts,validateformula,visible,width)
            values('0001ZZZZ9f97f997b021','0001ZZZZe1034f33019b','616d6644-e695-4fce-a886-35ddb082cb2a','receivetime','1','#111111',null,'~',33,null, null,null,null,null,null,'N',0,null,'N','N','N',null,'N','N','N','datepicker','推送时间',28,NULL,'','receivetime',null,'~',72,'1053770f-79d5-4f49-98a1-b02f345da57c','/common-ref/','-99',null,'N',null,null,null,'2021-07-19 10:24:42',null,'Y',null);
            go
            insert into pub_form_property(pk_form_property,areaid,classid,code,colnum,color,creationtime,creator,datatype,dataval,defaultvalue,defaultvar,define1,define2,define3,disabled,dr,editformula,hyperlinkflag,iscode,isdefined,ismultiselectedenabled,isnextrow,isrevise,istotal,itemtype,label,maxlength,metadataproperty,metaid,metapath,modifiedtime,modifier,position,proid,refcode,refname,relatemeta,required,resid,showformula,textrows,ts,validateformula,visible,width)
            values('0001ZZZZ9f97f997b022','0001ZZZZe1034f33019b','616d6644-e695-4fce-a886-35ddb082cb2a','srctrantype','1','#111111',null,'~',1,null, null,null,null,null,null,'N',0,null,'N','N','N',null,'N','N','N','input','来源交易类型',28,NULL,'','srctrantype',null,'~',31,'309ceb65-4d71-48fd-a28b-57ef18560f48','/common-ref/','-99',null,'N',null,null,null,'2021-07-19 10:24:42',null,'Y',null);
            go
            insert into pub_form_property(pk_form_property,areaid,classid,code,colnum,color,creationtime,creator,datatype,dataval,defaultvalue,defaultvar,define1,define2,define3,disabled,dr,editformula,hyperlinkflag,iscode,isdefined,ismultiselectedenabled,isnextrow,isrevise,istotal,itemtype,label,maxlength,metadataproperty,metaid,metapath,modifiedtime,modifier,position,proid,refcode,refname,relatemeta,required,resid,showformula,textrows,ts,validateformula,visible,width)
            values('0001ZZZZ9f97f997b025','0001ZZZZe1034f33019b','616d6644-e695-4fce-a886-35ddb082cb2a','srccode','1','#111111',null,'~',1,null, null,null,null,null,null,'N',0,null,'N','N','N',null,'N','N','N','input','来源单据号',28,NULL,'','srccode',null,'~',27,'2cf998fd-403c-4f65-bd00-a188946b193c','/common-ref/','-99',null,'N',null,null,null,'2021-07-19 10:24:42',null,'Y',null);
            go
            insert into pub_form_property(pk_form_property,areaid,classid,code,colnum,color,creationtime,creator,datatype,dataval,defaultvalue,defaultvar,define1,define2,define3,disabled,dr,editformula,hyperlinkflag,iscode,isdefined,ismultiselectedenabled,isnextrow,isrevise,istotal,itemtype,label,maxlength,metadataproperty,metaid,metapath,modifiedtime,modifier,position,proid,refcode,refname,relatemeta,required,resid,showformula,textrows,ts,validateformula,visible,width)
            values('0001ZZZZ9f97f997b027','0001ZZZZe1034f33019b','616d6644-e695-4fce-a886-35ddb082cb2a','srcbilltype','1','#111111',null,'~',1,null, null,null,null,null,null,'N',0,null,'N','N','N',null,'N','N','N','input','来源单据类型',28,NULL,'','srcbilltype',null,'~',25,'4ee7cc20-8515-4213-b0e6-4f64e9063f97','/common-ref/','-99',null,'N',null,null,null,'2021-07-19 10:24:42',null,'Y',null);
            go
            insert into pub_form_property(pk_form_property,areaid,classid,code,colnum,color,creationtime,creator,datatype,dataval,defaultvalue,defaultvar,define1,define2,define3,disabled,dr,editformula,hyperlinkflag,iscode,isdefined,ismultiselectedenabled,isnextrow,isrevise,istotal,itemtype,label,maxlength,metadataproperty,metaid,metapath,modifiedtime,modifier,position,proid,refcode,refname,relatemeta,required,resid,showformula,textrows,ts,validateformula,visible,width)
            values('0001ZZZZ9f97f997b028','0001ZZZZe1034f33019b','616d6644-e695-4fce-a886-35ddb082cb2a','srcrowno','1','#111111',null,'~',1,null, null,null,null,null,null,'N',0,null,'N','N','N',null,'N','N','N','input','来源单据行号',28,NULL,'','srcrowno',null,'~',30,'b9f4075f-d265-48c5-859e-72837bddecfc','/common-ref/','-99',null,'N',null,null,null,'2021-07-19 10:24:42',null,'Y',null);
            go
            insert into pub_form_property(pk_form_property,areaid,classid,code,colnum,color,creationtime,creator,datatype,dataval,defaultvalue,defaultvar,define1,define2,define3,disabled,dr,editformula,hyperlinkflag,iscode,isdefined,ismultiselectedenabled,isnextrow,isrevise,istotal,itemtype,label,maxlength,metadataproperty,metaid,metapath,modifiedtime,modifier,position,proid,refcode,refname,relatemeta,required,resid,showformula,textrows,ts,validateformula,visible,width)
            values('0001ZZZZ9f97f997b030','0001ZZZZe1034f33019b','616d6644-e695-4fce-a886-35ddb082cb2a','msg','1','#111111',null,'~',57,null, null,null,null,null,null,'N',0,null,'N','N','N',null,'N','N','N','refer','消息内容',28,NULL,'','msg',null,'~',71,'7d0caffc-c8e8-421f-864e-5724be4eda16','/common-ref/','-99',null,'N',null,null,null,'2021-07-19 10:24:42',null,'Y',null);
            go
            insert into pub_form_property(pk_form_property,areaid,classid,code,colnum,color,creationtime,creator,datatype,dataval,defaultvalue,defaultvar,define1,define2,define3,disabled,dr,editformula,hyperlinkflag,iscode,isdefined,ismultiselectedenabled,isnextrow,isrevise,istotal,itemtype,label,maxlength,metadataproperty,metaid,metapath,modifiedtime,modifier,position,proid,refcode,refname,relatemeta,required,resid,showformula,textrows,ts,validateformula,visible,width)
            values('0001ZZZZ9f97f997b031','0001ZZZZe1034f33019b','616d6644-e695-4fce-a886-35ddb082cb2a','receiver','1','#111111',null,'~',1,null, null,null,null,null,null,'N',0,null,'N','N','N',null,'N','N','N','input','消息接收人',28,NULL,'','receiver',null,'~',69,'49be04e8-be80-4c44-a0d5-444ccc99441e','/common-ref/','-99',null,'N',null,null,null,'2021-07-19 10:24:42',null,'Y',null);
            go
            insert into pub_form_property(pk_form_property,areaid,classid,code,colnum,color,creationtime,creator,datatype,dataval,defaultvalue,defaultvar,define1,define2,define3,disabled,dr,editformula,hyperlinkflag,iscode,isdefined,ismultiselectedenabled,isnextrow,isrevise,istotal,itemtype,label,maxlength,metadataproperty,metaid,metapath,modifiedtime,modifier,position,proid,refcode,refname,relatemeta,required,resid,showformula,textrows,ts,validateformula,visible,width)
            values('0001ZZZZ9f97f997b032','0001ZZZZe1034f33019b','616d6644-e695-4fce-a886-35ddb082cb2a','receiveport','1','#111111',null,'~',1,null, null,null,null,null,null,'N',0,null,'N','N','N',null,'N','N','N','input','消息接收端',28,NULL,'','receiveport',null,'~',68,'430a8858-c4e5-4e5b-ae50-67ad3d6fe6ef','/common-ref/','-99',null,'N',null,null,null,'2021-07-19 10:24:42',null,'Y',null);
            go
            insert into pub_form_property(pk_form_property,areaid,classid,code,colnum,color,creationtime,creator,datatype,dataval,defaultvalue,defaultvar,define1,define2,define3,disabled,dr,editformula,hyperlinkflag,iscode,isdefined,ismultiselectedenabled,isnextrow,isrevise,istotal,itemtype,label,maxlength,metadataproperty,metaid,metapath,modifiedtime,modifier,position,proid,refcode,refname,relatemeta,required,resid,showformula,textrows,ts,validateformula,visible,width)
            values('0001ZZZZ9f97f997b033','0001ZZZZe1034f33019b','616d6644-e695-4fce-a886-35ddb082cb2a','vfirsttrantype','1','#111111',null,'~',1,null, null,null,null,null,null,'N',0,null,'N','N','N',null,'N','N','N','input','源头交易类型',28,NULL,'','vfirsttrantype',null,'~',37,'9f560780-3ec4-4a6f-99d1-d7605bb77785','/common-ref/','-99',null,'N',null,null,null,'2021-07-19 10:24:42',null,'Y',null);
            go
            insert into pub_form_property(pk_form_property,areaid,classid,code,colnum,color,creationtime,creator,datatype,dataval,defaultvalue,defaultvar,define1,define2,define3,disabled,dr,editformula,hyperlinkflag,iscode,isdefined,ismultiselectedenabled,isnextrow,isrevise,istotal,itemtype,label,maxlength,metadataproperty,metaid,metapath,modifiedtime,modifier,position,proid,refcode,refname,relatemeta,required,resid,showformula,textrows,ts,validateformula,visible,width)
            values('0001ZZZZ9f97f997b035','0001ZZZZe1034f33019b','616d6644-e695-4fce-a886-35ddb082cb2a','vfirstcode','1','#111111',null,'~',1,null, null,null,null,null,null,'N',0,null,'N','N','N',null,'N','N','N','input','源头单据号',28,NULL,'','vfirstcode',null,'~',33,'d13a864c-9f0f-4f0e-954a-8f918163f546','/common-ref/','-99',null,'N',null,null,null,'2021-07-19 10:24:42',null,'Y',null);
            go
            insert into pub_form_property(pk_form_property,areaid,classid,code,colnum,color,creationtime,creator,datatype,dataval,defaultvalue,defaultvar,define1,define2,define3,disabled,dr,editformula,hyperlinkflag,iscode,isdefined,ismultiselectedenabled,isnextrow,isrevise,istotal,itemtype,label,maxlength,metadataproperty,metaid,metapath,modifiedtime,modifier,position,proid,refcode,refname,relatemeta,required,resid,showformula,textrows,ts,validateformula,visible,width)
            values('0001ZZZZ9f97f997b037','0001ZZZZe1034f33019b','616d6644-e695-4fce-a886-35ddb082cb2a','vfirsttype','1','#111111',null,'~',1,null, null,null,null,null,null,'N',0,null,'N','N','N',null,'N','N','N','input','源头单据类型',28,NULL,'','vfirsttype',null,'~',32,'d5f13685-88fd-4f49-94c4-9e32ecb16042','/common-ref/','-99',null,'N',null,null,null,'2021-07-19 10:24:42',null,'Y',null);
            go
            insert into pub_form_property(pk_form_property,areaid,classid,code,colnum,color,creationtime,creator,datatype,dataval,defaultvalue,defaultvar,define1,define2,define3,disabled,dr,editformula,hyperlinkflag,iscode,isdefined,ismultiselectedenabled,isnextrow,isrevise,istotal,itemtype,label,maxlength,metadataproperty,metaid,metapath,modifiedtime,modifier,position,proid,refcode,refname,relatemeta,required,resid,showformula,textrows,ts,validateformula,visible,width)
            values('0001ZZZZ9f97f997b038','0001ZZZZe1034f33019b','616d6644-e695-4fce-a886-35ddb082cb2a','vfirstrowno','1','#111111',null,'~',1,null, null,null,null,null,null,'N',0,null,'N','N','N',null,'N','N','N','input','源头单据行号',28,NULL,'','vfirstrowno',null,'~',36,'49e34c2c-09ff-43a5-a974-4b397fed21cc','/common-ref/','-99',null,'N',null,null,null,'2021-07-19 10:24:42',null,'Y',null);
            go
            insert into pub_form_property(pk_form_property,areaid,classid,code,colnum,color,creationtime,creator,datatype,dataval,defaultvalue,defaultvar,define1,define2,define3,disabled,dr,editformula,hyperlinkflag,iscode,isdefined,ismultiselectedenabled,isnextrow,isrevise,istotal,itemtype,label,maxlength,metadataproperty,metaid,metapath,modifiedtime,modifier,position,proid,refcode,refname,relatemeta,required,resid,showformula,textrows,ts,validateformula,visible,width)
            values('0001ZZZZ9f97f997b039','0001ZZZZe1034f33019b','616d6644-e695-4fce-a886-35ddb082cb2a','pk_org','1','#111111',null,'~',204,'0001Z01000000001BVPS,code=N' , null,null,null,null,null,'N',0,null,'N','N','N',null,'N','N','N','refer','组织',28,'uap.org.name','','pk_org',null,'~',4,'9d318780-8b69-4d49-ad43-4e242691ee18','uapbd/refer/org/BusinessUnitAndDeptTreeRef/index','业务单元及部门',null,'N',null,null,null,'2021-07-19 10:24:42',null,'Y',null);
            go
            insert into pub_form_property(pk_form_property,areaid,classid,code,colnum,color,creationtime,creator,datatype,dataval,defaultvalue,defaultvar,define1,define2,define3,disabled,dr,editformula,hyperlinkflag,iscode,isdefined,ismultiselectedenabled,isnextrow,isrevise,istotal,itemtype,label,maxlength,metadataproperty,metaid,metapath,modifiedtime,modifier,position,proid,refcode,refname,relatemeta,required,resid,showformula,textrows,ts,validateformula,visible,width)
            values('0001ZZZZ9f97f997b040','0001ZZZZe1034f33019b','616d6644-e695-4fce-a886-35ddb082cb2a','pk_org_v','1','#111111',null,'~',204,'' , null,null,null,null,null,'N',0,null,'N','N','N',null,'N','N','N','refer','组织版本',28,NULL,'','pk_org_v',null,'~',5,'bc86bf02-d523-48ee-af83-f0a7198643d4','uapbd/refer/orgv/BusinessUnitVersionDefaultAllTreeRef/index','业务单元版本(所有)',null,'N',null,null,null,'2021-07-19 10:24:42',null,'N',null);
            go
            insert into pub_form_property(pk_form_property,areaid,classid,code,colnum,color,creationtime,creator,datatype,dataval,defaultvalue,defaultvar,define1,define2,define3,disabled,dr,editformula,hyperlinkflag,iscode,isdefined,ismultiselectedenabled,isnextrow,isrevise,istotal,itemtype,label,maxlength,metadataproperty,metaid,metapath,modifiedtime,modifier,position,proid,refcode,refname,relatemeta,required,resid,showformula,textrows,ts,validateformula,visible,width)
            values('0001ZZZZ9f97f997b071','0001ZZZZe1034f33019b','616d6644-e695-4fce-a886-35ddb082cb2a','pk_group','1','#111111',null,'~',204,'0001Z010000000000ZKS,code=N' , null,null,null,null,null,'N',0,null,'N','N','N',null,'N','N','N','refer','集团',28,'uap.group.name','','pk_group',null,'~',3,'c955d5c4-0119-45d0-8555-8fa0d48bead9','uap/refer/riart/groupTreeRef/index','集团',null,'N',null,null,null,'2021-07-19 10:24:42',null,'Y',null);
            go



















            insert into pub_form_property(pk_form_property,areaid,classid,code,colnum,color,creationtime,creator,datatype,dataval,defaultvalue,defaultvar,define1,define2,define3,disabled,dr,editformula,hyperlinkflag,iscode,isdefined,ismultiselectedenabled,isnextrow,isrevise,istotal,itemtype,label,maxlength,metadataproperty,metaid,metapath,modifiedtime,modifier,position,proid,refcode,refname,relatemeta,required,resid,showformula,textrows,ts,validateformula,visible,width)
            values('0001ZZZZ47e850bc2000','0001ZZZZa4f00cfd4a4d','616d6644-e695-4fce-a886-35ddb082cb2a','pk_busitype','1','#111111',null,'~',204,null, null,null,null,null,null,'N',0,null,'N','N','N',null,'N','N','N','refer','业务类型',28,NULL,'','pk_busitype',null,'~',9,'983e015c-c5f8-4c5b-948d-bd4bc54452a6','uap/refer/riart/busitype/index','业务流程',null,'N',null,null,null,'2021-07-19 10:24:42',null,'Y',null);
            go
            insert into pub_form_property(pk_form_property,areaid,classid,code,colnum,color,creationtime,creator,datatype,dataval,defaultvalue,defaultvar,define1,define2,define3,disabled,dr,editformula,hyperlinkflag,iscode,isdefined,ismultiselectedenabled,isnextrow,isrevise,istotal,itemtype,label,maxlength,metadataproperty,metaid,metapath,modifiedtime,modifier,position,proid,refcode,refname,relatemeta,required,resid,showformula,textrows,ts,validateformula,visible,width)
            values('0001ZZZZ47e850bc2001','0001ZZZZa4f00cfd4a4d','616d6644-e695-4fce-a886-35ddb082cb2a','pk_transtype','1','#111111',null,'~',204,null, null,null,null,null,null,'N',0,null,'N','N','N',null,'N','N','N','refer','交易类型',28,'uap.BilltypeVO.billtypename','','pk_transtype',null,'~',13,'59a34581-98f1-4ba4-a4be-42b924f8674c','uap/refer/riart/transtype/index','影响因素交 易类型',null,'N',null,null,null,'2021-07-19 10:24:42',null,'Y',null);
            go
            insert into pub_form_property(pk_form_property,areaid,classid,code,colnum,color,creationtime,creator,datatype,dataval,defaultvalue,defaultvar,define1,define2,define3,disabled,dr,editformula,hyperlinkflag,iscode,isdefined,ismultiselectedenabled,isnextrow,isrevise,istotal,itemtype,label,maxlength,metadataproperty,metaid,metapath,modifiedtime,modifier,position,proid,refcode,refname,relatemeta,required,resid,showformula,textrows,ts,validateformula,visible,width)
            values('0001ZZZZ47e850bc2002','0001ZZZZa4f00cfd4a4d','616d6644-e695-4fce-a886-35ddb082cb2a','transtypecode','1','#111111',null,'~',1,null, null,null,null,null,null,'N',0,null,'N','N','N',null,'N','N','N','input','交易类型编码',28,NULL,'','transtypecode',null,'~',12,'a793cb20-657c-4b03-a5ec-582e4551d13c','/common-ref/','-99',null,'N',null,null,null,'2021-07-19 10:24:42',null,'Y',null);
            go
            insert into pub_form_property(pk_form_property,areaid,classid,code,colnum,color,creationtime,creator,datatype,dataval,defaultvalue,defaultvar,define1,define2,define3,disabled,dr,editformula,hyperlinkflag,iscode,isdefined,ismultiselectedenabled,isnextrow,isrevise,istotal,itemtype,label,maxlength,metadataproperty,metaid,metapath,modifiedtime,modifier,position,proid,refcode,refname,relatemeta,required,resid,showformula,textrows,ts,validateformula,visible,width)
            values('0001ZZZZ716378989ee9','0001ZZZZ6ac36e0bc248','616d6644-e695-4fce-a886-35ddb082cb2a','modifier','1','#111111',null,'~',204,null, null,null,null,null,null,'N',0,null,'N','N','N',null,'N','N','N','refer','修改人',28,'uap.user.user_name','','modifier',null,'~',18,'1cc66dd8-8fc5-4c76-b507-762a17c82e5f','uap/refer/riart/userDefaultRefer/index','用户',null,'N',null,null,null,'2021-07-19 10:24:42',null,'Y',null);
            go
            insert into pub_form_property(pk_form_property,areaid,classid,code,colnum,color,creationtime,creator,datatype,dataval,defaultvalue,defaultvar,define1,define2,define3,disabled,dr,editformula,hyperlinkflag,iscode,isdefined,ismultiselectedenabled,isnextrow,isrevise,istotal,itemtype,label,maxlength,metadataproperty,metaid,metapath,modifiedtime,modifier,position,proid,refcode,refname,relatemeta,required,resid,showformula,textrows,ts,validateformula,visible,width)
            values('0001ZZZZ8e9688405188','0001ZZZZ6ac36e0bc248','616d6644-e695-4fce-a886-35ddb082cb2a','modifiedtime','1','#111111',null,'~',34,null, null,null,null,null,null,'N',0,null,'N','N','N',null,'N','N','N','datetimepicker','修改时间',28,NULL,'','modifiedtime',null,'~',19,'ad937afe-bbdc-4116-bd13-265bbdb513af','/common-ref/','-99',null,'N',null,null,null,'2021-07-19 10:24:42',null,'Y',null);
            go
            insert into pub_form_property(pk_form_property,areaid,classid,code,colnum,color,creationtime,creator,datatype,dataval,defaultvalue,defaultvar,define1,define2,define3,disabled,dr,editformula,hyperlinkflag,iscode,isdefined,ismultiselectedenabled,isnextrow,isrevise,istotal,itemtype,label,maxlength,metadataproperty,metaid,metapath,modifiedtime,modifier,position,proid,refcode,refname,relatemeta,required,resid,showformula,textrows,ts,validateformula,visible,width)
            values('0001ZZZZ8bcb3cd08eb5','0001ZZZZ6ac36e0bc248','616d6644-e695-4fce-a886-35ddb082cb2a','creator','1','#111111',null,'~',204,null, null,null,null,null,null,'N',0,null,'N','N','N',null,'N','N','N','refer','创建人',28,'uap.user.user_name','','creator',null,'~',16,'a3a67299-ae38-4fcf-93db-d926a60d48c2','uap/refer/riart/userDefaultRefer/index','用户',null,'N',null,null,null,'2021-07-19 10:24:42',null,'Y',null);
            go
            insert into pub_form_property(pk_form_property,areaid,classid,code,colnum,color,creationtime,creator,datatype,dataval,defaultvalue,defaultvar,define1,define2,define3,disabled,dr,editformula,hyperlinkflag,iscode,isdefined,ismultiselectedenabled,isnextrow,isrevise,istotal,itemtype,label,maxlength,metadataproperty,metaid,metapath,modifiedtime,modifier,position,proid,refcode,refname,relatemeta,required,resid,showformula,textrows,ts,validateformula,visible,width)
            values('0001ZZZZ162055df8b2e','0001ZZZZ6ac36e0bc248','616d6644-e695-4fce-a886-35ddb082cb2a','creationtime','1','#111111',null,'~',34,null, null,null,null,null,null,'N',0,null,'N','N','N',null,'N','N','N','datetimepicker','创建时间',28,NULL,'','creationtime',null,'~',17,'a84209cf-91f5-46b5-b82c-7bfb4fc65887','/common-ref/','-99',null,'N',null,null,null,'2021-07-19 10:24:42',null,'Y',null);
            go
            insert into pub_form_property(pk_form_property,areaid,classid,code,colnum,color,creationtime,creator,datatype,dataval,defaultvalue,defaultvar,define1,define2,define3,disabled,dr,editformula,hyperlinkflag,iscode,isdefined,ismultiselectedenabled,isnextrow,isrevise,istotal,itemtype,label,maxlength,metadataproperty,metaid,metapath,modifiedtime,modifier,position,proid,refcode,refname,relatemeta,required,resid,showformula,textrows,ts,validateformula,visible,width)
            values('0001ZZZZ47e850bc2007','0001ZZZZa4f00cfd4a4d','616d6644-e695-4fce-a886-35ddb082cb2a','billmaker','1','#111111',null,'~',204,null, null,null,null,null,null,'N',0,null,'N','N','N',null,'N','N','N','refer','制单人',28,'uap.user.user_name','','billmaker',null,'~',14,'94ca8db8-2c2b-4074-b411-2dc57a9d63b0','uap/refer/riart/userDefaultRefer/index','用户',null,'N',null,null,null,'2021-07-19 10:24:42',null,'Y',null);
            go
            insert into pub_form_property(pk_form_property,areaid,classid,code,colnum,color,creationtime,creator,datatype,dataval,defaultvalue,defaultvar,define1,define2,define3,disabled,dr,editformula,hyperlinkflag,iscode,isdefined,ismultiselectedenabled,isnextrow,isrevise,istotal,itemtype,label,maxlength,metadataproperty,metaid,metapath,modifiedtime,modifier,position,proid,refcode,refname,relatemeta,required,resid,showformula,textrows,ts,validateformula,visible,width)
            values('0001ZZZZ47e850bc2008','0001ZZZZa4f00cfd4a4d','616d6644-e695-4fce-a886-35ddb082cb2a','maketime','1','#111111',null,'~',33,null, null,null,null,null,null,'N',0,null,'N','N','N',null,'N','N','N','datepicker','制单时间',28,NULL,'','maketime',null,'~',15,'b91c15f3-3394-493c-b6cb-ba9ed14ca53c','/common-ref/','-99',null,'N',null,null,null,'2021-07-19 10:24:42',null,'Y',null);
            go
            insert into pub_form_property(pk_form_property,areaid,classid,code,colnum,color,creationtime,creator,datatype,dataval,defaultvalue,defaultvar,define1,define2,define3,disabled,dr,editformula,hyperlinkflag,iscode,isdefined,ismultiselectedenabled,isnextrow,isrevise,istotal,itemtype,label,maxlength,metadataproperty,metaid,metapath,modifiedtime,modifier,position,proid,refcode,refname,relatemeta,required,resid,showformula,textrows,ts,validateformula,visible,width)
            values('0001ZZZZ47e850bc2009','0001ZZZZa4f00cfd4a4d','616d6644-e695-4fce-a886-35ddb082cb2a','bill_no','1','#111111',null,'~',1,null, null,null,null,null,null,'Y',0,null,'N','N','N',null,'N','N','N','input','单据号',28,NULL,'','bill_no',null,'~',8,'b151c43f-007d-43ec-8c4a-8befa0d3d04b','/common-ref/','-99',null,'N',null,null,null,'2021-07-19 10:24:42',null,'Y',null);
            go
            insert into pub_form_property(pk_form_property,areaid,classid,code,colnum,color,creationtime,creator,datatype,dataval,defaultvalue,defaultvar,define1,define2,define3,disabled,dr,editformula,hyperlinkflag,iscode,isdefined,ismultiselectedenabled,isnextrow,isrevise,istotal,itemtype,label,maxlength,metadataproperty,metaid,metapath,modifiedtime,modifier,position,proid,refcode,refname,relatemeta,required,resid,showformula,textrows,ts,validateformula,visible,width)
            values('0001ZZZZ47e850bc2010','0001ZZZZa4f00cfd4a4d','616d6644-e695-4fce-a886-35ddb082cb2a','dbilldate','1','#111111',null,'~',33,null, null,null,null,null,null,'N',0,null,'N','N','N',null,'N','N','N','datepicker','单据日期',28,NULL,'','dbilldate',null,'~',6,'5a7f9662-0b40-4a13-ae77-10b5998ee573','/common-ref/','-99',null,'N',null,null,null,'2021-07-19 10:24:42',null,'Y',null);
            go
            insert into pub_form_property(pk_form_property,areaid,classid,code,colnum,color,creationtime,creator,datatype,dataval,defaultvalue,defaultvar,define1,define2,define3,disabled,dr,editformula,hyperlinkflag,iscode,isdefined,ismultiselectedenabled,isnextrow,isrevise,istotal,itemtype,label,maxlength,metadataproperty,metaid,metapath,modifiedtime,modifier,position,proid,refcode,refname,relatemeta,required,resid,showformula,textrows,ts,validateformula,visible,width)
            values('0001ZZZZ47e850bc2011','0001ZZZZa4f00cfd4a4d','616d6644-e695-4fce-a886-35ddb082cb2a','billstatus','1','#111111',null,'~',203,'自由=-1,审批未通过=0,审批通过=1,审批进行中=2,提交=3','-1',null,null,null,null,'Y',0,null,'N','N','N',null,'N','N','N','select','单据状态',28,NULL,'','billstatus',null,'~',7,'08202c29-b689-4bd9-83f5-188171db2fa2','/common-ref/','-99',null,'N',null,null,null,'2021-07-19 10:24:42',null,'Y',null);
            go
            insert into pub_form_property(pk_form_property,areaid,classid,code,colnum,color,creationtime,creator,datatype,dataval,defaultvalue,defaultvar,define1,define2,define3,disabled,dr,editformula,hyperlinkflag,iscode,isdefined,ismultiselectedenabled,isnextrow,isrevise,istotal,itemtype,label,maxlength,metadataproperty,metaid,metapath,modifiedtime,modifier,position,proid,refcode,refname,relatemeta,required,resid,showformula,textrows,ts,validateformula,visible,width)
            values('0001ZZZZ47e850bc2012','0001ZZZZa4f00cfd4a4d','616d6644-e695-4fce-a886-35ddb082cb2a','pk_billtypeid','1','#111111',null,'~',204,null, null,null,null,null,null,'N',0,null,'N','N','N',null,'N','N','N','refer','单据类型',28,'uap.BilltypeVO.billtypename','','pk_billtypeid',null,'~',10,'88ec9c5e-ab1b-4f3a-a37d-c6a1fd497965','uap/refer/riart/billtype/index','影响因素单据类型',null,'N',null,null,null,'2021-07-19 10:24:42',null,'Y',null);
            go
            insert into pub_form_property(pk_form_property,areaid,classid,code,colnum,color,creationtime,creator,datatype,dataval,defaultvalue,defaultvar,define1,define2,define3,disabled,dr,editformula,hyperlinkflag,iscode,isdefined,ismultiselectedenabled,isnextrow,isrevise,istotal,itemtype,label,maxlength,metadataproperty,metaid,metapath,modifiedtime,modifier,position,proid,refcode,refname,relatemeta,required,resid,showformula,textrows,ts,validateformula,visible,width)
            values('0001ZZZZ47e850bc2013','0001ZZZZa4f00cfd4a4d','616d6644-e695-4fce-a886-35ddb082cb2a','billtype','1','#111111',null,'~',1,null, null,null,null,null,null,'N',0,null,'N','N','N',null,'N','N','N','input','单据类型编码',28,NULL,'','billtype',null,'~',11,'9446b0ab-2ddf-4090-92c2-b7a3b6e3649e','/common-ref/','-99',null,'N',null,null,null,'2021-07-19 10:24:42',null,'Y',null);
            go
            insert into pub_form_property(pk_form_property,areaid,classid,code,colnum,color,creationtime,creator,datatype,dataval,defaultvalue,defaultvar,define1,define2,define3,disabled,dr,editformula,hyperlinkflag,iscode,isdefined,ismultiselectedenabled,isnextrow,isrevise,istotal,itemtype,label,maxlength,metadataproperty,metaid,metapath,modifiedtime,modifier,position,proid,refcode,refname,relatemeta,required,resid,showformula,textrows,ts,validateformula,visible,width)
            values('0001ZZZZ47e850bc2014','0001ZZZZa4f00cfd4a4d','616d6644-e695-4fce-a886-35ddb082cb2a','vnote','1','#111111',null,'~',1,null, null,null,null,null,null,'N',0,null,'N','N','N',null,'N','N','N','input','备注',28,NULL,'','vnote',null,'~',24,'d6dff2ec-2acc-41fa-a896-5e591f1e9364','/common-ref/','-99',null,'N',null,null,null,'2021-07-19 10:24:42',null,'Y',null);
            go
            insert into pub_form_property(pk_form_property,areaid,classid,code,colnum,color,creationtime,creator,datatype,dataval,defaultvalue,defaultvar,define1,define2,define3,disabled,dr,editformula,hyperlinkflag,iscode,isdefined,ismultiselectedenabled,isnextrow,isrevise,istotal,itemtype,label,maxlength,metadataproperty,metaid,metapath,modifiedtime,modifier,position,proid,refcode,refname,relatemeta,required,resid,showformula,textrows,ts,validateformula,visible,width)
            values('0001ZZZZ9363ff0bf5a6','0001ZZZZ6ac36e0bc248','616d6644-e695-4fce-a886-35ddb082cb2a','approver','1','#111111',null,'~',204,null, null,null,null,null,null,'N',0,null,'N','N','N',null,'N','N','N','refer','审批人',28,'uap.user.user_name','','approver',null,'~',20,'c3cd1159-46d7-4882-a491-8a55e601997c','uap/refer/riart/userDefaultRefer/index','用户',null,'N',null,null,null,'2021-07-19 10:24:42',null,'Y',null);
            go
            insert into pub_form_property(pk_form_property,areaid,classid,code,colnum,color,creationtime,creator,datatype,dataval,defaultvalue,defaultvar,define1,define2,define3,disabled,dr,editformula,hyperlinkflag,iscode,isdefined,ismultiselectedenabled,isnextrow,isrevise,istotal,itemtype,label,maxlength,metadataproperty,metaid,metapath,modifiedtime,modifier,position,proid,refcode,refname,relatemeta,required,resid,showformula,textrows,ts,validateformula,visible,width)
            values('0001ZZZZ7eca81e8d8d7','0001ZZZZ6ac36e0bc248','616d6644-e695-4fce-a886-35ddb082cb2a','approvenote','1','#111111',null,'~',1,null, null,null,null,null,null,'N',0,null,'N','N','N',null,'N','N','N','input','审批批语',28,NULL,'','approvenote',null,'~',22,'0d720979-3a16-4fb4-923d-541aebeebef7','/common-ref/','-99',null,'N',null,null,null,'2021-07-19 10:24:42',null,'Y',null);
            go
            insert into pub_form_property(pk_form_property,areaid,classid,code,colnum,color,creationtime,creator,datatype,dataval,defaultvalue,defaultvar,define1,define2,define3,disabled,dr,editformula,hyperlinkflag,iscode,isdefined,ismultiselectedenabled,isnextrow,isrevise,istotal,itemtype,label,maxlength,metadataproperty,metaid,metapath,modifiedtime,modifier,position,proid,refcode,refname,relatemeta,required,resid,showformula,textrows,ts,validateformula,visible,width)
            values('0001ZZZZ81726e2931f2','0001ZZZZ6ac36e0bc248','616d6644-e695-4fce-a886-35ddb082cb2a','approvedate','1','#111111',null,'~',34,null, null,null,null,null,null,'N',0,null,'N','N','N',null,'N','N','N','datetimepicker','审批时间',28,NULL,'','approvedate',null,'~',23,'475d9e34-b213-42c0-a643-cc2d92682e58','/common-ref/','-99',null,'N',null,null,null,'2021-07-19 10:24:42',null,'Y',null);
            go
            insert into pub_form_property(pk_form_property,areaid,classid,code,colnum,color,creationtime,creator,datatype,dataval,defaultvalue,defaultvar,define1,define2,define3,disabled,dr,editformula,hyperlinkflag,iscode,isdefined,ismultiselectedenabled,isnextrow,isrevise,istotal,itemtype,label,maxlength,metadataproperty,metaid,metapath,modifiedtime,modifier,position,proid,refcode,refname,relatemeta,required,resid,showformula,textrows,ts,validateformula,visible,width)
            values('0001ZZZZ47e850bc2019','0001ZZZZa4f00cfd4a4d','616d6644-e695-4fce-a886-35ddb082cb2a','approvestatus','1','#111111',null,'~',203,'自由=-1,审批未通过=0,审批通过=1,审批进行中=2,提交=3', null,null,null,null,null,'N',0,null,'N','N','N',null,'N','N','N','select','审批状态',28,NULL,'','approvestatus',null,'~',21,'174b5206-4548-4d63-a43d-3b365b89ef5d','/common-ref/','-99',null,'N',null,null,null,'2021-07-19 10:24:42',null,'Y',null);
            go
            insert into pub_form_property(pk_form_property,areaid,classid,code,colnum,color,creationtime,creator,datatype,dataval,defaultvalue,defaultvar,define1,define2,define3,disabled,dr,editformula,hyperlinkflag,iscode,isdefined,ismultiselectedenabled,isnextrow,isrevise,istotal,itemtype,label,maxlength,metadataproperty,metaid,metapath,modifiedtime,modifier,position,proid,refcode,refname,relatemeta,required,resid,showformula,textrows,ts,validateformula,visible,width)
            values('0001ZZZZ47e850bc2020','0001ZZZZa4f00cfd4a4d','616d6644-e695-4fce-a886-35ddb082cb2a','receiverid','1','#111111',null,'~',1,null, null,null,null,null,null,'N',0,null,'N','N','N',null,'N','N','N','input','接收人身份证号',28,NULL,'','receiverid',null,'~',70,'5da6b397-9154-4555-8cc5-24b18ecd539c','/common-ref/','-99',null,'N',null,null,null,'2021-07-19 10:24:42',null,'Y',null);
            go
            insert into pub_form_property(pk_form_property,areaid,classid,code,colnum,color,creationtime,creator,datatype,dataval,defaultvalue,defaultvar,define1,define2,define3,disabled,dr,editformula,hyperlinkflag,iscode,isdefined,ismultiselectedenabled,isnextrow,isrevise,istotal,itemtype,label,maxlength,metadataproperty,metaid,metapath,modifiedtime,modifier,position,proid,refcode,refname,relatemeta,required,resid,showformula,textrows,ts,validateformula,visible,width)
            values('0001ZZZZ47e850bc2021','0001ZZZZa4f00cfd4a4d','616d6644-e695-4fce-a886-35ddb082cb2a','receivetime','1','#111111',null,'~',33,null, null,null,null,null,null,'N',0,null,'N','N','N',null,'N','N','N','datepicker','推送时间',28,NULL,'','receivetime',null,'~',72,'f6237bf8-f7ad-4aa5-91e5-6e21a03d8cdc','/common-ref/','-99',null,'N',null,null,null,'2021-07-19 10:24:42',null,'Y',null);
            go
            insert into pub_form_property(pk_form_property,areaid,classid,code,colnum,color,creationtime,creator,datatype,dataval,defaultvalue,defaultvar,define1,define2,define3,disabled,dr,editformula,hyperlinkflag,iscode,isdefined,ismultiselectedenabled,isnextrow,isrevise,istotal,itemtype,label,maxlength,metadataproperty,metaid,metapath,modifiedtime,modifier,position,proid,refcode,refname,relatemeta,required,resid,showformula,textrows,ts,validateformula,visible,width)
            values('0001ZZZZ47e850bc2022','0001ZZZZa4f00cfd4a4d','616d6644-e695-4fce-a886-35ddb082cb2a','srctrantype','1','#111111',null,'~',1,null, null,null,null,null,null,'N',0,null,'N','N','N',null,'N','N','N','input','来源交易类型',28,NULL,'','srctrantype',null,'~',31,'62cc468d-8564-48ee-a1c3-142b17ec2540','/common-ref/','-99',null,'N',null,null,null,'2021-07-19 10:24:42',null,'Y',null);
            go
            insert into pub_form_property(pk_form_property,areaid,classid,code,colnum,color,creationtime,creator,datatype,dataval,defaultvalue,defaultvar,define1,define2,define3,disabled,dr,editformula,hyperlinkflag,iscode,isdefined,ismultiselectedenabled,isnextrow,isrevise,istotal,itemtype,label,maxlength,metadataproperty,metaid,metapath,modifiedtime,modifier,position,proid,refcode,refname,relatemeta,required,resid,showformula,textrows,ts,validateformula,visible,width)
            values('0001ZZZZ47e850bc2025','0001ZZZZa4f00cfd4a4d','616d6644-e695-4fce-a886-35ddb082cb2a','srccode','1','#111111',null,'~',1,null, null,null,null,null,null,'N',0,null,'N','N','N',null,'N','N','N','input','来源单据号',28,NULL,'','srccode',null,'~',27,'e7425ff1-3414-4297-884d-7bb5966c341f','/common-ref/','-99',null,'N',null,null,null,'2021-07-19 10:24:42',null,'Y',null);
            go
            insert into pub_form_property(pk_form_property,areaid,classid,code,colnum,color,creationtime,creator,datatype,dataval,defaultvalue,defaultvar,define1,define2,define3,disabled,dr,editformula,hyperlinkflag,iscode,isdefined,ismultiselectedenabled,isnextrow,isrevise,istotal,itemtype,label,maxlength,metadataproperty,metaid,metapath,modifiedtime,modifier,position,proid,refcode,refname,relatemeta,required,resid,showformula,textrows,ts,validateformula,visible,width)
            values('0001ZZZZ47e850bc2027','0001ZZZZa4f00cfd4a4d','616d6644-e695-4fce-a886-35ddb082cb2a','srcbilltype','1','#111111',null,'~',1,null, null,null,null,null,null,'N',0,null,'N','N','N',null,'N','N','N','input','来源单据类型',28,NULL,'','srcbilltype',null,'~',25,'1c8ba4b3-e094-46a2-a983-0a10d6f22f3b','/common-ref/','-99',null,'N',null,null,null,'2021-07-19 10:24:42',null,'Y',null);
            go
            insert into pub_form_property(pk_form_property,areaid,classid,code,colnum,color,creationtime,creator,datatype,dataval,defaultvalue,defaultvar,define1,define2,define3,disabled,dr,editformula,hyperlinkflag,iscode,isdefined,ismultiselectedenabled,isnextrow,isrevise,istotal,itemtype,label,maxlength,metadataproperty,metaid,metapath,modifiedtime,modifier,position,proid,refcode,refname,relatemeta,required,resid,showformula,textrows,ts,validateformula,visible,width)
            values('0001ZZZZ47e850bc2028','0001ZZZZa4f00cfd4a4d','616d6644-e695-4fce-a886-35ddb082cb2a','srcrowno','1','#111111',null,'~',1,null, null,null,null,null,null,'N',0,null,'N','N','N',null,'N','N','N','input','来源单据行号',28,NULL,'','srcrowno',null,'~',30,'65ba9059-73ff-4c0a-b78d-cb5844932368','/common-ref/','-99',null,'N',null,null,null,'2021-07-19 10:24:42',null,'Y',null);
            go
            insert into pub_form_property(pk_form_property,areaid,classid,code,colnum,color,creationtime,creator,datatype,dataval,defaultvalue,defaultvar,define1,define2,define3,disabled,dr,editformula,hyperlinkflag,iscode,isdefined,ismultiselectedenabled,isnextrow,isrevise,istotal,itemtype,label,maxlength,metadataproperty,metaid,metapath,modifiedtime,modifier,position,proid,refcode,refname,relatemeta,required,resid,showformula,textrows,ts,validateformula,visible,width)
            values('0001ZZZZ47e850bc2030','0001ZZZZa4f00cfd4a4d','616d6644-e695-4fce-a886-35ddb082cb2a','msg','1','#111111',null,'~',57,null, null,null,null,null,null,'N',0,null,'N','N','N',null,'N','N','N','refer','消息内容',28,NULL,'','msg',null,'~',71,'5552f479-a7fe-4782-93da-e279d4127e3c','/common-ref/','-99',null,'N',null,null,null,'2021-07-19 10:24:42',null,'Y',null);
            go
            insert into pub_form_property(pk_form_property,areaid,classid,code,colnum,color,creationtime,creator,datatype,dataval,defaultvalue,defaultvar,define1,define2,define3,disabled,dr,editformula,hyperlinkflag,iscode,isdefined,ismultiselectedenabled,isnextrow,isrevise,istotal,itemtype,label,maxlength,metadataproperty,metaid,metapath,modifiedtime,modifier,position,proid,refcode,refname,relatemeta,required,resid,showformula,textrows,ts,validateformula,visible,width)
            values('0001ZZZZ47e850bc2031','0001ZZZZa4f00cfd4a4d','616d6644-e695-4fce-a886-35ddb082cb2a','receiver','1','#111111',null,'~',1,null, null,null,null,null,null,'N',0,null,'N','N','N',null,'N','N','N','input','消息接收人',28,NULL,'','receiver',null,'~',69,'6f2e269f-f53e-4651-b7e5-bf0240180c8c','/common-ref/','-99',null,'N',null,null,null,'2021-07-19 10:24:42',null,'Y',null);
            go
            insert into pub_form_property(pk_form_property,areaid,classid,code,colnum,color,creationtime,creator,datatype,dataval,defaultvalue,defaultvar,define1,define2,define3,disabled,dr,editformula,hyperlinkflag,iscode,isdefined,ismultiselectedenabled,isnextrow,isrevise,istotal,itemtype,label,maxlength,metadataproperty,metaid,metapath,modifiedtime,modifier,position,proid,refcode,refname,relatemeta,required,resid,showformula,textrows,ts,validateformula,visible,width)
            values('0001ZZZZ47e850bc2032','0001ZZZZa4f00cfd4a4d','616d6644-e695-4fce-a886-35ddb082cb2a','receiveport','1','#111111',null,'~',1,null, null,null,null,null,null,'N',0,null,'N','N','N',null,'N','N','N','input','消息接收端',28,NULL,'','receiveport',null,'~',68,'2f65b6f7-c2d6-40e5-8149-e02eebba0030','/common-ref/','-99',null,'N',null,null,null,'2021-07-19 10:24:42',null,'Y',null);
            go
            insert into pub_form_property(pk_form_property,areaid,classid,code,colnum,color,creationtime,creator,datatype,dataval,defaultvalue,defaultvar,define1,define2,define3,disabled,dr,editformula,hyperlinkflag,iscode,isdefined,ismultiselectedenabled,isnextrow,isrevise,istotal,itemtype,label,maxlength,metadataproperty,metaid,metapath,modifiedtime,modifier,position,proid,refcode,refname,relatemeta,required,resid,showformula,textrows,ts,validateformula,visible,width)
            values('0001ZZZZ47e850bc2033','0001ZZZZa4f00cfd4a4d','616d6644-e695-4fce-a886-35ddb082cb2a','vfirsttrantype','1','#111111',null,'~',1,null, null,null,null,null,null,'N',0,null,'N','N','N',null,'N','N','N','input','源头交易类型',28,NULL,'','vfirsttrantype',null,'~',37,'785629c1-8445-496f-99b4-1bfc7ae6fc6b','/common-ref/','-99',null,'N',null,null,null,'2021-07-19 10:24:42',null,'Y',null);
            go
            insert into pub_form_property(pk_form_property,areaid,classid,code,colnum,color,creationtime,creator,datatype,dataval,defaultvalue,defaultvar,define1,define2,define3,disabled,dr,editformula,hyperlinkflag,iscode,isdefined,ismultiselectedenabled,isnextrow,isrevise,istotal,itemtype,label,maxlength,metadataproperty,metaid,metapath,modifiedtime,modifier,position,proid,refcode,refname,relatemeta,required,resid,showformula,textrows,ts,validateformula,visible,width)
            values('0001ZZZZ47e850bc2035','0001ZZZZa4f00cfd4a4d','616d6644-e695-4fce-a886-35ddb082cb2a','vfirstcode','1','#111111',null,'~',1,null, null,null,null,null,null,'N',0,null,'N','N','N',null,'N','N','N','input','源头单据号',28,NULL,'','vfirstcode',null,'~',33,'286c3eea-d56a-47b6-bb6d-05a398fa30eb','/common-ref/','-99',null,'N',null,null,null,'2021-07-19 10:24:42',null,'Y',null);
            go
            insert into pub_form_property(pk_form_property,areaid,classid,code,colnum,color,creationtime,creator,datatype,dataval,defaultvalue,defaultvar,define1,define2,define3,disabled,dr,editformula,hyperlinkflag,iscode,isdefined,ismultiselectedenabled,isnextrow,isrevise,istotal,itemtype,label,maxlength,metadataproperty,metaid,metapath,modifiedtime,modifier,position,proid,refcode,refname,relatemeta,required,resid,showformula,textrows,ts,validateformula,visible,width)
            values('0001ZZZZ47e850bc2037','0001ZZZZa4f00cfd4a4d','616d6644-e695-4fce-a886-35ddb082cb2a','vfirsttype','1','#111111',null,'~',1,null, null,null,null,null,null,'N',0,null,'N','N','N',null,'N','N','N','input','源头单据类型',28,NULL,'','vfirsttype',null,'~',32,'10d078ad-1ec9-4843-8498-de8ecf9f8871','/common-ref/','-99',null,'N',null,null,null,'2021-07-19 10:24:42',null,'Y',null);
            go
            insert into pub_form_property(pk_form_property,areaid,classid,code,colnum,color,creationtime,creator,datatype,dataval,defaultvalue,defaultvar,define1,define2,define3,disabled,dr,editformula,hyperlinkflag,iscode,isdefined,ismultiselectedenabled,isnextrow,isrevise,istotal,itemtype,label,maxlength,metadataproperty,metaid,metapath,modifiedtime,modifier,position,proid,refcode,refname,relatemeta,required,resid,showformula,textrows,ts,validateformula,visible,width)
            values('0001ZZZZ47e850bc2038','0001ZZZZa4f00cfd4a4d','616d6644-e695-4fce-a886-35ddb082cb2a','vfirstrowno','1','#111111',null,'~',1,null, null,null,null,null,null,'N',0,null,'N','N','N',null,'N','N','N','input','源头单据行号',28,NULL,'','vfirstrowno',null,'~',36,'1c81a865-4f66-4b92-b813-997b01a38709','/common-ref/','-99',null,'N',null,null,null,'2021-07-19 10:24:42',null,'Y',null);
            go
            insert into pub_form_property(pk_form_property,areaid,classid,code,colnum,color,creationtime,creator,datatype,dataval,defaultvalue,defaultvar,define1,define2,define3,disabled,dr,editformula,hyperlinkflag,iscode,isdefined,ismultiselectedenabled,isnextrow,isrevise,istotal,itemtype,label,maxlength,metadataproperty,metaid,metapath,modifiedtime,modifier,position,proid,refcode,refname,relatemeta,required,resid,showformula,textrows,ts,validateformula,visible,width)
            values('0001ZZZZ47e850bc2039','0001ZZZZa4f00cfd4a4d','616d6644-e695-4fce-a886-35ddb082cb2a','pk_org','1','#111111',null,'~',204,null, null,null,null,null,null,'N',0,null,'N','N','N',null,'N','N','N','refer','组织',28,'uap.org.name','','pk_org',null,'~',4,'24bfc635-d878-44de-971a-9edbe05abc8a','uapbd/refer/org/BusinessUnitAndDeptTreeRef/index','业务单元及部门',null,'N',null,null,null,'2021-07-19 10:24:42',null,'Y',null);
            go
            insert into pub_form_property(pk_form_property,areaid,classid,code,colnum,color,creationtime,creator,datatype,dataval,defaultvalue,defaultvar,define1,define2,define3,disabled,dr,editformula,hyperlinkflag,iscode,isdefined,ismultiselectedenabled,isnextrow,isrevise,istotal,itemtype,label,maxlength,metadataproperty,metaid,metapath,modifiedtime,modifier,position,proid,refcode,refname,relatemeta,required,resid,showformula,textrows,ts,validateformula,visible,width)
            values('0001ZZZZ47e850bc2040','0001ZZZZa4f00cfd4a4d','616d6644-e695-4fce-a886-35ddb082cb2a','pk_org_v','1','#111111',null,'~',204,null, null,null,null,null,null,'N',0,null,'N','N','N',null,'N','N','N','refer','组织版本',28,NULL,'','pk_org_v',null,'~',5,'8ab2a9dc-93aa-484d-906f-72c7c4a09e12','uapbd/refer/orgv/BusinessUnitVersionDefaultAllTreeRef/index','业务单元版本(所有)',null,'N',null,null,null,'2021-07-19 10:24:42',null,'N',null);
            go
            insert into pub_form_property(pk_form_property,areaid,classid,code,colnum,color,creationtime,creator,datatype,dataval,defaultvalue,defaultvar,define1,define2,define3,disabled,dr,editformula,hyperlinkflag,iscode,isdefined,ismultiselectedenabled,isnextrow,isrevise,istotal,itemtype,label,maxlength,metadataproperty,metaid,metapath,modifiedtime,modifier,position,proid,refcode,refname,relatemeta,required,resid,showformula,textrows,ts,validateformula,visible,width)
            values('0001ZZZZ47e850bc2071','0001ZZZZa4f00cfd4a4d','616d6644-e695-4fce-a886-35ddb082cb2a','pk_group','1','#111111',null,'~',204,null, null,null,null,null,null,'N',0,null,'N','N','N',null,'N','N','N','refer','集团',28,'uap.group.name','','pk_group',null,'~',3,'efbde23d-1ee4-4fd4-82cb-8ff2c2fa13dd','uap/refer/riart/groupTreeRef/index','集团',null,'N',null,null,null,'2021-07-19 10:24:42',null,'Y',null);
            go













            insert into pub_form_property(pk_form_property,areaid,classid,code,colnum,color,creationtime,creator,datatype,dataval,defaultvalue,defaultvar,define1,define2,define3,disabled,dr,editformula,hyperlinkflag,iscode,isdefined,ismultiselectedenabled,isnextrow,isrevise,istotal,itemtype,label,maxlength,metadataproperty,metaid,metapath,modifiedtime,modifier,position,proid,refcode,refname,relatemeta,required,resid,showformula,textrows,ts,validateformula,visible,width)
            values('0001ZZZZ16b999231000','0001ZZZZ6a0188642973','616d6644-e695-4fce-a886-35ddb082cb2a','pk_busitype','1','#111111',null,'~',204,null, null,null,null,null,null,'N',0,null,'N','N','N',null,'N','N','N','refer','业务类型',28,NULL,'','pk_busitype',null,'~',9,'024c732c-184d-435a-a9df-e7e5d71025f0','uap/refer/riart/busitype/index','业务流程',null,'N',null,null,null,'2021-07-19 10:24:42',null,'Y',null);
            go
            insert into pub_form_property(pk_form_property,areaid,classid,code,colnum,color,creationtime,creator,datatype,dataval,defaultvalue,defaultvar,define1,define2,define3,disabled,dr,editformula,hyperlinkflag,iscode,isdefined,ismultiselectedenabled,isnextrow,isrevise,istotal,itemtype,label,maxlength,metadataproperty,metaid,metapath,modifiedtime,modifier,position,proid,refcode,refname,relatemeta,required,resid,showformula,textrows,ts,validateformula,visible,width)
            values('0001ZZZZ16b999231001','0001ZZZZ6a0188642973','616d6644-e695-4fce-a886-35ddb082cb2a','pk_transtype','1','#111111',null,'~',204,null, null,null,null,null,null,'N',0,null,'N','N','N',null,'N','N','N','refer','交易类型',28,'uap.BilltypeVO.billtypename','','pk_transtype',null,'~',13,'4fb6f213-e848-41f2-8c04-f6f519cfbb93','uap/refer/riart/transtype/index','影响因素交 易类型',null,'N',null,null,null,'2021-07-19 10:24:42',null,'Y',null);
            go
            insert into pub_form_property(pk_form_property,areaid,classid,code,colnum,color,creationtime,creator,datatype,dataval,defaultvalue,defaultvar,define1,define2,define3,disabled,dr,editformula,hyperlinkflag,iscode,isdefined,ismultiselectedenabled,isnextrow,isrevise,istotal,itemtype,label,maxlength,metadataproperty,metaid,metapath,modifiedtime,modifier,position,proid,refcode,refname,relatemeta,required,resid,showformula,textrows,ts,validateformula,visible,width)
            values('0001ZZZZ16b999231002','0001ZZZZ6a0188642973','616d6644-e695-4fce-a886-35ddb082cb2a','transtypecode','1','#111111',null,'~',1,null, null,null,null,null,null,'N',0,null,'N','N','N',null,'N','N','N','input','交易类型编码',28,NULL,'','transtypecode',null,'~',12,'943e668a-1a94-49cd-850e-5ea0b7021d07','/common-ref/','-99',null,'N',null,null,null,'2021-07-19 10:24:42',null,'Y',null);
            go
            insert into pub_form_property(pk_form_property,areaid,classid,code,colnum,color,creationtime,creator,datatype,dataval,defaultvalue,defaultvar,define1,define2,define3,disabled,dr,editformula,hyperlinkflag,iscode,isdefined,ismultiselectedenabled,isnextrow,isrevise,istotal,itemtype,label,maxlength,metadataproperty,metaid,metapath,modifiedtime,modifier,position,proid,refcode,refname,relatemeta,required,resid,showformula,textrows,ts,validateformula,visible,width)
            values('0001ZZZZe7ca40188cec','0001ZZZZ42e3822f0939','616d6644-e695-4fce-a886-35ddb082cb2a','modifier','1','#111111',null,'~',204,null, null,null,null,null,null,'N',0,null,'N','N','N',null,'N','N','N','refer','修改人',28,'uap.user.user_name','','modifier',null,'~',18,'5c98a5ce-9372-4453-ac36-ff69d86fb26f','uap/refer/riart/userDefaultRefer/index','用户',null,'N',null,null,null,'2021-07-19 10:24:42',null,'Y',null);
            go
            insert into pub_form_property(pk_form_property,areaid,classid,code,colnum,color,creationtime,creator,datatype,dataval,defaultvalue,defaultvar,define1,define2,define3,disabled,dr,editformula,hyperlinkflag,iscode,isdefined,ismultiselectedenabled,isnextrow,isrevise,istotal,itemtype,label,maxlength,metadataproperty,metaid,metapath,modifiedtime,modifier,position,proid,refcode,refname,relatemeta,required,resid,showformula,textrows,ts,validateformula,visible,width)
            values('0001ZZZZ5b4fb592e59e','0001ZZZZ42e3822f0939','616d6644-e695-4fce-a886-35ddb082cb2a','modifiedtime','1','#111111',null,'~',34,null, null,null,null,null,null,'N',0,null,'N','N','N',null,'N','N','N','datetimepicker','修改时间',28,NULL,'','modifiedtime',null,'~',19,'0b562866-36e2-49f4-bdf8-7eb2e1a6cb54','/common-ref/','-99',null,'N',null,null,null,'2021-07-19 10:24:42',null,'Y',null);
            go
            insert into pub_form_property(pk_form_property,areaid,classid,code,colnum,color,creationtime,creator,datatype,dataval,defaultvalue,defaultvar,define1,define2,define3,disabled,dr,editformula,hyperlinkflag,iscode,isdefined,ismultiselectedenabled,isnextrow,isrevise,istotal,itemtype,label,maxlength,metadataproperty,metaid,metapath,modifiedtime,modifier,position,proid,refcode,refname,relatemeta,required,resid,showformula,textrows,ts,validateformula,visible,width)
            values('0001ZZZZa76d57b0a64f','0001ZZZZ42e3822f0939','616d6644-e695-4fce-a886-35ddb082cb2a','creator','1','#111111',null,'~',204,null, null,null,null,null,null,'N',0,null,'N','N','N',null,'N','N','N','refer','创建人',28,'uap.user.user_name','','creator',null,'~',16,'30fa1882-8f59-493e-8933-8bdc45d25edf','uap/refer/riart/userDefaultRefer/index','用户',null,'N',null,null,null,'2021-07-19 10:24:42',null,'Y',null);
            go
            insert into pub_form_property(pk_form_property,areaid,classid,code,colnum,color,creationtime,creator,datatype,dataval,defaultvalue,defaultvar,define1,define2,define3,disabled,dr,editformula,hyperlinkflag,iscode,isdefined,ismultiselectedenabled,isnextrow,isrevise,istotal,itemtype,label,maxlength,metadataproperty,metaid,metapath,modifiedtime,modifier,position,proid,refcode,refname,relatemeta,required,resid,showformula,textrows,ts,validateformula,visible,width)
            values('0001ZZZZff6014d33bde','0001ZZZZ42e3822f0939','616d6644-e695-4fce-a886-35ddb082cb2a','creationtime','1','#111111',null,'~',34,null, null,null,null,null,null,'N',0,null,'N','N','N',null,'N','N','N','datetimepicker','创建时间',28,NULL,'','creationtime',null,'~',17,'d204a8d6-7f54-446f-9293-597d2fe37bd8','/common-ref/','-99',null,'N',null,null,null,'2021-07-19 10:24:42',null,'Y',null);
            go
            insert into pub_form_property(pk_form_property,areaid,classid,code,colnum,color,creationtime,creator,datatype,dataval,defaultvalue,defaultvar,define1,define2,define3,disabled,dr,editformula,hyperlinkflag,iscode,isdefined,ismultiselectedenabled,isnextrow,isrevise,istotal,itemtype,label,maxlength,metadataproperty,metaid,metapath,modifiedtime,modifier,position,proid,refcode,refname,relatemeta,required,resid,showformula,textrows,ts,validateformula,visible,width)
            values('0001ZZZZ16b999231007','0001ZZZZ6a0188642973','616d6644-e695-4fce-a886-35ddb082cb2a','billmaker','1','#111111',null,'~',204,null, null,null,null,null,null,'N',0,null,'N','N','N',null,'N','N','N','refer','制单人',28,'uap.user.user_name','','billmaker',null,'~',14,'d33030d3-5647-41cb-a3a7-b1b396ed42e0','uap/refer/riart/userDefaultRefer/index','用户',null,'N',null,null,null,'2021-07-19 10:24:42',null,'Y',null);
            go
            insert into pub_form_property(pk_form_property,areaid,classid,code,colnum,color,creationtime,creator,datatype,dataval,defaultvalue,defaultvar,define1,define2,define3,disabled,dr,editformula,hyperlinkflag,iscode,isdefined,ismultiselectedenabled,isnextrow,isrevise,istotal,itemtype,label,maxlength,metadataproperty,metaid,metapath,modifiedtime,modifier,position,proid,refcode,refname,relatemeta,required,resid,showformula,textrows,ts,validateformula,visible,width)
            values('0001ZZZZ16b999231008','0001ZZZZ6a0188642973','616d6644-e695-4fce-a886-35ddb082cb2a','maketime','1','#111111',null,'~',33,null, null,null,null,null,null,'N',0,null,'N','N','N',null,'N','N','N','datepicker','制单时间',28,NULL,'','maketime',null,'~',15,'6538d4ca-8b82-4a8a-9e7f-7ced747a761c','/common-ref/','-99',null,'N',null,null,null,'2021-07-19 10:24:42',null,'Y',null);
            go
            insert into pub_form_property(pk_form_property,areaid,classid,code,colnum,color,creationtime,creator,datatype,dataval,defaultvalue,defaultvar,define1,define2,define3,disabled,dr,editformula,hyperlinkflag,iscode,isdefined,ismultiselectedenabled,isnextrow,isrevise,istotal,itemtype,label,maxlength,metadataproperty,metaid,metapath,modifiedtime,modifier,position,proid,refcode,refname,relatemeta,required,resid,showformula,textrows,ts,validateformula,visible,width)
            values('0001ZZZZ16b999231009','0001ZZZZ6a0188642973','616d6644-e695-4fce-a886-35ddb082cb2a','bill_no','1','#111111',null,'~',1,null, null,null,null,null,null,'Y',0,null,'N','N','N',null,'N','N','N','input','单据号',28,NULL,'','bill_no',null,'~',8,'6ba29632-eb35-434e-ae3f-8a4e8b4a5eb6','/common-ref/','-99',null,'N',null,null,null,'2021-07-19 10:24:42',null,'Y',null);
            go
            insert into pub_form_property(pk_form_property,areaid,classid,code,colnum,color,creationtime,creator,datatype,dataval,defaultvalue,defaultvar,define1,define2,define3,disabled,dr,editformula,hyperlinkflag,iscode,isdefined,ismultiselectedenabled,isnextrow,isrevise,istotal,itemtype,label,maxlength,metadataproperty,metaid,metapath,modifiedtime,modifier,position,proid,refcode,refname,relatemeta,required,resid,showformula,textrows,ts,validateformula,visible,width)
            values('0001ZZZZ16b999231010','0001ZZZZ6a0188642973','616d6644-e695-4fce-a886-35ddb082cb2a','dbilldate','1','#111111',null,'~',33,null, null,null,null,null,null,'N',0,null,'N','N','N',null,'N','N','N','datepicker','单据日期',28,NULL,'','dbilldate',null,'~',6,'82ead59f-d0cf-4d77-85ca-73c8b93e104d','/common-ref/','-99',null,'N',null,null,null,'2021-07-19 10:24:42',null,'Y',null);
            go
            insert into pub_form_property(pk_form_property,areaid,classid,code,colnum,color,creationtime,creator,datatype,dataval,defaultvalue,defaultvar,define1,define2,define3,disabled,dr,editformula,hyperlinkflag,iscode,isdefined,ismultiselectedenabled,isnextrow,isrevise,istotal,itemtype,label,maxlength,metadataproperty,metaid,metapath,modifiedtime,modifier,position,proid,refcode,refname,relatemeta,required,resid,showformula,textrows,ts,validateformula,visible,width)
            values('0001ZZZZ16b999231011','0001ZZZZ6a0188642973','616d6644-e695-4fce-a886-35ddb082cb2a','billstatus','1','#111111',null,'~',203,'自由=-1,审批未通过=0,审批通过=1,审批进行中=2,提交=3','-1',null,null,null,null,'Y',0,null,'N','N','N',null,'N','N','N','select','单据状态',28,NULL,'','billstatus',null,'~',7,'2c91fe2c-1033-4f88-aed8-4d328fdc8082','/common-ref/','-99',null,'N',null,null,null,'2021-07-19 10:24:42',null,'Y',null);
            go
            insert into pub_form_property(pk_form_property,areaid,classid,code,colnum,color,creationtime,creator,datatype,dataval,defaultvalue,defaultvar,define1,define2,define3,disabled,dr,editformula,hyperlinkflag,iscode,isdefined,ismultiselectedenabled,isnextrow,isrevise,istotal,itemtype,label,maxlength,metadataproperty,metaid,metapath,modifiedtime,modifier,position,proid,refcode,refname,relatemeta,required,resid,showformula,textrows,ts,validateformula,visible,width)
            values('0001ZZZZ16b999231012','0001ZZZZ6a0188642973','616d6644-e695-4fce-a886-35ddb082cb2a','pk_billtypeid','1','#111111',null,'~',204,null, null,null,null,null,null,'N',0,null,'N','N','N',null,'N','N','N','refer','单据类型',28,'uap.BilltypeVO.billtypename','','pk_billtypeid',null,'~',10,'ccd9707d-2e1c-4435-9607-08d28121ab49','uap/refer/riart/billtype/index','影响因素单据类型',null,'N',null,null,null,'2021-07-19 10:24:42',null,'Y',null);
            go
            insert into pub_form_property(pk_form_property,areaid,classid,code,colnum,color,creationtime,creator,datatype,dataval,defaultvalue,defaultvar,define1,define2,define3,disabled,dr,editformula,hyperlinkflag,iscode,isdefined,ismultiselectedenabled,isnextrow,isrevise,istotal,itemtype,label,maxlength,metadataproperty,metaid,metapath,modifiedtime,modifier,position,proid,refcode,refname,relatemeta,required,resid,showformula,textrows,ts,validateformula,visible,width)
            values('0001ZZZZ16b999231013','0001ZZZZ6a0188642973','616d6644-e695-4fce-a886-35ddb082cb2a','billtype','1','#111111',null,'~',1,null, null,null,null,null,null,'N',0,null,'N','N','N',null,'N','N','N','input','单据类型编码',28,NULL,'','billtype',null,'~',11,'587650e1-435d-430d-b9d9-fa218c3a81f6','/common-ref/','-99',null,'N',null,null,null,'2021-07-19 10:24:42',null,'Y',null);
            go
            insert into pub_form_property(pk_form_property,areaid,classid,code,colnum,color,creationtime,creator,datatype,dataval,defaultvalue,defaultvar,define1,define2,define3,disabled,dr,editformula,hyperlinkflag,iscode,isdefined,ismultiselectedenabled,isnextrow,isrevise,istotal,itemtype,label,maxlength,metadataproperty,metaid,metapath,modifiedtime,modifier,position,proid,refcode,refname,relatemeta,required,resid,showformula,textrows,ts,validateformula,visible,width)
            values('0001ZZZZ16b999231014','0001ZZZZ6a0188642973','616d6644-e695-4fce-a886-35ddb082cb2a','vnote','1','#111111',null,'~',1,null, null,null,null,null,null,'N',0,null,'N','N','N',null,'N','N','N','input','备注',28,NULL,'','vnote',null,'~',24,'cf671562-e3fc-4753-98e0-2178465af65f','/common-ref/','-99',null,'N',null,null,null,'2021-07-19 10:24:42',null,'Y',null);
            go
            insert into pub_form_property(pk_form_property,areaid,classid,code,colnum,color,creationtime,creator,datatype,dataval,defaultvalue,defaultvar,define1,define2,define3,disabled,dr,editformula,hyperlinkflag,iscode,isdefined,ismultiselectedenabled,isnextrow,isrevise,istotal,itemtype,label,maxlength,metadataproperty,metaid,metapath,modifiedtime,modifier,position,proid,refcode,refname,relatemeta,required,resid,showformula,textrows,ts,validateformula,visible,width)
            values('0001ZZZZb05afe3822d7','0001ZZZZ42e3822f0939','616d6644-e695-4fce-a886-35ddb082cb2a','approver','1','#111111',null,'~',204,null, null,null,null,null,null,'N',0,null,'N','N','N',null,'N','N','N','refer','审批人',28,'uap.user.user_name','','approver',null,'~',20,'ecb334b8-4ac4-468e-ad0d-a6ed7973ce2b','uap/refer/riart/userDefaultRefer/index','用户',null,'N',null,null,null,'2021-07-19 10:24:42',null,'Y',null);
            go
            insert into pub_form_property(pk_form_property,areaid,classid,code,colnum,color,creationtime,creator,datatype,dataval,defaultvalue,defaultvar,define1,define2,define3,disabled,dr,editformula,hyperlinkflag,iscode,isdefined,ismultiselectedenabled,isnextrow,isrevise,istotal,itemtype,label,maxlength,metadataproperty,metaid,metapath,modifiedtime,modifier,position,proid,refcode,refname,relatemeta,required,resid,showformula,textrows,ts,validateformula,visible,width)
            values('0001ZZZZ789288a6bbd9','0001ZZZZ42e3822f0939','616d6644-e695-4fce-a886-35ddb082cb2a','approvenote','1','#111111',null,'~',1,null, null,null,null,null,null,'N',0,null,'N','N','N',null,'N','N','N','input','审批批语',28,NULL,'','approvenote',null,'~',22,'09165305-dfe6-4903-bd2c-52b27a6e4f88','/common-ref/','-99',null,'N',null,null,null,'2021-07-19 10:24:42',null,'Y',null);
            go
            insert into pub_form_property(pk_form_property,areaid,classid,code,colnum,color,creationtime,creator,datatype,dataval,defaultvalue,defaultvar,define1,define2,define3,disabled,dr,editformula,hyperlinkflag,iscode,isdefined,ismultiselectedenabled,isnextrow,isrevise,istotal,itemtype,label,maxlength,metadataproperty,metaid,metapath,modifiedtime,modifier,position,proid,refcode,refname,relatemeta,required,resid,showformula,textrows,ts,validateformula,visible,width)
            values('0001ZZZZ1e63bfad2da5','0001ZZZZ42e3822f0939','616d6644-e695-4fce-a886-35ddb082cb2a','approvedate','1','#111111',null,'~',34,null, null,null,null,null,null,'N',0,null,'N','N','N',null,'N','N','N','datetimepicker','审批时间',28,NULL,'','approvedate',null,'~',23,'244b3598-89f3-4afd-96ba-afbf89677c07','/common-ref/','-99',null,'N',null,null,null,'2021-07-19 10:24:42',null,'Y',null);
            go
            insert into pub_form_property(pk_form_property,areaid,classid,code,colnum,color,creationtime,creator,datatype,dataval,defaultvalue,defaultvar,define1,define2,define3,disabled,dr,editformula,hyperlinkflag,iscode,isdefined,ismultiselectedenabled,isnextrow,isrevise,istotal,itemtype,label,maxlength,metadataproperty,metaid,metapath,modifiedtime,modifier,position,proid,refcode,refname,relatemeta,required,resid,showformula,textrows,ts,validateformula,visible,width)
            values('0001ZZZZ16b999231019','0001ZZZZ6a0188642973','616d6644-e695-4fce-a886-35ddb082cb2a','approvestatus','1','#111111',null,'~',203,'自由=-1,审批未通过=0,审批通过=1,审批进行中=2,提交=3', null,null,null,null,null,'N',0,null,'N','N','N',null,'N','N','N','select','审批状态',28,NULL,'','approvestatus',null,'~',21,'6f7b26b3-280d-4b1d-a49c-771a4e2419fc','/common-ref/','-99',null,'N',null,null,null,'2021-07-19 10:24:42',null,'Y',null);
            go
            insert into pub_form_property(pk_form_property,areaid,classid,code,colnum,color,creationtime,creator,datatype,dataval,defaultvalue,defaultvar,define1,define2,define3,disabled,dr,editformula,hyperlinkflag,iscode,isdefined,ismultiselectedenabled,isnextrow,isrevise,istotal,itemtype,label,maxlength,metadataproperty,metaid,metapath,modifiedtime,modifier,position,proid,refcode,refname,relatemeta,required,resid,showformula,textrows,ts,validateformula,visible,width)
            values('0001ZZZZ16b999231020','0001ZZZZ6a0188642973','616d6644-e695-4fce-a886-35ddb082cb2a','receiverid','1','#111111',null,'~',1,null, null,null,null,null,null,'N',0,null,'N','N','N',null,'N','N','N','input','接收人身份证号',28,NULL,'','receiverid',null,'~',70,'e68845aa-b095-46e6-b510-8b93fedc4927','/common-ref/','-99',null,'N',null,null,null,'2021-07-19 10:24:42',null,'Y',null);
            go
            insert into pub_form_property(pk_form_property,areaid,classid,code,colnum,color,creationtime,creator,datatype,dataval,defaultvalue,defaultvar,define1,define2,define3,disabled,dr,editformula,hyperlinkflag,iscode,isdefined,ismultiselectedenabled,isnextrow,isrevise,istotal,itemtype,label,maxlength,metadataproperty,metaid,metapath,modifiedtime,modifier,position,proid,refcode,refname,relatemeta,required,resid,showformula,textrows,ts,validateformula,visible,width)
            values('0001ZZZZ16b999231021','0001ZZZZ6a0188642973','616d6644-e695-4fce-a886-35ddb082cb2a','receivetime','1','#111111',null,'~',33,null, null,null,null,null,null,'N',0,null,'N','N','N',null,'N','N','N','datepicker','推送时间',28,NULL,'','receivetime',null,'~',72,'1e70e654-e5e2-474d-8951-62fde12cced5','/common-ref/','-99',null,'N',null,null,null,'2021-07-19 10:24:42',null,'Y',null);
            go
            insert into pub_form_property(pk_form_property,areaid,classid,code,colnum,color,creationtime,creator,datatype,dataval,defaultvalue,defaultvar,define1,define2,define3,disabled,dr,editformula,hyperlinkflag,iscode,isdefined,ismultiselectedenabled,isnextrow,isrevise,istotal,itemtype,label,maxlength,metadataproperty,metaid,metapath,modifiedtime,modifier,position,proid,refcode,refname,relatemeta,required,resid,showformula,textrows,ts,validateformula,visible,width)
            values('0001ZZZZ16b999231022','0001ZZZZ6a0188642973','616d6644-e695-4fce-a886-35ddb082cb2a','srctrantype','1','#111111',null,'~',1,null, null,null,null,null,null,'N',0,null,'N','N','N',null,'N','N','N','input','来源交易类型',28,NULL,'','srctrantype',null,'~',31,'b5467edf-5cef-4a2c-ad9c-6b47de6bb65d','/common-ref/','-99',null,'N',null,null,null,'2021-07-19 10:24:42',null,'Y',null);
            go
            insert into pub_form_property(pk_form_property,areaid,classid,code,colnum,color,creationtime,creator,datatype,dataval,defaultvalue,defaultvar,define1,define2,define3,disabled,dr,editformula,hyperlinkflag,iscode,isdefined,ismultiselectedenabled,isnextrow,isrevise,istotal,itemtype,label,maxlength,metadataproperty,metaid,metapath,modifiedtime,modifier,position,proid,refcode,refname,relatemeta,required,resid,showformula,textrows,ts,validateformula,visible,width)
            values('0001ZZZZ16b999231025','0001ZZZZ6a0188642973','616d6644-e695-4fce-a886-35ddb082cb2a','srccode','1','#111111',null,'~',1,null, null,null,null,null,null,'N',0,null,'N','N','N',null,'N','N','N','input','来源单据号',28,NULL,'','srccode',null,'~',27,'b151f0c1-b6bb-46ba-98df-a1a9e4a149d4','/common-ref/','-99',null,'N',null,null,null,'2021-07-19 10:24:42',null,'Y',null);
            go
            insert into pub_form_property(pk_form_property,areaid,classid,code,colnum,color,creationtime,creator,datatype,dataval,defaultvalue,defaultvar,define1,define2,define3,disabled,dr,editformula,hyperlinkflag,iscode,isdefined,ismultiselectedenabled,isnextrow,isrevise,istotal,itemtype,label,maxlength,metadataproperty,metaid,metapath,modifiedtime,modifier,position,proid,refcode,refname,relatemeta,required,resid,showformula,textrows,ts,validateformula,visible,width)
            values('0001ZZZZ16b999231027','0001ZZZZ6a0188642973','616d6644-e695-4fce-a886-35ddb082cb2a','srcbilltype','1','#111111',null,'~',1,null, null,null,null,null,null,'N',0,null,'N','N','N',null,'N','N','N','input','来源单据类型',28,NULL,'','srcbilltype',null,'~',25,'aa97d777-6fe8-478a-bab4-359bed176e05','/common-ref/','-99',null,'N',null,null,null,'2021-07-19 10:24:42',null,'Y',null);
            go
            insert into pub_form_property(pk_form_property,areaid,classid,code,colnum,color,creationtime,creator,datatype,dataval,defaultvalue,defaultvar,define1,define2,define3,disabled,dr,editformula,hyperlinkflag,iscode,isdefined,ismultiselectedenabled,isnextrow,isrevise,istotal,itemtype,label,maxlength,metadataproperty,metaid,metapath,modifiedtime,modifier,position,proid,refcode,refname,relatemeta,required,resid,showformula,textrows,ts,validateformula,visible,width)
            values('0001ZZZZ16b999231028','0001ZZZZ6a0188642973','616d6644-e695-4fce-a886-35ddb082cb2a','srcrowno','1','#111111',null,'~',1,null, null,null,null,null,null,'N',0,null,'N','N','N',null,'N','N','N','input','来源单据行号',28,NULL,'','srcrowno',null,'~',30,'851a6a79-8772-48e6-87b2-8e6a7299d867','/common-ref/','-99',null,'N',null,null,null,'2021-07-19 10:24:42',null,'Y',null);
            go
            insert into pub_form_property(pk_form_property,areaid,classid,code,colnum,color,creationtime,creator,datatype,dataval,defaultvalue,defaultvar,define1,define2,define3,disabled,dr,editformula,hyperlinkflag,iscode,isdefined,ismultiselectedenabled,isnextrow,isrevise,istotal,itemtype,label,maxlength,metadataproperty,metaid,metapath,modifiedtime,modifier,position,proid,refcode,refname,relatemeta,required,resid,showformula,textrows,ts,validateformula,visible,width)
            values('0001ZZZZ16b999231030','0001ZZZZ6a0188642973','616d6644-e695-4fce-a886-35ddb082cb2a','msg','1','#111111',null,'~',57,null, null,null,null,null,null,'N',0,null,'N','N','N',null,'N','N','N','refer','消息内容',28,NULL,'','msg',null,'~',71,'6828f38f-b42e-463f-b9bf-9bfd4a5f7237','/common-ref/','-99',null,'N',null,null,null,'2021-07-19 10:24:42',null,'Y',null);
            go
            insert into pub_form_property(pk_form_property,areaid,classid,code,colnum,color,creationtime,creator,datatype,dataval,defaultvalue,defaultvar,define1,define2,define3,disabled,dr,editformula,hyperlinkflag,iscode,isdefined,ismultiselectedenabled,isnextrow,isrevise,istotal,itemtype,label,maxlength,metadataproperty,metaid,metapath,modifiedtime,modifier,position,proid,refcode,refname,relatemeta,required,resid,showformula,textrows,ts,validateformula,visible,width)
            values('0001ZZZZ16b999231031','0001ZZZZ6a0188642973','616d6644-e695-4fce-a886-35ddb082cb2a','receiver','1','#111111',null,'~',1,null, null,null,null,null,null,'N',0,null,'N','N','N',null,'N','N','N','input','消息接收人',28,NULL,'','receiver',null,'~',69,'ee1e5447-5370-4e1c-b37c-34730894b9a0','/common-ref/','-99',null,'N',null,null,null,'2021-07-19 10:24:42',null,'Y',null);
            go
            insert into pub_form_property(pk_form_property,areaid,classid,code,colnum,color,creationtime,creator,datatype,dataval,defaultvalue,defaultvar,define1,define2,define3,disabled,dr,editformula,hyperlinkflag,iscode,isdefined,ismultiselectedenabled,isnextrow,isrevise,istotal,itemtype,label,maxlength,metadataproperty,metaid,metapath,modifiedtime,modifier,position,proid,refcode,refname,relatemeta,required,resid,showformula,textrows,ts,validateformula,visible,width)
            values('0001ZZZZ16b999231032','0001ZZZZ6a0188642973','616d6644-e695-4fce-a886-35ddb082cb2a','receiveport','1','#111111',null,'~',1,null, null,null,null,null,null,'N',0,null,'N','N','N',null,'N','N','N','input','消息接收端',28,NULL,'','receiveport',null,'~',68,'88236918-1b80-4ae4-b2f2-4d5398a7e1f4','/common-ref/','-99',null,'N',null,null,null,'2021-07-19 10:24:42',null,'Y',null);
            go
            insert into pub_form_property(pk_form_property,areaid,classid,code,colnum,color,creationtime,creator,datatype,dataval,defaultvalue,defaultvar,define1,define2,define3,disabled,dr,editformula,hyperlinkflag,iscode,isdefined,ismultiselectedenabled,isnextrow,isrevise,istotal,itemtype,label,maxlength,metadataproperty,metaid,metapath,modifiedtime,modifier,position,proid,refcode,refname,relatemeta,required,resid,showformula,textrows,ts,validateformula,visible,width)
            values('0001ZZZZ16b999231033','0001ZZZZ6a0188642973','616d6644-e695-4fce-a886-35ddb082cb2a','vfirsttrantype','1','#111111',null,'~',1,null, null,null,null,null,null,'N',0,null,'N','N','N',null,'N','N','N','input','源头交易类型',28,NULL,'','vfirsttrantype',null,'~',37,'4e5fec7e-9e3c-4d43-b451-9328f2be15de','/common-ref/','-99',null,'N',null,null,null,'2021-07-19 10:24:42',null,'Y',null);
            go
            insert into pub_form_property(pk_form_property,areaid,classid,code,colnum,color,creationtime,creator,datatype,dataval,defaultvalue,defaultvar,define1,define2,define3,disabled,dr,editformula,hyperlinkflag,iscode,isdefined,ismultiselectedenabled,isnextrow,isrevise,istotal,itemtype,label,maxlength,metadataproperty,metaid,metapath,modifiedtime,modifier,position,proid,refcode,refname,relatemeta,required,resid,showformula,textrows,ts,validateformula,visible,width)
            values('0001ZZZZ16b999231035','0001ZZZZ6a0188642973','616d6644-e695-4fce-a886-35ddb082cb2a','vfirstcode','1','#111111',null,'~',1,null, null,null,null,null,null,'N',0,null,'N','N','N',null,'N','N','N','input','源头单据号',28,NULL,'','vfirstcode',null,'~',33,'e55c8be0-940b-468d-8e8d-87ae58d01e9f','/common-ref/','-99',null,'N',null,null,null,'2021-07-19 10:24:42',null,'Y',null);
            go
            insert into pub_form_property(pk_form_property,areaid,classid,code,colnum,color,creationtime,creator,datatype,dataval,defaultvalue,defaultvar,define1,define2,define3,disabled,dr,editformula,hyperlinkflag,iscode,isdefined,ismultiselectedenabled,isnextrow,isrevise,istotal,itemtype,label,maxlength,metadataproperty,metaid,metapath,modifiedtime,modifier,position,proid,refcode,refname,relatemeta,required,resid,showformula,textrows,ts,validateformula,visible,width)
            values('0001ZZZZ16b999231037','0001ZZZZ6a0188642973','616d6644-e695-4fce-a886-35ddb082cb2a','vfirsttype','1','#111111',null,'~',1,null, null,null,null,null,null,'N',0,null,'N','N','N',null,'N','N','N','input','源头单据类型',28,NULL,'','vfirsttype',null,'~',32,'4c9da825-6782-4e20-87d9-21bed3f516ce','/common-ref/','-99',null,'N',null,null,null,'2021-07-19 10:24:42',null,'Y',null);
            go
            insert into pub_form_property(pk_form_property,areaid,classid,code,colnum,color,creationtime,creator,datatype,dataval,defaultvalue,defaultvar,define1,define2,define3,disabled,dr,editformula,hyperlinkflag,iscode,isdefined,ismultiselectedenabled,isnextrow,isrevise,istotal,itemtype,label,maxlength,metadataproperty,metaid,metapath,modifiedtime,modifier,position,proid,refcode,refname,relatemeta,required,resid,showformula,textrows,ts,validateformula,visible,width)
            values('0001ZZZZ16b999231038','0001ZZZZ6a0188642973','616d6644-e695-4fce-a886-35ddb082cb2a','vfirstrowno','1','#111111',null,'~',1,null, null,null,null,null,null,'N',0,null,'N','N','N',null,'N','N','N','input','源头单据行号',28,NULL,'','vfirstrowno',null,'~',36,'34df0021-8147-4af4-9376-520f0af2f491','/common-ref/','-99',null,'N',null,null,null,'2021-07-19 10:24:42',null,'Y',null);
            go
            insert into pub_form_property(pk_form_property,areaid,classid,code,colnum,color,creationtime,creator,datatype,dataval,defaultvalue,defaultvar,define1,define2,define3,disabled,dr,editformula,hyperlinkflag,iscode,isdefined,ismultiselectedenabled,isnextrow,isrevise,istotal,itemtype,label,maxlength,metadataproperty,metaid,metapath,modifiedtime,modifier,position,proid,refcode,refname,relatemeta,required,resid,showformula,textrows,ts,validateformula,visible,width)
            values('0001ZZZZ16b999231039','0001ZZZZ6a0188642973','616d6644-e695-4fce-a886-35ddb082cb2a','pk_org','1','#111111',null,'~',204,null, null,null,null,null,null,'N',0,null,'N','N','N',null,'N','N','N','refer','组织',28,'uap.org.name','','pk_org',null,'~',4,'4b9d5470-0f7b-4a51-9482-3fb7dd45d0e3','uapbd/refer/org/BusinessUnitAndDeptTreeRef/index','业务单元及部门',null,'N',null,null,null,'2021-07-19 10:24:42',null,'Y',null);
            go
            insert into pub_form_property(pk_form_property,areaid,classid,code,colnum,color,creationtime,creator,datatype,dataval,defaultvalue,defaultvar,define1,define2,define3,disabled,dr,editformula,hyperlinkflag,iscode,isdefined,ismultiselectedenabled,isnextrow,isrevise,istotal,itemtype,label,maxlength,metadataproperty,metaid,metapath,modifiedtime,modifier,position,proid,refcode,refname,relatemeta,required,resid,showformula,textrows,ts,validateformula,visible,width)
            values('0001ZZZZ16b999231040','0001ZZZZ6a0188642973','616d6644-e695-4fce-a886-35ddb082cb2a','pk_org_v','1','#111111',null,'~',204,null, null,null,null,null,null,'N',0,null,'N','N','N',null,'N','N','N','refer','组织版本',28,NULL,'','pk_org_v',null,'~',5,'ba30b614-4357-459a-90b2-f1e56554eb10','uapbd/refer/orgv/BusinessUnitVersionDefaultAllTreeRef/index','业务单元版本(所有)',null,'N',null,null,null,'2021-07-19 10:24:42',null,'N',null);
            go
            insert into pub_form_property(pk_form_property,areaid,classid,code,colnum,color,creationtime,creator,datatype,dataval,defaultvalue,defaultvar,define1,define2,define3,disabled,dr,editformula,hyperlinkflag,iscode,isdefined,ismultiselectedenabled,isnextrow,isrevise,istotal,itemtype,label,maxlength,metadataproperty,metaid,metapath,modifiedtime,modifier,position,proid,refcode,refname,relatemeta,required,resid,showformula,textrows,ts,validateformula,visible,width)
            values('0001ZZZZ16b999231071','0001ZZZZ6a0188642973','616d6644-e695-4fce-a886-35ddb082cb2a','pk_group','1','#111111',null,'~',204,null, null,null,null,null,null,'N',0,null,'N','N','N',null,'N','N','N','refer','集团',28,'uap.group.name','','pk_group',null,'~',3,'bd1414a2-00b8-4bd2-adec-7b746ba1dbd6','uap/refer/riart/groupTreeRef/index','集团',null,'N',null,null,null,'2021-07-19 10:24:42',null,'Y',null);
            go






