insert into pub_page_templet(pk_page_templet,appcode,clazz,code,creationtime,creator,dr,headcode,isdefault,metaid,modifiedtime,modifier,name,pagecode,parentid,pk_group,pk_org,resid,resmodule,templetdesc,ts)
values('0001ZZZZc959887273f5','81H10543','nc.vo.cy.xuefeiapply.AggXuefeijmHVO','81H10543_LIST',null,'~',0,'list_head','Y',null,null,'~','学费减免申请单列表','81H10543_LIST','root',null,null,null,null,'学费减免申请单列表页面','2021-07-19 14:33:45');
go

insert into pub_page_templet(pk_page_templet,appcode,clazz,code,creationtime,creator,dr,headcode,isdefault,metaid,modifiedtime,modifier,name,pagecode,parentid,pk_group,pk_org,resid,resmodule,templetdesc,ts)
values('0001ZZZZ4842785cac24','81H10543','nc.vo.cy.xuefeiapply.AggXuefeijmHVO','81H10543_CARD',null,'~',0,'card_head','N',null,null,'~','学费减免申请单卡片','81H10543_CARD','root',null,null,null,null,'学费减免申请单卡片页面','2021-07-19 14:33:45');
go

insert into pub_page_templet(pk_page_templet,appcode,clazz,code,creationtime,creator,dr,headcode,isdefault,metaid,modifiedtime,modifier,name,pagecode,parentid,pk_group,pk_org,resid,resmodule,templetdesc,ts)
values('0001ZZZZ44761548bb26','81H10543','nc.vo.cy.xuefeiapply.AggXuefeijmHVO','81H10543L_CARD',null,'~',0,'card_head','N',null,null,'~','学费减免申请单联查卡片','81H10543L_CARD','root',null,null,null,null,'学费减免申请单联查卡片页面','2021-07-19 14:33:45');
go

insert into pub_page_templet(pk_page_templet,appcode,clazz,code,creationtime,creator,dr,headcode,isdefault,metaid,modifiedtime,modifier,name,pagecode,parentid,pk_group,pk_org,resid,resmodule,templetdesc,ts)
values('0001ZZZZ6fc723c8659d','81H10543A','nc.vo.cy.xuefeiapply.AggXuefeijmHVO','81H10543A_CARD',null,'~',0,'card_head','N',null,null,'~','学费减免申请单审批卡片','81H10543A_CARD','root',null,null,null,null,'学费减免申请单审批卡片页面','2021-07-19 14:33:45');
go







insert into pub_area(pk_area,areadesc,areastatus,areatype,clazz,code,creationtime,creator,dr,isunfold,metaid,metaname,metaspace,modifiedtime,modifier,name,pagination,position,relationcode,resid,templetid,ts)
values('0001ZZZZeee1bb89e1f3',null,'browse',0,'nc.vo.cy.xuefeiapply.XuefeijmHVO','list_query',null,'~',0,null,'5cdc5913-ad9f-4f88-9923-785f7097915d','学费减免申请单',null,null,'~','查询区',null,2,null,'','0001ZZZZc959887273f5','2021-07-19 14:33:45');
go
insert into pub_area(pk_area,areadesc,areastatus,areatype,clazz,code,creationtime,creator,dr,isunfold,metaid,metaname,metaspace,modifiedtime,modifier,name,pagination,position,relationcode,resid,templetid,ts)
values('0001ZZZZ33bdad3af582',null,'browse',2,'nc.vo.cy.xuefeiapply.XuefeijmHVO','list_head',null,'~',0,null,'5cdc5913-ad9f-4f88-9923-785f7097915d','学费减免申请单',null,null,'~','表头',null,1,null,'','0001ZZZZc959887273f5','2021-07-19 14:33:45');
go




insert into pub_area(pk_area,areadesc,areastatus,areatype,clazz,code,creationtime,creator,dr,isunfold,metaid,metaname,metaspace,modifiedtime,modifier,name,pagination,position,relationcode,resid,templetid,ts)
values('0001ZZZZf5602a7bd60f',null,'browse',1,'nc.vo.cy.xuefeiapply.XuefeijmHVO','card_head',null,'~',0,null,'5cdc5913-ad9f-4f88-9923-785f7097915d','学费减免申请单','cy.xuefeiapply',null,'~','学费减免申请单',null,1,null,null,'0001ZZZZ4842785cac24','2021-07-19 14:33:45');
go
insert into pub_area(pk_area,areadesc,areastatus,areatype,clazz,code,creationtime,creator,dr,isunfold,metaid,metaname,metaspace,modifiedtime,modifier,name,pagination,position,relationcode,resid,templetid,ts)
values('0001ZZZZa8280a3d1d64',null,'browse',1,'nc.vo.cy.xuefeiapply.XuefeijmHVO','card_operate',null,'~',0,null,'5cdc5913-ad9f-4f88-9923-785f7097915d','学费减免申请单','cy.xuefeiapply',null,'~','操作信息',null,2,'card_head',null,'0001ZZZZ4842785cac24','2021-07-19 14:33:45');
go
insert into pub_area(pk_area,areadesc,areastatus,areatype,clazz,code,creationtime,creator,dr,isunfold,metaid,metaname,metaspace,modifiedtime,modifier,name,pagination,position,relationcode,resid,templetid,ts)
values('0001ZZZZ3ab4ff3306b7',null,'browse',2,'nc.vo.cy.xuefeiapply.XuefeidVO','card_body',null,'~',0,null,'5cdc5913-ad9f-4f88-9923-785f7097915d','学费减免申请单','cy.xuefeiapply',null,'~','学费减免申请明细',null,3,null,null,'0001ZZZZ4842785cac24','2021-07-19 14:33:45');
go
insert into pub_area(pk_area,areadesc,areastatus,areatype,clazz,code,creationtime,creator,dr,isunfold,metaid,metaname,metaspace,modifiedtime,modifier,name,pagination,position,relationcode,resid,templetid,ts)
values('0001ZZZZ4f3294087776',null,'edit',1,'nc.vo.cy.xuefeiapply.XuefeidVO','card_body_edit',null,'~',0,null,'5cdc5913-ad9f-4f88-9923-785f7097915d','学费减免申请单','cy.xuefeiapply',null,'~','学费减免申请明细',null,4,'card_body',null,'0001ZZZZ4842785cac24','2021-07-19 14:33:45');
go
insert into pub_area(pk_area,areadesc,areastatus,areatype,clazz,code,creationtime,creator,dr,isunfold,metaid,metaname,metaspace,modifiedtime,modifier,name,pagination,position,relationcode,resid,templetid,ts)
values('0001ZZZZ1300ddcfc190',null,'browse',1,'nc.vo.cy.xuefeiapply.XuefeidVO','card_body_browse',null,'~',0,null,'5cdc5913-ad9f-4f88-9923-785f7097915d','学费减免申请单','cy.xuefeiapply',null,'~','学费减免申请明细',null,5,'card_body',null,'0001ZZZZ4842785cac24','2021-07-19 14:33:45');
go


insert into pub_area(pk_area,areadesc,areastatus,areatype,clazz,code,creationtime,creator,dr,isunfold,metaid,metaname,metaspace,modifiedtime,modifier,name,pagination,position,relationcode,resid,templetid,ts)
values('0001ZZZZ06e2ebe5c3e0',null,'browse',1,'nc.vo.cy.xuefeiapply.XuefeijmHVO','card_head',null,'~',0,null,'5cdc5913-ad9f-4f88-9923-785f7097915d','学费减免申请单','cy.xuefeiapply',null,'~','学费减免申请单',null,1,null,null,'0001ZZZZ44761548bb26','2021-07-19 14:33:45');
go
insert into pub_area(pk_area,areadesc,areastatus,areatype,clazz,code,creationtime,creator,dr,isunfold,metaid,metaname,metaspace,modifiedtime,modifier,name,pagination,position,relationcode,resid,templetid,ts)
values('0001ZZZZ4afcacce6291',null,'browse',1,'nc.vo.cy.xuefeiapply.XuefeijmHVO','card_operate',null,'~',0,null,'5cdc5913-ad9f-4f88-9923-785f7097915d','学费减免申请单','cy.xuefeiapply',null,'~','操作信息',null,2,'card_head',null,'0001ZZZZ44761548bb26','2021-07-19 14:33:45');
go
insert into pub_area(pk_area,areadesc,areastatus,areatype,clazz,code,creationtime,creator,dr,isunfold,metaid,metaname,metaspace,modifiedtime,modifier,name,pagination,position,relationcode,resid,templetid,ts)
values('0001ZZZZc0bbff4b663f',null,'browse',2,'nc.vo.cy.xuefeiapply.XuefeidVO','card_body',null,'~',0,null,'5cdc5913-ad9f-4f88-9923-785f7097915d','学费减免申请单','cy.xuefeiapply',null,'~','学费减免申请明细',null,3,null,null,'0001ZZZZ44761548bb26','2021-07-19 14:33:45');
go
insert into pub_area(pk_area,areadesc,areastatus,areatype,clazz,code,creationtime,creator,dr,isunfold,metaid,metaname,metaspace,modifiedtime,modifier,name,pagination,position,relationcode,resid,templetid,ts)
values('0001ZZZZ8f2dd1018f3b',null,'edit',1,'nc.vo.cy.xuefeiapply.XuefeidVO','card_body_edit',null,'~',0,null,'5cdc5913-ad9f-4f88-9923-785f7097915d','学费减免申请单','cy.xuefeiapply',null,'~','学费减免申请明细',null,4,'card_body',null,'0001ZZZZ44761548bb26','2021-07-19 14:33:45');
go
insert into pub_area(pk_area,areadesc,areastatus,areatype,clazz,code,creationtime,creator,dr,isunfold,metaid,metaname,metaspace,modifiedtime,modifier,name,pagination,position,relationcode,resid,templetid,ts)
values('0001ZZZZ359a06ca55a1',null,'browse',1,'nc.vo.cy.xuefeiapply.XuefeidVO','card_body_browse',null,'~',0,null,'5cdc5913-ad9f-4f88-9923-785f7097915d','学费减免申请单','cy.xuefeiapply',null,'~','学费减免申请明细',null,5,'card_body',null,'0001ZZZZ44761548bb26','2021-07-19 14:33:45');
go

insert into pub_area(pk_area,areadesc,areastatus,areatype,clazz,code,creationtime,creator,dr,isunfold,metaid,metaname,metaspace,modifiedtime,modifier,name,pagination,position,relationcode,resid,templetid,ts)
values('0001ZZZZ512244d02a21',null,'browse',1,'nc.vo.cy.xuefeiapply.XuefeijmHVO','card_head',null,'~',0,null,'5cdc5913-ad9f-4f88-9923-785f7097915d','学费减免申请单','cy.xuefeiapply',null,'~','学费减免申请单',null,1,null,null,'0001ZZZZ6fc723c8659d','2021-07-19 14:33:45');
go
insert into pub_area(pk_area,areadesc,areastatus,areatype,clazz,code,creationtime,creator,dr,isunfold,metaid,metaname,metaspace,modifiedtime,modifier,name,pagination,position,relationcode,resid,templetid,ts)
values('0001ZZZZd9f7e98b1738',null,'browse',1,'nc.vo.cy.xuefeiapply.XuefeijmHVO','card_operate',null,'~',0,null,'5cdc5913-ad9f-4f88-9923-785f7097915d','学费减免申请单','cy.xuefeiapply',null,'~','操作信息',null,2,'card_head',null,'0001ZZZZ6fc723c8659d','2021-07-19 14:33:45');
go
insert into pub_area(pk_area,areadesc,areastatus,areatype,clazz,code,creationtime,creator,dr,isunfold,metaid,metaname,metaspace,modifiedtime,modifier,name,pagination,position,relationcode,resid,templetid,ts)
values('0001ZZZZ9df3f494759b',null,'browse',2,'nc.vo.cy.xuefeiapply.XuefeidVO','card_body',null,'~',0,null,'5cdc5913-ad9f-4f88-9923-785f7097915d','学费减免申请单','cy.xuefeiapply',null,'~','学费减免申请明细',null,3,null,null,'0001ZZZZ6fc723c8659d','2021-07-19 14:33:45');
go
insert into pub_area(pk_area,areadesc,areastatus,areatype,clazz,code,creationtime,creator,dr,isunfold,metaid,metaname,metaspace,modifiedtime,modifier,name,pagination,position,relationcode,resid,templetid,ts)
values('0001ZZZZ4c596ac01607',null,'edit',1,'nc.vo.cy.xuefeiapply.XuefeidVO','card_body_edit',null,'~',0,null,'5cdc5913-ad9f-4f88-9923-785f7097915d','学费减免申请单','cy.xuefeiapply',null,'~','学费减免申请明细',null,4,'card_body',null,'0001ZZZZ6fc723c8659d','2021-07-19 14:33:45');
go
insert into pub_area(pk_area,areadesc,areastatus,areatype,clazz,code,creationtime,creator,dr,isunfold,metaid,metaname,metaspace,modifiedtime,modifier,name,pagination,position,relationcode,resid,templetid,ts)
values('0001ZZZZ54730acce6c5',null,'browse',1,'nc.vo.cy.xuefeiapply.XuefeidVO','card_body_browse',null,'~',0,null,'5cdc5913-ad9f-4f88-9923-785f7097915d','学费减免申请单','cy.xuefeiapply',null,'~','学费减免申请明细',null,5,'card_body',null,'0001ZZZZ6fc723c8659d','2021-07-19 14:33:45');
go




            insert into pub_query_property(pk_query_property,areaid,classid,code,containlower,creationtime,creator,datatype,dataval,defaultvalue,define1,define2,define3,define4,define5,disabled,dr,isbeyondorg,ischeck,isdefined,isfixedcondition,ismultiselectedenabled,isnotmeta,isquerycondition,isuse,itemtype,label,maxlength,metadataproperty,metapath,opersign,opersignname,position,proid,querytablename,refcode,refname,required,resid,returntype,showtype,tablecode,ts,usefunc,visible,visibleposition,width)
            values('0001ZZZZbbc377e5abe0','0001ZZZZeee1bb89e1f3','5cdc5913-ad9f-4f88-9923-785f7097915d','pk_busitype',null,null,'~',204,'','','','','','','','N',0,'N','N','N','N','N','N','Y','Y','refer','业务类型',20,NULL,'pk_busitype','=@','等于@',8,'4a7aa0a0-7a3c-4e76-9d21-affd016d5b05','','uap/refer/riart/busitype/index','业务流程','N','','refpk',1,'','2021-07-19 14:33:45','N','Y',null,1);
            go
            insert into pub_query_property(pk_query_property,areaid,classid,code,containlower,creationtime,creator,datatype,dataval,defaultvalue,define1,define2,define3,define4,define5,disabled,dr,isbeyondorg,ischeck,isdefined,isfixedcondition,ismultiselectedenabled,isnotmeta,isquerycondition,isuse,itemtype,label,maxlength,metadataproperty,metapath,opersign,opersignname,position,proid,querytablename,refcode,refname,required,resid,returntype,showtype,tablecode,ts,usefunc,visible,visibleposition,width)
            values('0001ZZZZ78130c8243b8','0001ZZZZeee1bb89e1f3','5cdc5913-ad9f-4f88-9923-785f7097915d','freetype',null,null,'~',1,'','','','','','','','N',0,'N','N','N','N','N','N','Y','Y','input','减免类型',50,NULL,'freetype','=@','等于@',43,'efaaa5f3-073a-4a18-ab91-78fa89ecd0c6','','/common-ref/','-99','N','','refpk',1,'','2021-07-19 14:33:45','N','Y',null,1);
            go
            insert into pub_query_property(pk_query_property,areaid,classid,code,containlower,creationtime,creator,datatype,dataval,defaultvalue,define1,define2,define3,define4,define5,disabled,dr,isbeyondorg,ischeck,isdefined,isfixedcondition,ismultiselectedenabled,isnotmeta,isquerycondition,isuse,itemtype,label,maxlength,metadataproperty,metapath,opersign,opersignname,position,proid,querytablename,refcode,refname,required,resid,returntype,showtype,tablecode,ts,usefunc,visible,visibleposition,width)
            values('0001ZZZZb176a1bad891','0001ZZZZeee1bb89e1f3','5cdc5913-ad9f-4f88-9923-785f7097915d','bill_no',null,null,'~',1,'','','','','','','','Y',0,'N','N','N','N','N','N','Y','Y','input','单据号',50,NULL,'bill_no','=@','等于@',7,'9a79529f-f8c7-4cbd-954e-3146db4e9340','','/common-ref/','-99','N','','refpk',1,'','2021-07-19 14:33:45','N','Y',null,1);
            go
            insert into pub_query_property(pk_query_property,areaid,classid,code,containlower,creationtime,creator,datatype,dataval,defaultvalue,define1,define2,define3,define4,define5,disabled,dr,isbeyondorg,ischeck,isdefined,isfixedcondition,ismultiselectedenabled,isnotmeta,isquerycondition,isuse,itemtype,label,maxlength,metadataproperty,metapath,opersign,opersignname,position,proid,querytablename,refcode,refname,required,resid,returntype,showtype,tablecode,ts,usefunc,visible,visibleposition,width)
            values('0001ZZZZ7cc9c34588b4','0001ZZZZeee1bb89e1f3','5cdc5913-ad9f-4f88-9923-785f7097915d','dbilldate',null,null,'~',33,'','','','','','','','N',0,'N','N','N','N','N','N','Y','Y','datepicker','单据日期',19,NULL,'dbilldate','=@','等于@',5,'ab3d5bc0-c75c-471a-8ce4-4559f15b1363','','/common-ref/','-99','N','','refpk',1,'','2021-07-19 14:33:45','N','Y',null,1);
            go
            insert into pub_query_property(pk_query_property,areaid,classid,code,containlower,creationtime,creator,datatype,dataval,defaultvalue,define1,define2,define3,define4,define5,disabled,dr,isbeyondorg,ischeck,isdefined,isfixedcondition,ismultiselectedenabled,isnotmeta,isquerycondition,isuse,itemtype,label,maxlength,metadataproperty,metapath,opersign,opersignname,position,proid,querytablename,refcode,refname,required,resid,returntype,showtype,tablecode,ts,usefunc,visible,visibleposition,width)
            values('0001ZZZZb4a7dde2ba22','0001ZZZZeee1bb89e1f3','5cdc5913-ad9f-4f88-9923-785f7097915d','billstatus',null,null,'~',203,'自由=-1,审批未通过=0,审批通过=1,审批进行中=2,提交=3','','','','','','','N',0,'N','N','N','N','N','N','Y','Y','select','单据状态',50,NULL,'billstatus','=@','等于@',6,'cdaaa4ce-a7e8-4da0-9982-76afb8469f77','','/common-ref/','-99','N','','refpk',1,'','2021-07-19 14:33:45','N','Y',null,1);
            go
            insert into pub_query_property(pk_query_property,areaid,classid,code,containlower,creationtime,creator,datatype,dataval,defaultvalue,define1,define2,define3,define4,define5,disabled,dr,isbeyondorg,ischeck,isdefined,isfixedcondition,ismultiselectedenabled,isnotmeta,isquerycondition,isuse,itemtype,label,maxlength,metadataproperty,metapath,opersign,opersignname,position,proid,querytablename,refcode,refname,required,resid,returntype,showtype,tablecode,ts,usefunc,visible,visibleposition,width)
            values('0001ZZZZcb1b97b09edc','0001ZZZZeee1bb89e1f3','5cdc5913-ad9f-4f88-9923-785f7097915d','pk_billtypeid',null,null,'~',204,'0001Z0100BILLTYPEZJ7,code=N','','','','','','','N',0,'N','N','N','N','N','N','Y','Y','refer','单据类型',20,'uap.BilltypeVO.billtypename','pk_billtypeid','=@','等于@',9,'9ef1390e-7b3e-413e-b5bf-a1f662a2be12','','uap/refer/riart/billtype/index','影响因素单据类型','N','','refpk',1,'','2021-07-19 14:33:45','N','Y',null,1);
            go
            insert into pub_query_property(pk_query_property,areaid,classid,code,containlower,creationtime,creator,datatype,dataval,defaultvalue,define1,define2,define3,define4,define5,disabled,dr,isbeyondorg,ischeck,isdefined,isfixedcondition,ismultiselectedenabled,isnotmeta,isquerycondition,isuse,itemtype,label,maxlength,metadataproperty,metapath,opersign,opersignname,position,proid,querytablename,refcode,refname,required,resid,returntype,showtype,tablecode,ts,usefunc,visible,visibleposition,width)
            values('0001ZZZZc7a6f23dfcf7','0001ZZZZeee1bb89e1f3','5cdc5913-ad9f-4f88-9923-785f7097915d','school',null,null,'~',1,'','','','','','','','N',0,'N','N','N','N','N','N','Y','Y','input','学校',50,NULL,'school','=@','等于@',38,'5ee2b588-3a8e-4191-8c74-e24e19720ee3','','/common-ref/','-99','N','','refpk',1,'','2021-07-19 14:33:45','N','Y',null,1);
            go
            insert into pub_query_property(pk_query_property,areaid,classid,code,containlower,creationtime,creator,datatype,dataval,defaultvalue,define1,define2,define3,define4,define5,disabled,dr,isbeyondorg,ischeck,isdefined,isfixedcondition,ismultiselectedenabled,isnotmeta,isquerycondition,isuse,itemtype,label,maxlength,metadataproperty,metapath,opersign,opersignname,position,proid,querytablename,refcode,refname,required,resid,returntype,showtype,tablecode,ts,usefunc,visible,visibleposition,width)
            values('0001ZZZZ261a538a1bef','0001ZZZZeee1bb89e1f3','5cdc5913-ad9f-4f88-9923-785f7097915d','saddresss',null,null,'~',1,'','','','','','','','N',0,'N','N','N','N','N','N','Y','Y','input','学校所属地址',50,NULL,'saddresss','=@','等于@',45,'0701effb-debc-4d82-9bca-8c533e0264c8','','/common-ref/','-99','N','','refpk',1,'','2021-07-19 14:33:45','N','Y',null,1);
            go
            insert into pub_query_property(pk_query_property,areaid,classid,code,containlower,creationtime,creator,datatype,dataval,defaultvalue,define1,define2,define3,define4,define5,disabled,dr,isbeyondorg,ischeck,isdefined,isfixedcondition,ismultiselectedenabled,isnotmeta,isquerycondition,isuse,itemtype,label,maxlength,metadataproperty,metapath,opersign,opersignname,position,proid,querytablename,refcode,refname,required,resid,returntype,showtype,tablecode,ts,usefunc,visible,visibleposition,width)
            values('0001ZZZZf64c5b912667','0001ZZZZeee1bb89e1f3','5cdc5913-ad9f-4f88-9923-785f7097915d','student',null,null,'~',1,'','','','','','','','N',0,'N','N','N','N','N','N','Y','Y','input','学生',50,NULL,'student','=@','等于@',37,'8986352b-d249-484f-a462-f2456548d3cb','','/common-ref/','-99','N','','refpk',1,'','2021-07-19 14:33:45','N','Y',null,1);
            go
            insert into pub_query_property(pk_query_property,areaid,classid,code,containlower,creationtime,creator,datatype,dataval,defaultvalue,define1,define2,define3,define4,define5,disabled,dr,isbeyondorg,ischeck,isdefined,isfixedcondition,ismultiselectedenabled,isnotmeta,isquerycondition,isuse,itemtype,label,maxlength,metadataproperty,metapath,opersign,opersignname,position,proid,querytablename,refcode,refname,required,resid,returntype,showtype,tablecode,ts,usefunc,visible,visibleposition,width)
            values('0001ZZZZa3638931c9fa','0001ZZZZeee1bb89e1f3','5cdc5913-ad9f-4f88-9923-785f7097915d','clas',null,null,'~',1,'','','','','','','','N',0,'N','N','N','N','N','N','Y','Y','input','班级',50,NULL,'clas','=@','等于@',39,'b261f786-fe13-4861-901b-81712b98e511','','/common-ref/','-99','N','','refpk',1,'','2021-07-19 14:33:45','N','Y',null,1);
            go
            insert into pub_query_property(pk_query_property,areaid,classid,code,containlower,creationtime,creator,datatype,dataval,defaultvalue,define1,define2,define3,define4,define5,disabled,dr,isbeyondorg,ischeck,isdefined,isfixedcondition,ismultiselectedenabled,isnotmeta,isquerycondition,isuse,itemtype,label,maxlength,metadataproperty,metapath,opersign,opersignname,position,proid,querytablename,refcode,refname,required,resid,returntype,showtype,tablecode,ts,usefunc,visible,visibleposition,width)
            values('0001ZZZZadfe250fde84','0001ZZZZeee1bb89e1f3','5cdc5913-ad9f-4f88-9923-785f7097915d','pk_org',null,null,'~',204,'0001Z01000000001BVPS,code=N','','','','','','','N',0,'N','N','N','N','N','N','Y','Y','refer','组织',20,'uap.org.name','pk_org','=@','等于@',3,'e36a5afd-9e24-4f4c-9484-e8f1253114a3','','uapbd/refer/org/BusinessUnitAndDeptTreeRef/index','业务单元及部门','N','','refpk',1,'','2021-07-19 14:33:45','N','Y',null,1);
            go
            insert into pub_query_property(pk_query_property,areaid,classid,code,containlower,creationtime,creator,datatype,dataval,defaultvalue,define1,define2,define3,define4,define5,disabled,dr,isbeyondorg,ischeck,isdefined,isfixedcondition,ismultiselectedenabled,isnotmeta,isquerycondition,isuse,itemtype,label,maxlength,metadataproperty,metapath,opersign,opersignname,position,proid,querytablename,refcode,refname,required,resid,returntype,showtype,tablecode,ts,usefunc,visible,visibleposition,width)
            values('0001ZZZZb21f36e81c6a','0001ZZZZeee1bb89e1f3','5cdc5913-ad9f-4f88-9923-785f7097915d','isupload',null,null,'~',32,'','','','','','','','N',0,'N','N','N','N','N','N','Y','Y','checkbox_switch','附件是否上传',1,NULL,'isupload','=@','等于@',46,'c9500957-bb5f-41ea-a903-edc92b997ace','','/common-ref/','-99','N','','refpk',1,'','2021-07-19 14:33:45','N','Y',null,1);
            go
            insert into pub_query_property(pk_query_property,areaid,classid,code,containlower,creationtime,creator,datatype,dataval,defaultvalue,define1,define2,define3,define4,define5,disabled,dr,isbeyondorg,ischeck,isdefined,isfixedcondition,ismultiselectedenabled,isnotmeta,isquerycondition,isuse,itemtype,label,maxlength,metadataproperty,metapath,opersign,opersignname,position,proid,querytablename,refcode,refname,required,resid,returntype,showtype,tablecode,ts,usefunc,visible,visibleposition,width)
            values('0001ZZZZ873e2d189752','0001ZZZZeee1bb89e1f3','5cdc5913-ad9f-4f88-9923-785f7097915d','pk_group',null,null,'~',204,'0001Z010000000000ZKS,code=N','','','','','','','N',0,'N','N','N','N','N','N','Y','Y','refer','集团',20,'uap.group.name','pk_group','=@','等于@',2,'eb5fb3e8-1973-423d-9445-b13dd5441940','','uap/refer/riart/groupTreeRef/index','集团','N','','refpk',1,'','2021-07-19 14:33:45','N','Y',null,1);
            go


        insert into pub_form_property(pk_form_property,areaid,classid,code,colnum,color,creationtime,creator,datatype,dataval,defaultvalue,defaultvar,define1,define2,define3,disabled,dr,editformula,hyperlinkflag,iscode,isdefined,ismultiselectedenabled,isnextrow,isrevise,istotal,itemtype,label,maxlength,metadataproperty,metaid,metapath,modifiedtime,modifier,position,proid,refcode,refname,relatemeta,required,resid,showformula,textrows,ts,validateformula,visible,width)
        values('0001ZZZZ596a000f1001','0001ZZZZ33bdad3af582','5cdc5913-ad9f-4f88-9923-785f7097915d','pk_busitype',null,'#111111',null,'~',204, '', null,null,null,null,null,'N',0,null,'N','N','N',null,'N','N','N','refer','业务类型',28,NULL,'7717f1a3-b777-454e-abb5-ef8705a0f0c2','pk_busitype',null,'~',8,'57f5b5a4-d737-42f1-9e47-235d6fa2b000','uap/refer/riart/busitype/index','业务流程',null,'N',null,null,null,'2021-07-19 14:33:45',null,'Y',null);
        go

        insert into pub_form_property(pk_form_property,areaid,classid,code,colnum,color,creationtime,creator,datatype,dataval,defaultvalue,defaultvar,define1,define2,define3,disabled,dr,editformula,hyperlinkflag,iscode,isdefined,ismultiselectedenabled,isnextrow,isrevise,istotal,itemtype,label,maxlength,metadataproperty,metaid,metapath,modifiedtime,modifier,position,proid,refcode,refname,relatemeta,required,resid,showformula,textrows,ts,validateformula,visible,width)
        values('0001ZZZZ596a000f1002','0001ZZZZ33bdad3af582','5cdc5913-ad9f-4f88-9923-785f7097915d','infonote',null,'#111111',null,'~',1, null, null,null,null,null,null,'N',0,null,'N','N','N',null,'N','N','N','input','事项说明',28,NULL,'','infonote',null,'~',44,'501fb1d7-a471-4223-aab5-2a7918b48fd6','/common-ref/','-99',null,'N',null,null,null,'2021-07-19 14:33:45',null,'Y',null);
        go

        insert into pub_form_property(pk_form_property,areaid,classid,code,colnum,color,creationtime,creator,datatype,dataval,defaultvalue,defaultvar,define1,define2,define3,disabled,dr,editformula,hyperlinkflag,iscode,isdefined,ismultiselectedenabled,isnextrow,isrevise,istotal,itemtype,label,maxlength,metadataproperty,metaid,metapath,modifiedtime,modifier,position,proid,refcode,refname,relatemeta,required,resid,showformula,textrows,ts,validateformula,visible,width)
        values('0001ZZZZ596a000f1003','0001ZZZZ33bdad3af582','5cdc5913-ad9f-4f88-9923-785f7097915d','pk_transtype',null,'#111111',null,'~',204, '0001Z0100BILLTYPEZJ8,code=N', null,null,null,null,null,'N',0,null,'N','N','N',null,'N','N','N','refer','交易类型',28,'uap.BilltypeVO.billtypename','b0fa41cd-a649-4309-b685-d341a5d1b0ed','pk_transtype',null,'~',12,'18872d0a-c1b9-4a8b-9b07-aef08c9142a7','uap/refer/riart/transtype/index','影响因素交 易类型',null,'N',null,null,null,'2021-07-19 14:33:45',null,'Y',null);
        go

        insert into pub_form_property(pk_form_property,areaid,classid,code,colnum,color,creationtime,creator,datatype,dataval,defaultvalue,defaultvar,define1,define2,define3,disabled,dr,editformula,hyperlinkflag,iscode,isdefined,ismultiselectedenabled,isnextrow,isrevise,istotal,itemtype,label,maxlength,metadataproperty,metaid,metapath,modifiedtime,modifier,position,proid,refcode,refname,relatemeta,required,resid,showformula,textrows,ts,validateformula,visible,width)
        values('0001ZZZZ596a000f1004','0001ZZZZ33bdad3af582','5cdc5913-ad9f-4f88-9923-785f7097915d','transtypecode',null,'#111111',null,'~',1, null, null,null,null,null,null,'N',0,null,'N','N','N',null,'N','N','N','input','交易类型编码',28,NULL,'','transtypecode',null,'~',11,'0b392568-20f4-448d-9eae-398907ededb7','/common-ref/','-99',null,'N',null,null,null,'2021-07-19 14:33:45',null,'Y',null);
        go

        insert into pub_form_property(pk_form_property,areaid,classid,code,colnum,color,creationtime,creator,datatype,dataval,defaultvalue,defaultvar,define1,define2,define3,disabled,dr,editformula,hyperlinkflag,iscode,isdefined,ismultiselectedenabled,isnextrow,isrevise,istotal,itemtype,label,maxlength,metadataproperty,metaid,metapath,modifiedtime,modifier,position,proid,refcode,refname,relatemeta,required,resid,showformula,textrows,ts,validateformula,visible,width)
        values('0001ZZZZ596a000f1005','0001ZZZZ33bdad3af582','5cdc5913-ad9f-4f88-9923-785f7097915d','modifier',null,'#111111',null,'~',204, '0001Z01000000001BVPB,code=N', null,null,null,null,null,'N',0,null,'N','N','N',null,'N','N','N','refer','修改人',28,'uap.user.user_name','f6f9a473-56c0-432f-8bc7-fbf8fde54fee','modifier',null,'~',17,'279844f4-e999-4c00-a733-5af26c59aa78','uap/refer/riart/userDefaultRefer/index','用户',null,'N',null,null,null,'2021-07-19 14:33:45',null,'Y',null);
        go

        insert into pub_form_property(pk_form_property,areaid,classid,code,colnum,color,creationtime,creator,datatype,dataval,defaultvalue,defaultvar,define1,define2,define3,disabled,dr,editformula,hyperlinkflag,iscode,isdefined,ismultiselectedenabled,isnextrow,isrevise,istotal,itemtype,label,maxlength,metadataproperty,metaid,metapath,modifiedtime,modifier,position,proid,refcode,refname,relatemeta,required,resid,showformula,textrows,ts,validateformula,visible,width)
        values('0001ZZZZ596a000f1006','0001ZZZZ33bdad3af582','5cdc5913-ad9f-4f88-9923-785f7097915d','modifiedtime',null,'#111111',null,'~',34, null, null,null,null,null,null,'N',0,null,'N','N','N',null,'N','N','N','datetimepicker','修改时间',28,NULL,'','modifiedtime',null,'~',18,'7ee3dd19-a2ec-4b7e-b259-bd884c9ce0b8','/common-ref/','-99',null,'N',null,null,null,'2021-07-19 14:33:45',null,'Y',null);
        go

        insert into pub_form_property(pk_form_property,areaid,classid,code,colnum,color,creationtime,creator,datatype,dataval,defaultvalue,defaultvar,define1,define2,define3,disabled,dr,editformula,hyperlinkflag,iscode,isdefined,ismultiselectedenabled,isnextrow,isrevise,istotal,itemtype,label,maxlength,metadataproperty,metaid,metapath,modifiedtime,modifier,position,proid,refcode,refname,relatemeta,required,resid,showformula,textrows,ts,validateformula,visible,width)
        values('0001ZZZZ596a000f1007','0001ZZZZ33bdad3af582','5cdc5913-ad9f-4f88-9923-785f7097915d','freetype',null,'#111111',null,'~',1, null, null,null,null,null,null,'N',0,null,'N','N','N',null,'N','N','N','input','减免类型',28,NULL,'','freetype',null,'~',43,'f0c86a66-35a5-42de-810e-46f00dcf244d','/common-ref/','-99',null,'N',null,null,null,'2021-07-19 14:33:45',null,'Y',null);
        go

        insert into pub_form_property(pk_form_property,areaid,classid,code,colnum,color,creationtime,creator,datatype,dataval,defaultvalue,defaultvar,define1,define2,define3,disabled,dr,editformula,hyperlinkflag,iscode,isdefined,ismultiselectedenabled,isnextrow,isrevise,istotal,itemtype,label,maxlength,metadataproperty,metaid,metapath,modifiedtime,modifier,position,proid,refcode,refname,relatemeta,required,resid,showformula,textrows,ts,validateformula,visible,width)
        values('0001ZZZZ596a000f1008','0001ZZZZ33bdad3af582','5cdc5913-ad9f-4f88-9923-785f7097915d','reducation',null,'#111111',null,'~',1, null, null,null,null,null,null,'N',0,null,'N','N','N',null,'N','N','N','input','减免金额',28,NULL,'','reducation',null,'~',41,'35aec6dd-aae3-4dce-95a6-2e125fdbc7e2','/common-ref/','-99',null,'N',null,null,null,'2021-07-19 14:33:45',null,'Y',null);
        go

        insert into pub_form_property(pk_form_property,areaid,classid,code,colnum,color,creationtime,creator,datatype,dataval,defaultvalue,defaultvar,define1,define2,define3,disabled,dr,editformula,hyperlinkflag,iscode,isdefined,ismultiselectedenabled,isnextrow,isrevise,istotal,itemtype,label,maxlength,metadataproperty,metaid,metapath,modifiedtime,modifier,position,proid,refcode,refname,relatemeta,required,resid,showformula,textrows,ts,validateformula,visible,width)
        values('0001ZZZZ596a000f1009','0001ZZZZ33bdad3af582','5cdc5913-ad9f-4f88-9923-785f7097915d','creator',null,'#111111',null,'~',204, '0001Z01000000001BVPB,code=N', null,null,null,null,null,'N',0,null,'N','N','N',null,'N','N','N','refer','创建人',28,'uap.user.user_name','f6f9a473-56c0-432f-8bc7-fbf8fde54fee','creator',null,'~',15,'fc0b4259-1825-4882-9ff7-4c20e9775fd8','uap/refer/riart/userDefaultRefer/index','用户',null,'N',null,null,null,'2021-07-19 14:33:45',null,'Y',null);
        go

        insert into pub_form_property(pk_form_property,areaid,classid,code,colnum,color,creationtime,creator,datatype,dataval,defaultvalue,defaultvar,define1,define2,define3,disabled,dr,editformula,hyperlinkflag,iscode,isdefined,ismultiselectedenabled,isnextrow,isrevise,istotal,itemtype,label,maxlength,metadataproperty,metaid,metapath,modifiedtime,modifier,position,proid,refcode,refname,relatemeta,required,resid,showformula,textrows,ts,validateformula,visible,width)
        values('0001ZZZZ596a000f1010','0001ZZZZ33bdad3af582','5cdc5913-ad9f-4f88-9923-785f7097915d','creationtime',null,'#111111',null,'~',34, null, null,null,null,null,null,'N',0,null,'N','N','N',null,'N','N','N','datetimepicker','创建时间',28,NULL,'','creationtime',null,'~',16,'69f78fa6-05bb-46a1-b1be-bdad6e45e3aa','/common-ref/','-99',null,'N',null,null,null,'2021-07-19 14:33:45',null,'Y',null);
        go

        insert into pub_form_property(pk_form_property,areaid,classid,code,colnum,color,creationtime,creator,datatype,dataval,defaultvalue,defaultvar,define1,define2,define3,disabled,dr,editformula,hyperlinkflag,iscode,isdefined,ismultiselectedenabled,isnextrow,isrevise,istotal,itemtype,label,maxlength,metadataproperty,metaid,metapath,modifiedtime,modifier,position,proid,refcode,refname,relatemeta,required,resid,showformula,textrows,ts,validateformula,visible,width)
        values('0001ZZZZ596a000f1011','0001ZZZZ33bdad3af582','5cdc5913-ad9f-4f88-9923-785f7097915d','billmaker',null,'#111111',null,'~',204, '0001Z01000000001BVPB,code=N', null,null,null,null,null,'N',0,null,'N','N','N',null,'N','N','N','refer','制单人',28,'uap.user.user_name','f6f9a473-56c0-432f-8bc7-fbf8fde54fee','billmaker',null,'~',13,'8ac06178-f153-416c-8be6-540bad3f7592','uap/refer/riart/userDefaultRefer/index','用户',null,'N',null,null,null,'2021-07-19 14:33:45',null,'Y',null);
        go

        insert into pub_form_property(pk_form_property,areaid,classid,code,colnum,color,creationtime,creator,datatype,dataval,defaultvalue,defaultvar,define1,define2,define3,disabled,dr,editformula,hyperlinkflag,iscode,isdefined,ismultiselectedenabled,isnextrow,isrevise,istotal,itemtype,label,maxlength,metadataproperty,metaid,metapath,modifiedtime,modifier,position,proid,refcode,refname,relatemeta,required,resid,showformula,textrows,ts,validateformula,visible,width)
        values('0001ZZZZ596a000f1012','0001ZZZZ33bdad3af582','5cdc5913-ad9f-4f88-9923-785f7097915d','maketime',null,'#111111',null,'~',33, null, null,null,null,null,null,'N',0,null,'N','N','N',null,'N','N','N','datepicker','制单时间',28,NULL,'','maketime',null,'~',14,'eeeff31d-e18e-4997-ab3b-f92d1a59d3ad','/common-ref/','-99',null,'N',null,null,null,'2021-07-19 14:33:45',null,'Y',null);
        go

        insert into pub_form_property(pk_form_property,areaid,classid,code,colnum,color,creationtime,creator,datatype,dataval,defaultvalue,defaultvar,define1,define2,define3,disabled,dr,editformula,hyperlinkflag,iscode,isdefined,ismultiselectedenabled,isnextrow,isrevise,istotal,itemtype,label,maxlength,metadataproperty,metaid,metapath,modifiedtime,modifier,position,proid,refcode,refname,relatemeta,required,resid,showformula,textrows,ts,validateformula,visible,width)
        values('0001ZZZZ596a000f1013','0001ZZZZ33bdad3af582','5cdc5913-ad9f-4f88-9923-785f7097915d','bill_no',null,'#111111',null,'~',1, null, null,null,null,null,null,'Y',0,null,'N','N','N',null,'N','N','N','input','单据号',28,NULL,'','bill_no',null,'~',7,'e839b241-bc1f-4933-bcc2-63b00b5ce0f3','/common-ref/','-99',null,'N',null,null,null,'2021-07-19 14:33:45',null,'Y',null);
        go

        insert into pub_form_property(pk_form_property,areaid,classid,code,colnum,color,creationtime,creator,datatype,dataval,defaultvalue,defaultvar,define1,define2,define3,disabled,dr,editformula,hyperlinkflag,iscode,isdefined,ismultiselectedenabled,isnextrow,isrevise,istotal,itemtype,label,maxlength,metadataproperty,metaid,metapath,modifiedtime,modifier,position,proid,refcode,refname,relatemeta,required,resid,showformula,textrows,ts,validateformula,visible,width)
        values('0001ZZZZ596a000f1014','0001ZZZZ33bdad3af582','5cdc5913-ad9f-4f88-9923-785f7097915d','dbilldate',null,'#111111',null,'~',33, null, null,null,null,null,null,'N',0,null,'N','N','N',null,'N','N','N','datepicker','单据日期',28,NULL,'','dbilldate',null,'~',5,'8f4be3cf-d5f5-4e7f-8ef3-43a1eddbd4ff','/common-ref/','-99',null,'N',null,null,null,'2021-07-19 14:33:45',null,'Y',null);
        go

        insert into pub_form_property(pk_form_property,areaid,classid,code,colnum,color,creationtime,creator,datatype,dataval,defaultvalue,defaultvar,define1,define2,define3,disabled,dr,editformula,hyperlinkflag,iscode,isdefined,ismultiselectedenabled,isnextrow,isrevise,istotal,itemtype,label,maxlength,metadataproperty,metaid,metapath,modifiedtime,modifier,position,proid,refcode,refname,relatemeta,required,resid,showformula,textrows,ts,validateformula,visible,width)
        values('0001ZZZZ596a000f1015','0001ZZZZ33bdad3af582','5cdc5913-ad9f-4f88-9923-785f7097915d','billstatus',null,'#111111',null,'~',203, '自由=-1,审批未通过=0,审批通过=1,审批进行中=2,提交=3','-1',null,null,null,null,'N',0,null,'N','N','N',null,'N','N','N','select','单据状态',28,NULL,'','billstatus',null,'~',6,'aa7e828e-07d6-472f-94f2-3706d56e298b','/common-ref/','-99',null,'N',null,null,null,'2021-07-19 14:33:45',null,'Y',null);
        go

        insert into pub_form_property(pk_form_property,areaid,classid,code,colnum,color,creationtime,creator,datatype,dataval,defaultvalue,defaultvar,define1,define2,define3,disabled,dr,editformula,hyperlinkflag,iscode,isdefined,ismultiselectedenabled,isnextrow,isrevise,istotal,itemtype,label,maxlength,metadataproperty,metaid,metapath,modifiedtime,modifier,position,proid,refcode,refname,relatemeta,required,resid,showformula,textrows,ts,validateformula,visible,width)
        values('0001ZZZZ596a000f1016','0001ZZZZ33bdad3af582','5cdc5913-ad9f-4f88-9923-785f7097915d','pk_billtypeid',null,'#111111',null,'~',204, '0001Z0100BILLTYPEZJ7,code=N', null,null,null,null,null,'N',0,null,'N','N','N',null,'N','N','N','refer','单据类型',28,'uap.BilltypeVO.billtypename','b0fa41cd-a649-4309-b685-d341a5d1b0ed','pk_billtypeid',null,'~',9,'d4167861-b332-4287-9d4a-08b7ef77c459','uap/refer/riart/billtype/index','影响因素单据类型',null,'N',null,null,null,'2021-07-19 14:33:45',null,'Y',null);
        go

        insert into pub_form_property(pk_form_property,areaid,classid,code,colnum,color,creationtime,creator,datatype,dataval,defaultvalue,defaultvar,define1,define2,define3,disabled,dr,editformula,hyperlinkflag,iscode,isdefined,ismultiselectedenabled,isnextrow,isrevise,istotal,itemtype,label,maxlength,metadataproperty,metaid,metapath,modifiedtime,modifier,position,proid,refcode,refname,relatemeta,required,resid,showformula,textrows,ts,validateformula,visible,width)
        values('0001ZZZZ596a000f1017','0001ZZZZ33bdad3af582','5cdc5913-ad9f-4f88-9923-785f7097915d','billtype',null,'#111111',null,'~',1, null, null,null,null,null,null,'N',0,null,'N','N','N',null,'N','N','N','input','单据类型编码',28,NULL,'','billtype',null,'~',10,'9529427a-bddf-4935-b5fa-3e244464b3fd','/common-ref/','-99',null,'N',null,null,null,'2021-07-19 14:33:45',null,'Y',null);
        go

        insert into pub_form_property(pk_form_property,areaid,classid,code,colnum,color,creationtime,creator,datatype,dataval,defaultvalue,defaultvar,define1,define2,define3,disabled,dr,editformula,hyperlinkflag,iscode,isdefined,ismultiselectedenabled,isnextrow,isrevise,istotal,itemtype,label,maxlength,metadataproperty,metaid,metapath,modifiedtime,modifier,position,proid,refcode,refname,relatemeta,required,resid,showformula,textrows,ts,validateformula,visible,width)
        values('0001ZZZZ596a000f1018','0001ZZZZ33bdad3af582','5cdc5913-ad9f-4f88-9923-785f7097915d','vnote',null,'#111111',null,'~',1, null, null,null,null,null,null,'N',0,null,'N','N','N',null,'N','N','N','input','备注',28,NULL,'','vnote',null,'~',23,'d6143b01-1140-4314-8166-b1610af345c7','/common-ref/','-99',null,'N',null,null,null,'2021-07-19 14:33:45',null,'Y',null);
        go

        insert into pub_form_property(pk_form_property,areaid,classid,code,colnum,color,creationtime,creator,datatype,dataval,defaultvalue,defaultvar,define1,define2,define3,disabled,dr,editformula,hyperlinkflag,iscode,isdefined,ismultiselectedenabled,isnextrow,isrevise,istotal,itemtype,label,maxlength,metadataproperty,metaid,metapath,modifiedtime,modifier,position,proid,refcode,refname,relatemeta,required,resid,showformula,textrows,ts,validateformula,visible,width)
        values('0001ZZZZ596a000f1019','0001ZZZZ33bdad3af582','5cdc5913-ad9f-4f88-9923-785f7097915d','school',null,'#111111',null,'~',1, null, null,null,null,null,null,'N',0,null,'N','N','N',null,'N','N','N','input','学校',28,NULL,'','school',null,'~',38,'29f65d1c-380c-4369-8f0b-8f60529c7292','/common-ref/','-99',null,'N',null,null,null,'2021-07-19 14:33:45',null,'Y',null);
        go

        insert into pub_form_property(pk_form_property,areaid,classid,code,colnum,color,creationtime,creator,datatype,dataval,defaultvalue,defaultvar,define1,define2,define3,disabled,dr,editformula,hyperlinkflag,iscode,isdefined,ismultiselectedenabled,isnextrow,isrevise,istotal,itemtype,label,maxlength,metadataproperty,metaid,metapath,modifiedtime,modifier,position,proid,refcode,refname,relatemeta,required,resid,showformula,textrows,ts,validateformula,visible,width)
        values('0001ZZZZ596a000f1020','0001ZZZZ33bdad3af582','5cdc5913-ad9f-4f88-9923-785f7097915d','saddresss',null,'#111111',null,'~',1, null, null,null,null,null,null,'N',0,null,'N','N','N',null,'N','N','N','input','学校所属地址',28,NULL,'','saddresss',null,'~',45,'481b8a52-bd0a-40cb-b26e-33b372e0f606','/common-ref/','-99',null,'N',null,null,null,'2021-07-19 14:33:45',null,'Y',null);
        go

        insert into pub_form_property(pk_form_property,areaid,classid,code,colnum,color,creationtime,creator,datatype,dataval,defaultvalue,defaultvar,define1,define2,define3,disabled,dr,editformula,hyperlinkflag,iscode,isdefined,ismultiselectedenabled,isnextrow,isrevise,istotal,itemtype,label,maxlength,metadataproperty,metaid,metapath,modifiedtime,modifier,position,proid,refcode,refname,relatemeta,required,resid,showformula,textrows,ts,validateformula,visible,width)
        values('0001ZZZZ596a000f1021','0001ZZZZ33bdad3af582','5cdc5913-ad9f-4f88-9923-785f7097915d','student',null,'#111111',null,'~',1, null, null,null,null,null,null,'N',0,null,'N','N','N',null,'N','N','N','input','学生',28,NULL,'','student',null,'~',37,'c18cb26d-a8a7-492c-b606-c86fdcefd898','/common-ref/','-99',null,'N',null,null,null,'2021-07-19 14:33:45',null,'Y',null);
        go

        insert into pub_form_property(pk_form_property,areaid,classid,code,colnum,color,creationtime,creator,datatype,dataval,defaultvalue,defaultvar,define1,define2,define3,disabled,dr,editformula,hyperlinkflag,iscode,isdefined,ismultiselectedenabled,isnextrow,isrevise,istotal,itemtype,label,maxlength,metadataproperty,metaid,metapath,modifiedtime,modifier,position,proid,refcode,refname,relatemeta,required,resid,showformula,textrows,ts,validateformula,visible,width)
        values('0001ZZZZ596a000f1023','0001ZZZZ33bdad3af582','5cdc5913-ad9f-4f88-9923-785f7097915d','alltuition',null,'#111111',null,'~',31, null, null,null,null,null,null,'N',0,null,'N','N','N',null,'N','N','N','number','学费总金额',28,NULL,'','alltuition',null,'~',40,'2219569e-34b7-447b-bc16-8685db71c0e0','/common-ref/','-99',null,'N',null,null,null,'2021-07-19 14:33:45',null,'Y',null);
        go

        insert into pub_form_property(pk_form_property,areaid,classid,code,colnum,color,creationtime,creator,datatype,dataval,defaultvalue,defaultvar,define1,define2,define3,disabled,dr,editformula,hyperlinkflag,iscode,isdefined,ismultiselectedenabled,isnextrow,isrevise,istotal,itemtype,label,maxlength,metadataproperty,metaid,metapath,modifiedtime,modifier,position,proid,refcode,refname,relatemeta,required,resid,showformula,textrows,ts,validateformula,visible,width)
        values('0001ZZZZ596a000f1024','0001ZZZZ33bdad3af582','5cdc5913-ad9f-4f88-9923-785f7097915d','approver',null,'#111111',null,'~',204, '0001Z01000000001BVPB,code=N', null,null,null,null,null,'N',0,null,'N','N','N',null,'N','N','N','refer','审批人',28,'uap.user.user_name','f6f9a473-56c0-432f-8bc7-fbf8fde54fee','approver',null,'~',19,'07e42df6-934a-446b-95f1-63e3e7ab58e3','uap/refer/riart/userDefaultRefer/index','用户',null,'N',null,null,null,'2021-07-19 14:33:45',null,'Y',null);
        go

        insert into pub_form_property(pk_form_property,areaid,classid,code,colnum,color,creationtime,creator,datatype,dataval,defaultvalue,defaultvar,define1,define2,define3,disabled,dr,editformula,hyperlinkflag,iscode,isdefined,ismultiselectedenabled,isnextrow,isrevise,istotal,itemtype,label,maxlength,metadataproperty,metaid,metapath,modifiedtime,modifier,position,proid,refcode,refname,relatemeta,required,resid,showformula,textrows,ts,validateformula,visible,width)
        values('0001ZZZZ596a000f1025','0001ZZZZ33bdad3af582','5cdc5913-ad9f-4f88-9923-785f7097915d','approvenote',null,'#111111',null,'~',1, null, null,null,null,null,null,'N',0,null,'N','N','N',null,'N','N','N','input','审批批语',28,NULL,'','approvenote',null,'~',21,'708665b6-18e3-48e2-b4c7-4abe1ed5803b','/common-ref/','-99',null,'N',null,null,null,'2021-07-19 14:33:45',null,'Y',null);
        go

        insert into pub_form_property(pk_form_property,areaid,classid,code,colnum,color,creationtime,creator,datatype,dataval,defaultvalue,defaultvar,define1,define2,define3,disabled,dr,editformula,hyperlinkflag,iscode,isdefined,ismultiselectedenabled,isnextrow,isrevise,istotal,itemtype,label,maxlength,metadataproperty,metaid,metapath,modifiedtime,modifier,position,proid,refcode,refname,relatemeta,required,resid,showformula,textrows,ts,validateformula,visible,width)
        values('0001ZZZZ596a000f1026','0001ZZZZ33bdad3af582','5cdc5913-ad9f-4f88-9923-785f7097915d','approvedate',null,'#111111',null,'~',34, null, null,null,null,null,null,'N',0,null,'N','N','N',null,'N','N','N','datetimepicker','审批时间',28,NULL,'','approvedate',null,'~',22,'731f3b53-3417-456e-8e7f-2e489f2daeb5','/common-ref/','-99',null,'N',null,null,null,'2021-07-19 14:33:45',null,'Y',null);
        go

        insert into pub_form_property(pk_form_property,areaid,classid,code,colnum,color,creationtime,creator,datatype,dataval,defaultvalue,defaultvar,define1,define2,define3,disabled,dr,editformula,hyperlinkflag,iscode,isdefined,ismultiselectedenabled,isnextrow,isrevise,istotal,itemtype,label,maxlength,metadataproperty,metaid,metapath,modifiedtime,modifier,position,proid,refcode,refname,relatemeta,required,resid,showformula,textrows,ts,validateformula,visible,width)
        values('0001ZZZZ596a000f1027','0001ZZZZ33bdad3af582','5cdc5913-ad9f-4f88-9923-785f7097915d','approvestatus',null,'#111111',null,'~',203, '自由=-1,审批未通过=0,审批通过=1,审批进行中=2,提交=3', null,null,null,null,null,'N',0,null,'N','N','N',null,'N','N','N','select','审批状态',28,NULL,'','approvestatus',null,'~',20,'520522d2-7398-4b61-8837-ba1ea9e4924f','/common-ref/','-99',null,'N',null,null,null,'2021-07-19 14:33:45',null,'Y',null);
        go

        insert into pub_form_property(pk_form_property,areaid,classid,code,colnum,color,creationtime,creator,datatype,dataval,defaultvalue,defaultvar,define1,define2,define3,disabled,dr,editformula,hyperlinkflag,iscode,isdefined,ismultiselectedenabled,isnextrow,isrevise,istotal,itemtype,label,maxlength,metadataproperty,metaid,metapath,modifiedtime,modifier,position,proid,refcode,refname,relatemeta,required,resid,showformula,textrows,ts,validateformula,visible,width)
        values('0001ZZZZ596a000f1028','0001ZZZZ33bdad3af582','5cdc5913-ad9f-4f88-9923-785f7097915d','amount',null,'#111111',null,'~',1, null, null,null,null,null,null,'N',0,null,'N','N','N',null,'N','N','N','input','应缴金额',28,NULL,'','amount',null,'~',42,'70a7dc16-a9e3-4c6a-9a30-6b63ca926089','/common-ref/','-99',null,'N',null,null,null,'2021-07-19 14:33:45',null,'Y',null);
        go

        insert into pub_form_property(pk_form_property,areaid,classid,code,colnum,color,creationtime,creator,datatype,dataval,defaultvalue,defaultvar,define1,define2,define3,disabled,dr,editformula,hyperlinkflag,iscode,isdefined,ismultiselectedenabled,isnextrow,isrevise,istotal,itemtype,label,maxlength,metadataproperty,metaid,metapath,modifiedtime,modifier,position,proid,refcode,refname,relatemeta,required,resid,showformula,textrows,ts,validateformula,visible,width)
        values('0001ZZZZ596a000f1029','0001ZZZZ33bdad3af582','5cdc5913-ad9f-4f88-9923-785f7097915d','srctrantype',null,'#111111',null,'~',1, null, null,null,null,null,null,'N',0,null,'N','N','N',null,'N','N','N','input','来源交易类型',28,NULL,'','srctrantype',null,'~',30,'63f8e218-77f9-4643-8757-410e97f2abd4','/common-ref/','-99',null,'N',null,null,null,'2021-07-19 14:33:45',null,'Y',null);
        go

        insert into pub_form_property(pk_form_property,areaid,classid,code,colnum,color,creationtime,creator,datatype,dataval,defaultvalue,defaultvar,define1,define2,define3,disabled,dr,editformula,hyperlinkflag,iscode,isdefined,ismultiselectedenabled,isnextrow,isrevise,istotal,itemtype,label,maxlength,metadataproperty,metaid,metapath,modifiedtime,modifier,position,proid,refcode,refname,relatemeta,required,resid,showformula,textrows,ts,validateformula,visible,width)
        values('0001ZZZZ596a000f1032','0001ZZZZ33bdad3af582','5cdc5913-ad9f-4f88-9923-785f7097915d','srccode',null,'#111111',null,'~',1, null, null,null,null,null,null,'N',0,null,'N','N','N',null,'N','N','N','input','来源单据号',28,NULL,'','srccode',null,'~',26,'66c34850-3435-4f8d-9c50-9c6e819e3029','/common-ref/','-99',null,'N',null,null,null,'2021-07-19 14:33:45',null,'Y',null);
        go

        insert into pub_form_property(pk_form_property,areaid,classid,code,colnum,color,creationtime,creator,datatype,dataval,defaultvalue,defaultvar,define1,define2,define3,disabled,dr,editformula,hyperlinkflag,iscode,isdefined,ismultiselectedenabled,isnextrow,isrevise,istotal,itemtype,label,maxlength,metadataproperty,metaid,metapath,modifiedtime,modifier,position,proid,refcode,refname,relatemeta,required,resid,showformula,textrows,ts,validateformula,visible,width)
        values('0001ZZZZ596a000f1034','0001ZZZZ33bdad3af582','5cdc5913-ad9f-4f88-9923-785f7097915d','srcbilltype',null,'#111111',null,'~',1, null, null,null,null,null,null,'N',0,null,'N','N','N',null,'N','N','N','input','来源单据类型',28,NULL,'','srcbilltype',null,'~',24,'d2726567-c3af-4eeb-9e5c-03938b411d00','/common-ref/','-99',null,'N',null,null,null,'2021-07-19 14:33:45',null,'Y',null);
        go

        insert into pub_form_property(pk_form_property,areaid,classid,code,colnum,color,creationtime,creator,datatype,dataval,defaultvalue,defaultvar,define1,define2,define3,disabled,dr,editformula,hyperlinkflag,iscode,isdefined,ismultiselectedenabled,isnextrow,isrevise,istotal,itemtype,label,maxlength,metadataproperty,metaid,metapath,modifiedtime,modifier,position,proid,refcode,refname,relatemeta,required,resid,showformula,textrows,ts,validateformula,visible,width)
        values('0001ZZZZ596a000f1035','0001ZZZZ33bdad3af582','5cdc5913-ad9f-4f88-9923-785f7097915d','srcrowno',null,'#111111',null,'~',1, null, null,null,null,null,null,'N',0,null,'N','N','N',null,'N','N','N','input','来源单据行号',28,NULL,'','srcrowno',null,'~',29,'5d5549b6-8268-43e4-ad7f-59b93c37d7fc','/common-ref/','-99',null,'N',null,null,null,'2021-07-19 14:33:45',null,'Y',null);
        go

        insert into pub_form_property(pk_form_property,areaid,classid,code,colnum,color,creationtime,creator,datatype,dataval,defaultvalue,defaultvar,define1,define2,define3,disabled,dr,editformula,hyperlinkflag,iscode,isdefined,ismultiselectedenabled,isnextrow,isrevise,istotal,itemtype,label,maxlength,metadataproperty,metaid,metapath,modifiedtime,modifier,position,proid,refcode,refname,relatemeta,required,resid,showformula,textrows,ts,validateformula,visible,width)
        values('0001ZZZZ596a000f1036','0001ZZZZ33bdad3af582','5cdc5913-ad9f-4f88-9923-785f7097915d','vfirsttrantype',null,'#111111',null,'~',1, null, null,null,null,null,null,'N',0,null,'N','N','N',null,'N','N','N','input','源头交易类型',28,NULL,'','vfirsttrantype',null,'~',36,'619b6b57-963e-4789-8a15-4de6b93387b9','/common-ref/','-99',null,'N',null,null,null,'2021-07-19 14:33:45',null,'Y',null);
        go

        insert into pub_form_property(pk_form_property,areaid,classid,code,colnum,color,creationtime,creator,datatype,dataval,defaultvalue,defaultvar,define1,define2,define3,disabled,dr,editformula,hyperlinkflag,iscode,isdefined,ismultiselectedenabled,isnextrow,isrevise,istotal,itemtype,label,maxlength,metadataproperty,metaid,metapath,modifiedtime,modifier,position,proid,refcode,refname,relatemeta,required,resid,showformula,textrows,ts,validateformula,visible,width)
        values('0001ZZZZ596a000f1038','0001ZZZZ33bdad3af582','5cdc5913-ad9f-4f88-9923-785f7097915d','vfirstcode',null,'#111111',null,'~',1, null, null,null,null,null,null,'N',0,null,'N','N','N',null,'N','N','N','input','源头单据号',28,NULL,'','vfirstcode',null,'~',32,'7b6bd5ae-2972-4010-bb83-30cd57fc280e','/common-ref/','-99',null,'N',null,null,null,'2021-07-19 14:33:45',null,'Y',null);
        go

        insert into pub_form_property(pk_form_property,areaid,classid,code,colnum,color,creationtime,creator,datatype,dataval,defaultvalue,defaultvar,define1,define2,define3,disabled,dr,editformula,hyperlinkflag,iscode,isdefined,ismultiselectedenabled,isnextrow,isrevise,istotal,itemtype,label,maxlength,metadataproperty,metaid,metapath,modifiedtime,modifier,position,proid,refcode,refname,relatemeta,required,resid,showformula,textrows,ts,validateformula,visible,width)
        values('0001ZZZZ596a000f1040','0001ZZZZ33bdad3af582','5cdc5913-ad9f-4f88-9923-785f7097915d','vfirsttype',null,'#111111',null,'~',1, null, null,null,null,null,null,'N',0,null,'N','N','N',null,'N','N','N','input','源头单据类型',28,NULL,'','vfirsttype',null,'~',31,'3036d6d3-d480-42e3-9fb4-e467467df868','/common-ref/','-99',null,'N',null,null,null,'2021-07-19 14:33:45',null,'Y',null);
        go

        insert into pub_form_property(pk_form_property,areaid,classid,code,colnum,color,creationtime,creator,datatype,dataval,defaultvalue,defaultvar,define1,define2,define3,disabled,dr,editformula,hyperlinkflag,iscode,isdefined,ismultiselectedenabled,isnextrow,isrevise,istotal,itemtype,label,maxlength,metadataproperty,metaid,metapath,modifiedtime,modifier,position,proid,refcode,refname,relatemeta,required,resid,showformula,textrows,ts,validateformula,visible,width)
        values('0001ZZZZ596a000f1041','0001ZZZZ33bdad3af582','5cdc5913-ad9f-4f88-9923-785f7097915d','vfirstrowno',null,'#111111',null,'~',1, null, null,null,null,null,null,'N',0,null,'N','N','N',null,'N','N','N','input','源头单据行号',28,NULL,'','vfirstrowno',null,'~',35,'6dba6070-54bb-456d-a2b8-be09d3ed9bd8','/common-ref/','-99',null,'N',null,null,null,'2021-07-19 14:33:45',null,'Y',null);
        go

        insert into pub_form_property(pk_form_property,areaid,classid,code,colnum,color,creationtime,creator,datatype,dataval,defaultvalue,defaultvar,define1,define2,define3,disabled,dr,editformula,hyperlinkflag,iscode,isdefined,ismultiselectedenabled,isnextrow,isrevise,istotal,itemtype,label,maxlength,metadataproperty,metaid,metapath,modifiedtime,modifier,position,proid,refcode,refname,relatemeta,required,resid,showformula,textrows,ts,validateformula,visible,width)
        values('0001ZZZZ596a000f1042','0001ZZZZ33bdad3af582','5cdc5913-ad9f-4f88-9923-785f7097915d','clas',null,'#111111',null,'~',1, null, null,null,null,null,null,'N',0,null,'N','N','N',null,'N','N','N','input','班级',28,NULL,'','clas',null,'~',39,'82e0acfb-4f9f-4303-b3e1-b41bcf31b347','/common-ref/','-99',null,'N',null,null,null,'2021-07-19 14:33:45',null,'Y',null);
        go

        insert into pub_form_property(pk_form_property,areaid,classid,code,colnum,color,creationtime,creator,datatype,dataval,defaultvalue,defaultvar,define1,define2,define3,disabled,dr,editformula,hyperlinkflag,iscode,isdefined,ismultiselectedenabled,isnextrow,isrevise,istotal,itemtype,label,maxlength,metadataproperty,metaid,metapath,modifiedtime,modifier,position,proid,refcode,refname,relatemeta,required,resid,showformula,textrows,ts,validateformula,visible,width)
        values('0001ZZZZ596a000f1043','0001ZZZZ33bdad3af582','5cdc5913-ad9f-4f88-9923-785f7097915d','pk_org',null,'#111111',null,'~',204, '0001Z01000000001BVPS,code=N', null,null,null,null,null,'N',0,null,'N','N','N',null,'N','N','N','refer','组织',28,'uap.org.name','985be8a4-3a36-4778-8afe-2d8ed3902659','pk_org',null,'~',3,'4c706b0c-c6c8-4cc4-a472-8e233f64138a','uapbd/refer/org/BusinessUnitAndDeptTreeRef/index','业务单元及部门',null,'N',null,null,null,'2021-07-19 14:33:45',null,'Y',null);
        go

        insert into pub_form_property(pk_form_property,areaid,classid,code,colnum,color,creationtime,creator,datatype,dataval,defaultvalue,defaultvar,define1,define2,define3,disabled,dr,editformula,hyperlinkflag,iscode,isdefined,ismultiselectedenabled,isnextrow,isrevise,istotal,itemtype,label,maxlength,metadataproperty,metaid,metapath,modifiedtime,modifier,position,proid,refcode,refname,relatemeta,required,resid,showformula,textrows,ts,validateformula,visible,width)
        values('0001ZZZZ596a000f1044','0001ZZZZ33bdad3af582','5cdc5913-ad9f-4f88-9923-785f7097915d','pk_org_v',null,'#111111',null,'~',204, '', null,null,null,null,null,'N',0,null,'N','N','N',null,'N','N','N','refer','组织版本',28,NULL,'da7bba89-9a59-42d6-a262-c13ef459dbd9','pk_org_v',null,'~',4,'0151ae15-ba63-4f89-b106-7ff9f718aa57','uapbd/refer/orgv/BusinessUnitVersionDefaultAllTreeRef/index','业务单元版本(所有)',null,'N',null,null,null,'2021-07-19 14:33:45',null,'N',null);
        go

        insert into pub_form_property(pk_form_property,areaid,classid,code,colnum,color,creationtime,creator,datatype,dataval,defaultvalue,defaultvar,define1,define2,define3,disabled,dr,editformula,hyperlinkflag,iscode,isdefined,ismultiselectedenabled,isnextrow,isrevise,istotal,itemtype,label,maxlength,metadataproperty,metaid,metapath,modifiedtime,modifier,position,proid,refcode,refname,relatemeta,required,resid,showformula,textrows,ts,validateformula,visible,width)
        values('0001ZZZZ596a000f1065','0001ZZZZ33bdad3af582','5cdc5913-ad9f-4f88-9923-785f7097915d','isupload',null,'#111111',null,'~',32, null, null,null,null,null,null,'N',0,null,'N','N','N',null,'N','N','N','checkbox_switch','附件是否上传',28,NULL,'','isupload',null,'~',46,'fbb2e1a9-7be6-4781-a61d-df679c00fb3e','/common-ref/','-99',null,'N',null,null,null,'2021-07-19 14:33:45',null,'Y',null);
        go

        insert into pub_form_property(pk_form_property,areaid,classid,code,colnum,color,creationtime,creator,datatype,dataval,defaultvalue,defaultvar,define1,define2,define3,disabled,dr,editformula,hyperlinkflag,iscode,isdefined,ismultiselectedenabled,isnextrow,isrevise,istotal,itemtype,label,maxlength,metadataproperty,metaid,metapath,modifiedtime,modifier,position,proid,refcode,refname,relatemeta,required,resid,showformula,textrows,ts,validateformula,visible,width)
        values('0001ZZZZ596a000f1066','0001ZZZZ33bdad3af582','5cdc5913-ad9f-4f88-9923-785f7097915d','pk_group',null,'#111111',null,'~',204, '0001Z010000000000ZKS,code=N', null,null,null,null,null,'N',0,null,'N','N','N',null,'N','N','N','refer','集团',28,'uap.group.name','3b6dd171-2900-47f3-bfbe-41e4483a2a65','pk_group',null,'~',2,'e250c468-e9d2-46bc-bb8f-b83073c39d80','uap/refer/riart/groupTreeRef/index','集团',null,'N',null,null,null,'2021-07-19 14:33:45',null,'Y',null);
        go








            insert into pub_form_property(pk_form_property,areaid,classid,code,colnum,color,creationtime,creator,datatype,dataval,defaultvalue,defaultvar,define1,define2,define3,disabled,dr,editformula,hyperlinkflag,iscode,isdefined,ismultiselectedenabled,isnextrow,isrevise,istotal,itemtype,label,maxlength,metadataproperty,metaid,metapath,modifiedtime,modifier,position,proid,refcode,refname,relatemeta,required,resid,showformula,textrows,ts,validateformula,visible,width)
            values('0001ZZZZ8559f9420001','0001ZZZZf5602a7bd60f','5cdc5913-ad9f-4f88-9923-785f7097915d','pk_busitype','1','#111111',null,'~',204,'' , null,null,null,null,null,'N',0,null,'N','N','N',null,'N','N','N','refer','业务类型',28,NULL,'','pk_busitype',null,'~',8,'66e2fffa-9206-485e-9a14-e9809a0801fa','uap/refer/riart/busitype/index','业务流程',null,'N',null,null,null,'2021-07-19 14:33:45',null,'Y',null);
            go
            insert into pub_form_property(pk_form_property,areaid,classid,code,colnum,color,creationtime,creator,datatype,dataval,defaultvalue,defaultvar,define1,define2,define3,disabled,dr,editformula,hyperlinkflag,iscode,isdefined,ismultiselectedenabled,isnextrow,isrevise,istotal,itemtype,label,maxlength,metadataproperty,metaid,metapath,modifiedtime,modifier,position,proid,refcode,refname,relatemeta,required,resid,showformula,textrows,ts,validateformula,visible,width)
            values('0001ZZZZ8559f9420002','0001ZZZZf5602a7bd60f','5cdc5913-ad9f-4f88-9923-785f7097915d','infonote','1','#111111',null,'~',1,null, null,null,null,null,null,'N',0,null,'N','N','N',null,'N','N','N','input','事项说明',28,NULL,'','infonote',null,'~',44,'0942ea18-8897-4b1c-afa4-834a0daad254','/common-ref/','-99',null,'N',null,null,null,'2021-07-19 14:33:45',null,'Y',null);
            go
            insert into pub_form_property(pk_form_property,areaid,classid,code,colnum,color,creationtime,creator,datatype,dataval,defaultvalue,defaultvar,define1,define2,define3,disabled,dr,editformula,hyperlinkflag,iscode,isdefined,ismultiselectedenabled,isnextrow,isrevise,istotal,itemtype,label,maxlength,metadataproperty,metaid,metapath,modifiedtime,modifier,position,proid,refcode,refname,relatemeta,required,resid,showformula,textrows,ts,validateformula,visible,width)
            values('0001ZZZZ8559f9420003','0001ZZZZf5602a7bd60f','5cdc5913-ad9f-4f88-9923-785f7097915d','pk_transtype','1','#111111',null,'~',204,'0001Z0100BILLTYPEZJ8,code=N' , null,null,null,null,null,'N',0,null,'N','N','N',null,'N','N','N','refer','交易类型',28,'uap.BilltypeVO.billtypename','','pk_transtype',null,'~',12,'b6666593-22e9-4e1c-ac60-c521bb73c562','uap/refer/riart/transtype/index','影响因素交 易类型',null,'N',null,null,null,'2021-07-19 14:33:45',null,'Y',null);
            go
            insert into pub_form_property(pk_form_property,areaid,classid,code,colnum,color,creationtime,creator,datatype,dataval,defaultvalue,defaultvar,define1,define2,define3,disabled,dr,editformula,hyperlinkflag,iscode,isdefined,ismultiselectedenabled,isnextrow,isrevise,istotal,itemtype,label,maxlength,metadataproperty,metaid,metapath,modifiedtime,modifier,position,proid,refcode,refname,relatemeta,required,resid,showformula,textrows,ts,validateformula,visible,width)
            values('0001ZZZZ8559f9420004','0001ZZZZf5602a7bd60f','5cdc5913-ad9f-4f88-9923-785f7097915d','transtypecode','1','#111111',null,'~',1,null, null,null,null,null,null,'N',0,null,'N','N','N',null,'N','N','N','input','交易类型编码',28,NULL,'','transtypecode',null,'~',11,'06112784-9f29-4925-9c70-89ad756b590f','/common-ref/','-99',null,'N',null,null,null,'2021-07-19 14:33:45',null,'Y',null);
            go
            insert into pub_form_property(pk_form_property,areaid,classid,code,colnum,color,creationtime,creator,datatype,dataval,defaultvalue,defaultvar,define1,define2,define3,disabled,dr,editformula,hyperlinkflag,iscode,isdefined,ismultiselectedenabled,isnextrow,isrevise,istotal,itemtype,label,maxlength,metadataproperty,metaid,metapath,modifiedtime,modifier,position,proid,refcode,refname,relatemeta,required,resid,showformula,textrows,ts,validateformula,visible,width)
            values('0001ZZZZ17b02e353130','0001ZZZZa8280a3d1d64','5cdc5913-ad9f-4f88-9923-785f7097915d','modifier','1','#111111',null,'~',204,'0001Z01000000001BVPB,code=N', null,null,null,null,null,'N',0,null,'N','N','N',null,'N','N','N','refer','修改人',28,'uap.user.user_name','','modifier',null,'~',17,'2356d7a6-a6c8-4eb2-92c4-d8e1bd5669f1','uap/refer/riart/userDefaultRefer/index','用户',null,'N',null,null,null,'2021-07-19 14:33:45',null,'Y',null);
            go
            insert into pub_form_property(pk_form_property,areaid,classid,code,colnum,color,creationtime,creator,datatype,dataval,defaultvalue,defaultvar,define1,define2,define3,disabled,dr,editformula,hyperlinkflag,iscode,isdefined,ismultiselectedenabled,isnextrow,isrevise,istotal,itemtype,label,maxlength,metadataproperty,metaid,metapath,modifiedtime,modifier,position,proid,refcode,refname,relatemeta,required,resid,showformula,textrows,ts,validateformula,visible,width)
            values('0001ZZZZf95e4ff3b7b3','0001ZZZZa8280a3d1d64','5cdc5913-ad9f-4f88-9923-785f7097915d','modifiedtime','1','#111111',null,'~',34,null, null,null,null,null,null,'N',0,null,'N','N','N',null,'N','N','N','datetimepicker','修改时间',28,NULL,'','modifiedtime',null,'~',18,'26527aef-dd03-4085-8760-8adb6e334727','/common-ref/','-99',null,'N',null,null,null,'2021-07-19 14:33:45',null,'Y',null);
            go
            insert into pub_form_property(pk_form_property,areaid,classid,code,colnum,color,creationtime,creator,datatype,dataval,defaultvalue,defaultvar,define1,define2,define3,disabled,dr,editformula,hyperlinkflag,iscode,isdefined,ismultiselectedenabled,isnextrow,isrevise,istotal,itemtype,label,maxlength,metadataproperty,metaid,metapath,modifiedtime,modifier,position,proid,refcode,refname,relatemeta,required,resid,showformula,textrows,ts,validateformula,visible,width)
            values('0001ZZZZ8559f9420007','0001ZZZZf5602a7bd60f','5cdc5913-ad9f-4f88-9923-785f7097915d','freetype','1','#111111',null,'~',1,null, null,null,null,null,null,'N',0,null,'N','N','N',null,'N','N','N','input','减免类型',28,NULL,'','freetype',null,'~',43,'72da70a7-c6d7-4f8c-b89f-a7398084e920','/common-ref/','-99',null,'N',null,null,null,'2021-07-19 14:33:45',null,'Y',null);
            go
            insert into pub_form_property(pk_form_property,areaid,classid,code,colnum,color,creationtime,creator,datatype,dataval,defaultvalue,defaultvar,define1,define2,define3,disabled,dr,editformula,hyperlinkflag,iscode,isdefined,ismultiselectedenabled,isnextrow,isrevise,istotal,itemtype,label,maxlength,metadataproperty,metaid,metapath,modifiedtime,modifier,position,proid,refcode,refname,relatemeta,required,resid,showformula,textrows,ts,validateformula,visible,width)
            values('0001ZZZZ8559f9420008','0001ZZZZf5602a7bd60f','5cdc5913-ad9f-4f88-9923-785f7097915d','reducation','1','#111111',null,'~',1,null, null,null,null,null,null,'N',0,null,'N','N','N',null,'N','N','N','input','减免金额',28,NULL,'','reducation',null,'~',41,'31940290-2755-44b0-a3d0-f41d5d88dd6d','/common-ref/','-99',null,'N',null,null,null,'2021-07-19 14:33:45',null,'Y',null);
            go
            insert into pub_form_property(pk_form_property,areaid,classid,code,colnum,color,creationtime,creator,datatype,dataval,defaultvalue,defaultvar,define1,define2,define3,disabled,dr,editformula,hyperlinkflag,iscode,isdefined,ismultiselectedenabled,isnextrow,isrevise,istotal,itemtype,label,maxlength,metadataproperty,metaid,metapath,modifiedtime,modifier,position,proid,refcode,refname,relatemeta,required,resid,showformula,textrows,ts,validateformula,visible,width)
            values('0001ZZZZ5694442a8335','0001ZZZZa8280a3d1d64','5cdc5913-ad9f-4f88-9923-785f7097915d','creator','1','#111111',null,'~',204,'0001Z01000000001BVPB,code=N', null,null,null,null,null,'N',0,null,'N','N','N',null,'N','N','N','refer','创建人',28,'uap.user.user_name','','creator',null,'~',15,'cc76f49e-b8f8-45ce-929a-0d8aa2b19a9f','uap/refer/riart/userDefaultRefer/index','用户',null,'N',null,null,null,'2021-07-19 14:33:45',null,'Y',null);
            go
            insert into pub_form_property(pk_form_property,areaid,classid,code,colnum,color,creationtime,creator,datatype,dataval,defaultvalue,defaultvar,define1,define2,define3,disabled,dr,editformula,hyperlinkflag,iscode,isdefined,ismultiselectedenabled,isnextrow,isrevise,istotal,itemtype,label,maxlength,metadataproperty,metaid,metapath,modifiedtime,modifier,position,proid,refcode,refname,relatemeta,required,resid,showformula,textrows,ts,validateformula,visible,width)
            values('0001ZZZZ979036173cd9','0001ZZZZa8280a3d1d64','5cdc5913-ad9f-4f88-9923-785f7097915d','creationtime','1','#111111',null,'~',34,null, null,null,null,null,null,'N',0,null,'N','N','N',null,'N','N','N','datetimepicker','创建时间',28,NULL,'','creationtime',null,'~',16,'c92dc419-832f-4594-a7e9-d242163f6cbe','/common-ref/','-99',null,'N',null,null,null,'2021-07-19 14:33:45',null,'Y',null);
            go
            insert into pub_form_property(pk_form_property,areaid,classid,code,colnum,color,creationtime,creator,datatype,dataval,defaultvalue,defaultvar,define1,define2,define3,disabled,dr,editformula,hyperlinkflag,iscode,isdefined,ismultiselectedenabled,isnextrow,isrevise,istotal,itemtype,label,maxlength,metadataproperty,metaid,metapath,modifiedtime,modifier,position,proid,refcode,refname,relatemeta,required,resid,showformula,textrows,ts,validateformula,visible,width)
            values('0001ZZZZ8559f9420011','0001ZZZZf5602a7bd60f','5cdc5913-ad9f-4f88-9923-785f7097915d','billmaker','1','#111111',null,'~',204,'0001Z01000000001BVPB,code=N' , null,null,null,null,null,'N',0,null,'N','N','N',null,'N','N','N','refer','制单人',28,'uap.user.user_name','','billmaker',null,'~',13,'52f0f794-d95b-4c38-a0d9-1b692e9af0a1','uap/refer/riart/userDefaultRefer/index','用户',null,'N',null,null,null,'2021-07-19 14:33:45',null,'Y',null);
            go
            insert into pub_form_property(pk_form_property,areaid,classid,code,colnum,color,creationtime,creator,datatype,dataval,defaultvalue,defaultvar,define1,define2,define3,disabled,dr,editformula,hyperlinkflag,iscode,isdefined,ismultiselectedenabled,isnextrow,isrevise,istotal,itemtype,label,maxlength,metadataproperty,metaid,metapath,modifiedtime,modifier,position,proid,refcode,refname,relatemeta,required,resid,showformula,textrows,ts,validateformula,visible,width)
            values('0001ZZZZ8559f9420012','0001ZZZZf5602a7bd60f','5cdc5913-ad9f-4f88-9923-785f7097915d','maketime','1','#111111',null,'~',33,null, null,null,null,null,null,'N',0,null,'N','N','N',null,'N','N','N','datepicker','制单时间',28,NULL,'','maketime',null,'~',14,'0a79de00-3c3b-44af-b0e3-7f1fba189136','/common-ref/','-99',null,'N',null,null,null,'2021-07-19 14:33:45',null,'Y',null);
            go
            insert into pub_form_property(pk_form_property,areaid,classid,code,colnum,color,creationtime,creator,datatype,dataval,defaultvalue,defaultvar,define1,define2,define3,disabled,dr,editformula,hyperlinkflag,iscode,isdefined,ismultiselectedenabled,isnextrow,isrevise,istotal,itemtype,label,maxlength,metadataproperty,metaid,metapath,modifiedtime,modifier,position,proid,refcode,refname,relatemeta,required,resid,showformula,textrows,ts,validateformula,visible,width)
            values('0001ZZZZ8559f9420013','0001ZZZZf5602a7bd60f','5cdc5913-ad9f-4f88-9923-785f7097915d','bill_no','1','#111111',null,'~',1,null, null,null,null,null,null,'Y',0,null,'N','N','N',null,'N','N','N','input','单据号',28,NULL,'','bill_no',null,'~',7,'995e6fbb-2267-4d59-b7f0-195dcd870dfa','/common-ref/','-99',null,'N',null,null,null,'2021-07-19 14:33:45',null,'Y',null);
            go
            insert into pub_form_property(pk_form_property,areaid,classid,code,colnum,color,creationtime,creator,datatype,dataval,defaultvalue,defaultvar,define1,define2,define3,disabled,dr,editformula,hyperlinkflag,iscode,isdefined,ismultiselectedenabled,isnextrow,isrevise,istotal,itemtype,label,maxlength,metadataproperty,metaid,metapath,modifiedtime,modifier,position,proid,refcode,refname,relatemeta,required,resid,showformula,textrows,ts,validateformula,visible,width)
            values('0001ZZZZ8559f9420014','0001ZZZZf5602a7bd60f','5cdc5913-ad9f-4f88-9923-785f7097915d','dbilldate','1','#111111',null,'~',33,null, null,null,null,null,null,'N',0,null,'N','N','N',null,'N','N','N','datepicker','单据日期',28,NULL,'','dbilldate',null,'~',5,'e2246c75-00e4-4932-8828-fd33ae2fd108','/common-ref/','-99',null,'N',null,null,null,'2021-07-19 14:33:45',null,'Y',null);
            go
            insert into pub_form_property(pk_form_property,areaid,classid,code,colnum,color,creationtime,creator,datatype,dataval,defaultvalue,defaultvar,define1,define2,define3,disabled,dr,editformula,hyperlinkflag,iscode,isdefined,ismultiselectedenabled,isnextrow,isrevise,istotal,itemtype,label,maxlength,metadataproperty,metaid,metapath,modifiedtime,modifier,position,proid,refcode,refname,relatemeta,required,resid,showformula,textrows,ts,validateformula,visible,width)
            values('0001ZZZZ8559f9420015','0001ZZZZf5602a7bd60f','5cdc5913-ad9f-4f88-9923-785f7097915d','billstatus','1','#111111',null,'~',203,'自由=-1,审批未通过=0,审批通过=1,审批进行中=2,提交=3','-1',null,null,null,null,'Y',0,null,'N','N','N',null,'N','N','N','select','单据状态',28,NULL,'','billstatus',null,'~',6,'20f4e8cd-f964-4a46-917b-6853d6cdad3e','/common-ref/','-99',null,'N',null,null,null,'2021-07-19 14:33:45',null,'Y',null);
            go
            insert into pub_form_property(pk_form_property,areaid,classid,code,colnum,color,creationtime,creator,datatype,dataval,defaultvalue,defaultvar,define1,define2,define3,disabled,dr,editformula,hyperlinkflag,iscode,isdefined,ismultiselectedenabled,isnextrow,isrevise,istotal,itemtype,label,maxlength,metadataproperty,metaid,metapath,modifiedtime,modifier,position,proid,refcode,refname,relatemeta,required,resid,showformula,textrows,ts,validateformula,visible,width)
            values('0001ZZZZ8559f9420016','0001ZZZZf5602a7bd60f','5cdc5913-ad9f-4f88-9923-785f7097915d','pk_billtypeid','1','#111111',null,'~',204,'0001Z0100BILLTYPEZJ7,code=N' , null,null,null,null,null,'N',0,null,'N','N','N',null,'N','N','N','refer','单据类型',28,'uap.BilltypeVO.billtypename','','pk_billtypeid',null,'~',9,'1379e84e-eafe-46a6-a2ae-1fb82d6336d6','uap/refer/riart/billtype/index','影响因素单据类型',null,'N',null,null,null,'2021-07-19 14:33:45',null,'Y',null);
            go
            insert into pub_form_property(pk_form_property,areaid,classid,code,colnum,color,creationtime,creator,datatype,dataval,defaultvalue,defaultvar,define1,define2,define3,disabled,dr,editformula,hyperlinkflag,iscode,isdefined,ismultiselectedenabled,isnextrow,isrevise,istotal,itemtype,label,maxlength,metadataproperty,metaid,metapath,modifiedtime,modifier,position,proid,refcode,refname,relatemeta,required,resid,showformula,textrows,ts,validateformula,visible,width)
            values('0001ZZZZ8559f9420017','0001ZZZZf5602a7bd60f','5cdc5913-ad9f-4f88-9923-785f7097915d','billtype','1','#111111',null,'~',1,null, null,null,null,null,null,'N',0,null,'N','N','N',null,'N','N','N','input','单据类型编码',28,NULL,'','billtype',null,'~',10,'c1946ead-d69e-4572-9e76-c682350c827d','/common-ref/','-99',null,'N',null,null,null,'2021-07-19 14:33:45',null,'Y',null);
            go
            insert into pub_form_property(pk_form_property,areaid,classid,code,colnum,color,creationtime,creator,datatype,dataval,defaultvalue,defaultvar,define1,define2,define3,disabled,dr,editformula,hyperlinkflag,iscode,isdefined,ismultiselectedenabled,isnextrow,isrevise,istotal,itemtype,label,maxlength,metadataproperty,metaid,metapath,modifiedtime,modifier,position,proid,refcode,refname,relatemeta,required,resid,showformula,textrows,ts,validateformula,visible,width)
            values('0001ZZZZ8559f9420018','0001ZZZZf5602a7bd60f','5cdc5913-ad9f-4f88-9923-785f7097915d','vnote','1','#111111',null,'~',1,null, null,null,null,null,null,'N',0,null,'N','N','N',null,'N','N','N','input','备注',28,NULL,'','vnote',null,'~',23,'4985f8ba-bfd6-4de2-bd63-06ef7edae5da','/common-ref/','-99',null,'N',null,null,null,'2021-07-19 14:33:45',null,'Y',null);
            go
            insert into pub_form_property(pk_form_property,areaid,classid,code,colnum,color,creationtime,creator,datatype,dataval,defaultvalue,defaultvar,define1,define2,define3,disabled,dr,editformula,hyperlinkflag,iscode,isdefined,ismultiselectedenabled,isnextrow,isrevise,istotal,itemtype,label,maxlength,metadataproperty,metaid,metapath,modifiedtime,modifier,position,proid,refcode,refname,relatemeta,required,resid,showformula,textrows,ts,validateformula,visible,width)
            values('0001ZZZZ8559f9420019','0001ZZZZf5602a7bd60f','5cdc5913-ad9f-4f88-9923-785f7097915d','school','1','#111111',null,'~',1,null, null,null,null,null,null,'N',0,null,'N','N','N',null,'N','N','N','input','学校',28,NULL,'','school',null,'~',38,'888fa35c-d037-4d84-a117-f8520a496197','/common-ref/','-99',null,'N',null,null,null,'2021-07-19 14:33:45',null,'Y',null);
            go
            insert into pub_form_property(pk_form_property,areaid,classid,code,colnum,color,creationtime,creator,datatype,dataval,defaultvalue,defaultvar,define1,define2,define3,disabled,dr,editformula,hyperlinkflag,iscode,isdefined,ismultiselectedenabled,isnextrow,isrevise,istotal,itemtype,label,maxlength,metadataproperty,metaid,metapath,modifiedtime,modifier,position,proid,refcode,refname,relatemeta,required,resid,showformula,textrows,ts,validateformula,visible,width)
            values('0001ZZZZ8559f9420020','0001ZZZZf5602a7bd60f','5cdc5913-ad9f-4f88-9923-785f7097915d','saddresss','1','#111111',null,'~',1,null, null,null,null,null,null,'N',0,null,'N','N','N',null,'N','N','N','input','学校所属地址',28,NULL,'','saddresss',null,'~',45,'8b3e0bc2-1785-476e-adcb-1ca719379b8d','/common-ref/','-99',null,'N',null,null,null,'2021-07-19 14:33:45',null,'Y',null);
            go
            insert into pub_form_property(pk_form_property,areaid,classid,code,colnum,color,creationtime,creator,datatype,dataval,defaultvalue,defaultvar,define1,define2,define3,disabled,dr,editformula,hyperlinkflag,iscode,isdefined,ismultiselectedenabled,isnextrow,isrevise,istotal,itemtype,label,maxlength,metadataproperty,metaid,metapath,modifiedtime,modifier,position,proid,refcode,refname,relatemeta,required,resid,showformula,textrows,ts,validateformula,visible,width)
            values('0001ZZZZ8559f9420021','0001ZZZZf5602a7bd60f','5cdc5913-ad9f-4f88-9923-785f7097915d','student','1','#111111',null,'~',1,null, null,null,null,null,null,'N',0,null,'N','N','N',null,'N','N','N','input','学生',28,NULL,'','student',null,'~',37,'5ecca980-89be-4a40-abf0-e1a1fcf02919','/common-ref/','-99',null,'N',null,null,null,'2021-07-19 14:33:45',null,'Y',null);
            go
            insert into pub_form_property(pk_form_property,areaid,classid,code,colnum,color,creationtime,creator,datatype,dataval,defaultvalue,defaultvar,define1,define2,define3,disabled,dr,editformula,hyperlinkflag,iscode,isdefined,ismultiselectedenabled,isnextrow,isrevise,istotal,itemtype,label,maxlength,metadataproperty,metaid,metapath,modifiedtime,modifier,position,proid,refcode,refname,relatemeta,required,resid,showformula,textrows,ts,validateformula,visible,width)
            values('0001ZZZZ8559f9420023','0001ZZZZf5602a7bd60f','5cdc5913-ad9f-4f88-9923-785f7097915d','alltuition','1','#111111',null,'~',31,null, null,null,null,null,null,'N',0,null,'N','N','N',null,'N','N','N','number','学费总金额',28,NULL,'','alltuition',null,'~',40,'a52ebd60-24be-4e65-8681-af03bd3c272e','/common-ref/','-99',null,'N',null,null,null,'2021-07-19 14:33:45',null,'Y',null);
            go
            insert into pub_form_property(pk_form_property,areaid,classid,code,colnum,color,creationtime,creator,datatype,dataval,defaultvalue,defaultvar,define1,define2,define3,disabled,dr,editformula,hyperlinkflag,iscode,isdefined,ismultiselectedenabled,isnextrow,isrevise,istotal,itemtype,label,maxlength,metadataproperty,metaid,metapath,modifiedtime,modifier,position,proid,refcode,refname,relatemeta,required,resid,showformula,textrows,ts,validateformula,visible,width)
            values('0001ZZZZcd00ae6a5775','0001ZZZZa8280a3d1d64','5cdc5913-ad9f-4f88-9923-785f7097915d','approver','1','#111111',null,'~',204,'0001Z01000000001BVPB,code=N', null,null,null,null,null,'N',0,null,'N','N','N',null,'N','N','N','refer','审批人',28,'uap.user.user_name','','approver',null,'~',19,'607389f6-ff41-4d25-abec-6c327e300e85','uap/refer/riart/userDefaultRefer/index','用户',null,'N',null,null,null,'2021-07-19 14:33:45',null,'Y',null);
            go
            insert into pub_form_property(pk_form_property,areaid,classid,code,colnum,color,creationtime,creator,datatype,dataval,defaultvalue,defaultvar,define1,define2,define3,disabled,dr,editformula,hyperlinkflag,iscode,isdefined,ismultiselectedenabled,isnextrow,isrevise,istotal,itemtype,label,maxlength,metadataproperty,metaid,metapath,modifiedtime,modifier,position,proid,refcode,refname,relatemeta,required,resid,showformula,textrows,ts,validateformula,visible,width)
            values('0001ZZZZf8af0fe0b9db','0001ZZZZa8280a3d1d64','5cdc5913-ad9f-4f88-9923-785f7097915d','approvenote','1','#111111',null,'~',1,null, null,null,null,null,null,'N',0,null,'N','N','N',null,'N','N','N','input','审批批语',28,NULL,'','approvenote',null,'~',21,'2526738a-ae5d-4ec9-8ffe-30b88bb4f5e3','/common-ref/','-99',null,'N',null,null,null,'2021-07-19 14:33:45',null,'Y',null);
            go
            insert into pub_form_property(pk_form_property,areaid,classid,code,colnum,color,creationtime,creator,datatype,dataval,defaultvalue,defaultvar,define1,define2,define3,disabled,dr,editformula,hyperlinkflag,iscode,isdefined,ismultiselectedenabled,isnextrow,isrevise,istotal,itemtype,label,maxlength,metadataproperty,metaid,metapath,modifiedtime,modifier,position,proid,refcode,refname,relatemeta,required,resid,showformula,textrows,ts,validateformula,visible,width)
            values('0001ZZZZcfce4c83b924','0001ZZZZa8280a3d1d64','5cdc5913-ad9f-4f88-9923-785f7097915d','approvedate','1','#111111',null,'~',34,null, null,null,null,null,null,'N',0,null,'N','N','N',null,'N','N','N','datetimepicker','审批时间',28,NULL,'','approvedate',null,'~',22,'3fcc1b6c-91d0-462a-8f67-1117de95807c','/common-ref/','-99',null,'N',null,null,null,'2021-07-19 14:33:45',null,'Y',null);
            go
            insert into pub_form_property(pk_form_property,areaid,classid,code,colnum,color,creationtime,creator,datatype,dataval,defaultvalue,defaultvar,define1,define2,define3,disabled,dr,editformula,hyperlinkflag,iscode,isdefined,ismultiselectedenabled,isnextrow,isrevise,istotal,itemtype,label,maxlength,metadataproperty,metaid,metapath,modifiedtime,modifier,position,proid,refcode,refname,relatemeta,required,resid,showformula,textrows,ts,validateformula,visible,width)
            values('0001ZZZZ8559f9420027','0001ZZZZf5602a7bd60f','5cdc5913-ad9f-4f88-9923-785f7097915d','approvestatus','1','#111111',null,'~',203,'自由=-1,审批未通过=0,审批通过=1,审批进行中=2,提交=3', null,null,null,null,null,'N',0,null,'N','N','N',null,'N','N','N','select','审批状态',28,NULL,'','approvestatus',null,'~',20,'ff32130a-8522-4b32-881d-891f2cd6f231','/common-ref/','-99',null,'N',null,null,null,'2021-07-19 14:33:45',null,'Y',null);
            go
            insert into pub_form_property(pk_form_property,areaid,classid,code,colnum,color,creationtime,creator,datatype,dataval,defaultvalue,defaultvar,define1,define2,define3,disabled,dr,editformula,hyperlinkflag,iscode,isdefined,ismultiselectedenabled,isnextrow,isrevise,istotal,itemtype,label,maxlength,metadataproperty,metaid,metapath,modifiedtime,modifier,position,proid,refcode,refname,relatemeta,required,resid,showformula,textrows,ts,validateformula,visible,width)
            values('0001ZZZZ8559f9420028','0001ZZZZf5602a7bd60f','5cdc5913-ad9f-4f88-9923-785f7097915d','amount','1','#111111',null,'~',1,null, null,null,null,null,null,'N',0,null,'N','N','N',null,'N','N','N','input','应缴金额',28,NULL,'','amount',null,'~',42,'5d56f209-0f59-4305-8146-1b3fa3ecd114','/common-ref/','-99',null,'N',null,null,null,'2021-07-19 14:33:45',null,'Y',null);
            go
            insert into pub_form_property(pk_form_property,areaid,classid,code,colnum,color,creationtime,creator,datatype,dataval,defaultvalue,defaultvar,define1,define2,define3,disabled,dr,editformula,hyperlinkflag,iscode,isdefined,ismultiselectedenabled,isnextrow,isrevise,istotal,itemtype,label,maxlength,metadataproperty,metaid,metapath,modifiedtime,modifier,position,proid,refcode,refname,relatemeta,required,resid,showformula,textrows,ts,validateformula,visible,width)
            values('0001ZZZZ8559f9420029','0001ZZZZf5602a7bd60f','5cdc5913-ad9f-4f88-9923-785f7097915d','srctrantype','1','#111111',null,'~',1,null, null,null,null,null,null,'N',0,null,'N','N','N',null,'N','N','N','input','来源交易类型',28,NULL,'','srctrantype',null,'~',30,'a698eea9-a8ee-49b8-b978-932d3ab20c54','/common-ref/','-99',null,'N',null,null,null,'2021-07-19 14:33:45',null,'Y',null);
            go
            insert into pub_form_property(pk_form_property,areaid,classid,code,colnum,color,creationtime,creator,datatype,dataval,defaultvalue,defaultvar,define1,define2,define3,disabled,dr,editformula,hyperlinkflag,iscode,isdefined,ismultiselectedenabled,isnextrow,isrevise,istotal,itemtype,label,maxlength,metadataproperty,metaid,metapath,modifiedtime,modifier,position,proid,refcode,refname,relatemeta,required,resid,showformula,textrows,ts,validateformula,visible,width)
            values('0001ZZZZ8559f9420032','0001ZZZZf5602a7bd60f','5cdc5913-ad9f-4f88-9923-785f7097915d','srccode','1','#111111',null,'~',1,null, null,null,null,null,null,'N',0,null,'N','N','N',null,'N','N','N','input','来源单据号',28,NULL,'','srccode',null,'~',26,'65198c7c-0237-40e9-abee-edc4ecc7d6eb','/common-ref/','-99',null,'N',null,null,null,'2021-07-19 14:33:45',null,'Y',null);
            go
            insert into pub_form_property(pk_form_property,areaid,classid,code,colnum,color,creationtime,creator,datatype,dataval,defaultvalue,defaultvar,define1,define2,define3,disabled,dr,editformula,hyperlinkflag,iscode,isdefined,ismultiselectedenabled,isnextrow,isrevise,istotal,itemtype,label,maxlength,metadataproperty,metaid,metapath,modifiedtime,modifier,position,proid,refcode,refname,relatemeta,required,resid,showformula,textrows,ts,validateformula,visible,width)
            values('0001ZZZZ8559f9420034','0001ZZZZf5602a7bd60f','5cdc5913-ad9f-4f88-9923-785f7097915d','srcbilltype','1','#111111',null,'~',1,null, null,null,null,null,null,'N',0,null,'N','N','N',null,'N','N','N','input','来源单据类型',28,NULL,'','srcbilltype',null,'~',24,'201e1b18-dbf3-4547-9e3a-b5ca0e807913','/common-ref/','-99',null,'N',null,null,null,'2021-07-19 14:33:45',null,'Y',null);
            go
            insert into pub_form_property(pk_form_property,areaid,classid,code,colnum,color,creationtime,creator,datatype,dataval,defaultvalue,defaultvar,define1,define2,define3,disabled,dr,editformula,hyperlinkflag,iscode,isdefined,ismultiselectedenabled,isnextrow,isrevise,istotal,itemtype,label,maxlength,metadataproperty,metaid,metapath,modifiedtime,modifier,position,proid,refcode,refname,relatemeta,required,resid,showformula,textrows,ts,validateformula,visible,width)
            values('0001ZZZZ8559f9420035','0001ZZZZf5602a7bd60f','5cdc5913-ad9f-4f88-9923-785f7097915d','srcrowno','1','#111111',null,'~',1,null, null,null,null,null,null,'N',0,null,'N','N','N',null,'N','N','N','input','来源单据行号',28,NULL,'','srcrowno',null,'~',29,'18f07118-71e7-4643-accd-956fc6c7e158','/common-ref/','-99',null,'N',null,null,null,'2021-07-19 14:33:45',null,'Y',null);
            go
            insert into pub_form_property(pk_form_property,areaid,classid,code,colnum,color,creationtime,creator,datatype,dataval,defaultvalue,defaultvar,define1,define2,define3,disabled,dr,editformula,hyperlinkflag,iscode,isdefined,ismultiselectedenabled,isnextrow,isrevise,istotal,itemtype,label,maxlength,metadataproperty,metaid,metapath,modifiedtime,modifier,position,proid,refcode,refname,relatemeta,required,resid,showformula,textrows,ts,validateformula,visible,width)
            values('0001ZZZZ8559f9420036','0001ZZZZf5602a7bd60f','5cdc5913-ad9f-4f88-9923-785f7097915d','vfirsttrantype','1','#111111',null,'~',1,null, null,null,null,null,null,'N',0,null,'N','N','N',null,'N','N','N','input','源头交易类型',28,NULL,'','vfirsttrantype',null,'~',36,'c873ab97-21bb-489b-8b48-c6fb67999393','/common-ref/','-99',null,'N',null,null,null,'2021-07-19 14:33:45',null,'Y',null);
            go
            insert into pub_form_property(pk_form_property,areaid,classid,code,colnum,color,creationtime,creator,datatype,dataval,defaultvalue,defaultvar,define1,define2,define3,disabled,dr,editformula,hyperlinkflag,iscode,isdefined,ismultiselectedenabled,isnextrow,isrevise,istotal,itemtype,label,maxlength,metadataproperty,metaid,metapath,modifiedtime,modifier,position,proid,refcode,refname,relatemeta,required,resid,showformula,textrows,ts,validateformula,visible,width)
            values('0001ZZZZ8559f9420038','0001ZZZZf5602a7bd60f','5cdc5913-ad9f-4f88-9923-785f7097915d','vfirstcode','1','#111111',null,'~',1,null, null,null,null,null,null,'N',0,null,'N','N','N',null,'N','N','N','input','源头单据号',28,NULL,'','vfirstcode',null,'~',32,'a6a90631-8a15-4972-ac46-0bdc2f70bc49','/common-ref/','-99',null,'N',null,null,null,'2021-07-19 14:33:45',null,'Y',null);
            go
            insert into pub_form_property(pk_form_property,areaid,classid,code,colnum,color,creationtime,creator,datatype,dataval,defaultvalue,defaultvar,define1,define2,define3,disabled,dr,editformula,hyperlinkflag,iscode,isdefined,ismultiselectedenabled,isnextrow,isrevise,istotal,itemtype,label,maxlength,metadataproperty,metaid,metapath,modifiedtime,modifier,position,proid,refcode,refname,relatemeta,required,resid,showformula,textrows,ts,validateformula,visible,width)
            values('0001ZZZZ8559f9420039','0001ZZZZf5602a7bd60f','5cdc5913-ad9f-4f88-9923-785f7097915d','vfirstbid','1','#111111',null,'~',1,null, null,null,null,null,null,'N',0,null,'N','N','N',null,'N','N','N','input','源头单据子表id',28,NULL,'','vfirstbid',null,'~',34,'82d245cd-b25a-4c79-918f-3c9d40d9be8d','/common-ref/','-99',null,'N',null,null,null,'2021-07-19 14:33:45',null,'Y',null);
            go
            insert into pub_form_property(pk_form_property,areaid,classid,code,colnum,color,creationtime,creator,datatype,dataval,defaultvalue,defaultvar,define1,define2,define3,disabled,dr,editformula,hyperlinkflag,iscode,isdefined,ismultiselectedenabled,isnextrow,isrevise,istotal,itemtype,label,maxlength,metadataproperty,metaid,metapath,modifiedtime,modifier,position,proid,refcode,refname,relatemeta,required,resid,showformula,textrows,ts,validateformula,visible,width)
            values('0001ZZZZ8559f9420040','0001ZZZZf5602a7bd60f','5cdc5913-ad9f-4f88-9923-785f7097915d','vfirsttype','1','#111111',null,'~',1,null, null,null,null,null,null,'N',0,null,'N','N','N',null,'N','N','N','input','源头单据类型',28,NULL,'','vfirsttype',null,'~',31,'d185b308-ee79-450c-9ae3-431632a65db6','/common-ref/','-99',null,'N',null,null,null,'2021-07-19 14:33:45',null,'Y',null);
            go
            insert into pub_form_property(pk_form_property,areaid,classid,code,colnum,color,creationtime,creator,datatype,dataval,defaultvalue,defaultvar,define1,define2,define3,disabled,dr,editformula,hyperlinkflag,iscode,isdefined,ismultiselectedenabled,isnextrow,isrevise,istotal,itemtype,label,maxlength,metadataproperty,metaid,metapath,modifiedtime,modifier,position,proid,refcode,refname,relatemeta,required,resid,showformula,textrows,ts,validateformula,visible,width)
            values('0001ZZZZ8559f9420041','0001ZZZZf5602a7bd60f','5cdc5913-ad9f-4f88-9923-785f7097915d','vfirstrowno','1','#111111',null,'~',1,null, null,null,null,null,null,'N',0,null,'N','N','N',null,'N','N','N','input','源头单据行号',28,NULL,'','vfirstrowno',null,'~',35,'770a4a3a-2659-460d-8a09-12d97e95646d','/common-ref/','-99',null,'N',null,null,null,'2021-07-19 14:33:45',null,'Y',null);
            go
            insert into pub_form_property(pk_form_property,areaid,classid,code,colnum,color,creationtime,creator,datatype,dataval,defaultvalue,defaultvar,define1,define2,define3,disabled,dr,editformula,hyperlinkflag,iscode,isdefined,ismultiselectedenabled,isnextrow,isrevise,istotal,itemtype,label,maxlength,metadataproperty,metaid,metapath,modifiedtime,modifier,position,proid,refcode,refname,relatemeta,required,resid,showformula,textrows,ts,validateformula,visible,width)
            values('0001ZZZZ8559f9420042','0001ZZZZf5602a7bd60f','5cdc5913-ad9f-4f88-9923-785f7097915d','clas','1','#111111',null,'~',1,null, null,null,null,null,null,'N',0,null,'N','N','N',null,'N','N','N','input','班级',28,NULL,'','clas',null,'~',39,'cca11e49-9aea-441c-8221-3e8a99680da8','/common-ref/','-99',null,'N',null,null,null,'2021-07-19 14:33:45',null,'Y',null);
            go
            insert into pub_form_property(pk_form_property,areaid,classid,code,colnum,color,creationtime,creator,datatype,dataval,defaultvalue,defaultvar,define1,define2,define3,disabled,dr,editformula,hyperlinkflag,iscode,isdefined,ismultiselectedenabled,isnextrow,isrevise,istotal,itemtype,label,maxlength,metadataproperty,metaid,metapath,modifiedtime,modifier,position,proid,refcode,refname,relatemeta,required,resid,showformula,textrows,ts,validateformula,visible,width)
            values('0001ZZZZ8559f9420043','0001ZZZZf5602a7bd60f','5cdc5913-ad9f-4f88-9923-785f7097915d','pk_org','1','#111111',null,'~',204,'0001Z01000000001BVPS,code=N' , null,null,null,null,null,'N',0,null,'N','N','N',null,'N','N','N','refer','组织',28,'uap.org.name','','pk_org',null,'~',3,'7e747328-3c5d-4e92-b0d8-8063a696c3a3','uapbd/refer/org/BusinessUnitAndDeptTreeRef/index','业务单元及部门',null,'N',null,null,null,'2021-07-19 14:33:45',null,'Y',null);
            go
            insert into pub_form_property(pk_form_property,areaid,classid,code,colnum,color,creationtime,creator,datatype,dataval,defaultvalue,defaultvar,define1,define2,define3,disabled,dr,editformula,hyperlinkflag,iscode,isdefined,ismultiselectedenabled,isnextrow,isrevise,istotal,itemtype,label,maxlength,metadataproperty,metaid,metapath,modifiedtime,modifier,position,proid,refcode,refname,relatemeta,required,resid,showformula,textrows,ts,validateformula,visible,width)
            values('0001ZZZZ8559f9420044','0001ZZZZf5602a7bd60f','5cdc5913-ad9f-4f88-9923-785f7097915d','pk_org_v','1','#111111',null,'~',204,'' , null,null,null,null,null,'N',0,null,'N','N','N',null,'N','N','N','refer','组织版本',28,NULL,'','pk_org_v',null,'~',4,'a0a30b03-1fe5-4205-84bb-f4c7b09d1445','uapbd/refer/orgv/BusinessUnitVersionDefaultAllTreeRef/index','业务单元版本(所有)',null,'N',null,null,null,'2021-07-19 14:33:45',null,'N',null);
            go
            insert into pub_form_property(pk_form_property,areaid,classid,code,colnum,color,creationtime,creator,datatype,dataval,defaultvalue,defaultvar,define1,define2,define3,disabled,dr,editformula,hyperlinkflag,iscode,isdefined,ismultiselectedenabled,isnextrow,isrevise,istotal,itemtype,label,maxlength,metadataproperty,metaid,metapath,modifiedtime,modifier,position,proid,refcode,refname,relatemeta,required,resid,showformula,textrows,ts,validateformula,visible,width)
            values('0001ZZZZ8559f9420065','0001ZZZZf5602a7bd60f','5cdc5913-ad9f-4f88-9923-785f7097915d','isupload','1','#111111',null,'~',32,null, null,null,null,null,null,'N',0,null,'N','N','N',null,'N','N','N','checkbox_switch','附件是否上传',28,NULL,'','isupload',null,'~',46,'1c7f9867-93e7-4422-b744-f664c684a987','/common-ref/','-99',null,'N',null,null,null,'2021-07-19 14:33:45',null,'Y',null);
            go
            insert into pub_form_property(pk_form_property,areaid,classid,code,colnum,color,creationtime,creator,datatype,dataval,defaultvalue,defaultvar,define1,define2,define3,disabled,dr,editformula,hyperlinkflag,iscode,isdefined,ismultiselectedenabled,isnextrow,isrevise,istotal,itemtype,label,maxlength,metadataproperty,metaid,metapath,modifiedtime,modifier,position,proid,refcode,refname,relatemeta,required,resid,showformula,textrows,ts,validateformula,visible,width)
            values('0001ZZZZ8559f9420066','0001ZZZZf5602a7bd60f','5cdc5913-ad9f-4f88-9923-785f7097915d','pk_group','1','#111111',null,'~',204,'0001Z010000000000ZKS,code=N' , null,null,null,null,null,'N',0,null,'N','N','N',null,'N','N','N','refer','集团',28,'uap.group.name','','pk_group',null,'~',2,'d003dfdc-3f35-4c71-830a-741fb80e9464','uap/refer/riart/groupTreeRef/index','集团',null,'N',null,null,null,'2021-07-19 14:33:45',null,'Y',null);
            go



















            insert into pub_form_property(pk_form_property,areaid,classid,code,colnum,color,creationtime,creator,datatype,dataval,defaultvalue,defaultvar,define1,define2,define3,disabled,dr,editformula,hyperlinkflag,iscode,isdefined,ismultiselectedenabled,isnextrow,isrevise,istotal,itemtype,label,maxlength,metadataproperty,metaid,metapath,modifiedtime,modifier,position,proid,refcode,refname,relatemeta,required,resid,showformula,textrows,ts,validateformula,visible,width)
            values('0001ZZZZ38e8801d3001','0001ZZZZ06e2ebe5c3e0','5cdc5913-ad9f-4f88-9923-785f7097915d','pk_busitype','1','#111111',null,'~',204,null, null,null,null,null,null,'N',0,null,'N','N','N',null,'N','N','N','refer','业务类型',28,NULL,'','pk_busitype',null,'~',8,'ee904312-1cbc-4f8b-a3d4-47820499fa6d','uap/refer/riart/busitype/index','业务流程',null,'N',null,null,null,'2021-07-19 14:33:45',null,'Y',null);
            go
            insert into pub_form_property(pk_form_property,areaid,classid,code,colnum,color,creationtime,creator,datatype,dataval,defaultvalue,defaultvar,define1,define2,define3,disabled,dr,editformula,hyperlinkflag,iscode,isdefined,ismultiselectedenabled,isnextrow,isrevise,istotal,itemtype,label,maxlength,metadataproperty,metaid,metapath,modifiedtime,modifier,position,proid,refcode,refname,relatemeta,required,resid,showformula,textrows,ts,validateformula,visible,width)
            values('0001ZZZZ38e8801d3002','0001ZZZZ06e2ebe5c3e0','5cdc5913-ad9f-4f88-9923-785f7097915d','infonote','1','#111111',null,'~',1,null, null,null,null,null,null,'N',0,null,'N','N','N',null,'N','N','N','input','事项说明',28,NULL,'','infonote',null,'~',44,'ab05a985-67ff-428c-80aa-81b28b528929','/common-ref/','-99',null,'N',null,null,null,'2021-07-19 14:33:45',null,'Y',null);
            go
            insert into pub_form_property(pk_form_property,areaid,classid,code,colnum,color,creationtime,creator,datatype,dataval,defaultvalue,defaultvar,define1,define2,define3,disabled,dr,editformula,hyperlinkflag,iscode,isdefined,ismultiselectedenabled,isnextrow,isrevise,istotal,itemtype,label,maxlength,metadataproperty,metaid,metapath,modifiedtime,modifier,position,proid,refcode,refname,relatemeta,required,resid,showformula,textrows,ts,validateformula,visible,width)
            values('0001ZZZZ38e8801d3003','0001ZZZZ06e2ebe5c3e0','5cdc5913-ad9f-4f88-9923-785f7097915d','pk_transtype','1','#111111',null,'~',204,null, null,null,null,null,null,'N',0,null,'N','N','N',null,'N','N','N','refer','交易类型',28,'uap.BilltypeVO.billtypename','','pk_transtype',null,'~',12,'824fbd57-9cc7-4ed4-be79-a17328620cd4','uap/refer/riart/transtype/index','影响因素交 易类型',null,'N',null,null,null,'2021-07-19 14:33:45',null,'Y',null);
            go
            insert into pub_form_property(pk_form_property,areaid,classid,code,colnum,color,creationtime,creator,datatype,dataval,defaultvalue,defaultvar,define1,define2,define3,disabled,dr,editformula,hyperlinkflag,iscode,isdefined,ismultiselectedenabled,isnextrow,isrevise,istotal,itemtype,label,maxlength,metadataproperty,metaid,metapath,modifiedtime,modifier,position,proid,refcode,refname,relatemeta,required,resid,showformula,textrows,ts,validateformula,visible,width)
            values('0001ZZZZ38e8801d3004','0001ZZZZ06e2ebe5c3e0','5cdc5913-ad9f-4f88-9923-785f7097915d','transtypecode','1','#111111',null,'~',1,null, null,null,null,null,null,'N',0,null,'N','N','N',null,'N','N','N','input','交易类型编码',28,NULL,'','transtypecode',null,'~',11,'51fde875-8d28-444f-9f32-d55a16f0b21c','/common-ref/','-99',null,'N',null,null,null,'2021-07-19 14:33:45',null,'Y',null);
            go
            insert into pub_form_property(pk_form_property,areaid,classid,code,colnum,color,creationtime,creator,datatype,dataval,defaultvalue,defaultvar,define1,define2,define3,disabled,dr,editformula,hyperlinkflag,iscode,isdefined,ismultiselectedenabled,isnextrow,isrevise,istotal,itemtype,label,maxlength,metadataproperty,metaid,metapath,modifiedtime,modifier,position,proid,refcode,refname,relatemeta,required,resid,showformula,textrows,ts,validateformula,visible,width)
            values('0001ZZZZ472f347f6440','0001ZZZZ4afcacce6291','5cdc5913-ad9f-4f88-9923-785f7097915d','modifier','1','#111111',null,'~',204,null, null,null,null,null,null,'N',0,null,'N','N','N',null,'N','N','N','refer','修改人',28,'uap.user.user_name','','modifier',null,'~',17,'7eb145dc-2169-407b-89be-7e996e54b14f','uap/refer/riart/userDefaultRefer/index','用户',null,'N',null,null,null,'2021-07-19 14:33:45',null,'Y',null);
            go
            insert into pub_form_property(pk_form_property,areaid,classid,code,colnum,color,creationtime,creator,datatype,dataval,defaultvalue,defaultvar,define1,define2,define3,disabled,dr,editformula,hyperlinkflag,iscode,isdefined,ismultiselectedenabled,isnextrow,isrevise,istotal,itemtype,label,maxlength,metadataproperty,metaid,metapath,modifiedtime,modifier,position,proid,refcode,refname,relatemeta,required,resid,showformula,textrows,ts,validateformula,visible,width)
            values('0001ZZZZ33c4535deb6b','0001ZZZZ4afcacce6291','5cdc5913-ad9f-4f88-9923-785f7097915d','modifiedtime','1','#111111',null,'~',34,null, null,null,null,null,null,'N',0,null,'N','N','N',null,'N','N','N','datetimepicker','修改时间',28,NULL,'','modifiedtime',null,'~',18,'2df2b7f0-eaf5-4a94-a592-716a9adb4efd','/common-ref/','-99',null,'N',null,null,null,'2021-07-19 14:33:45',null,'Y',null);
            go
            insert into pub_form_property(pk_form_property,areaid,classid,code,colnum,color,creationtime,creator,datatype,dataval,defaultvalue,defaultvar,define1,define2,define3,disabled,dr,editformula,hyperlinkflag,iscode,isdefined,ismultiselectedenabled,isnextrow,isrevise,istotal,itemtype,label,maxlength,metadataproperty,metaid,metapath,modifiedtime,modifier,position,proid,refcode,refname,relatemeta,required,resid,showformula,textrows,ts,validateformula,visible,width)
            values('0001ZZZZ38e8801d3007','0001ZZZZ06e2ebe5c3e0','5cdc5913-ad9f-4f88-9923-785f7097915d','freetype','1','#111111',null,'~',1,null, null,null,null,null,null,'N',0,null,'N','N','N',null,'N','N','N','input','减免类型',28,NULL,'','freetype',null,'~',43,'1129859f-6076-4e94-88ae-f6c9698446e6','/common-ref/','-99',null,'N',null,null,null,'2021-07-19 14:33:45',null,'Y',null);
            go
            insert into pub_form_property(pk_form_property,areaid,classid,code,colnum,color,creationtime,creator,datatype,dataval,defaultvalue,defaultvar,define1,define2,define3,disabled,dr,editformula,hyperlinkflag,iscode,isdefined,ismultiselectedenabled,isnextrow,isrevise,istotal,itemtype,label,maxlength,metadataproperty,metaid,metapath,modifiedtime,modifier,position,proid,refcode,refname,relatemeta,required,resid,showformula,textrows,ts,validateformula,visible,width)
            values('0001ZZZZ38e8801d3008','0001ZZZZ06e2ebe5c3e0','5cdc5913-ad9f-4f88-9923-785f7097915d','reducation','1','#111111',null,'~',1,null, null,null,null,null,null,'N',0,null,'N','N','N',null,'N','N','N','input','减免金额',28,NULL,'','reducation',null,'~',41,'48b09bfe-1b76-4c05-9193-653c8a9c6f18','/common-ref/','-99',null,'N',null,null,null,'2021-07-19 14:33:45',null,'Y',null);
            go
            insert into pub_form_property(pk_form_property,areaid,classid,code,colnum,color,creationtime,creator,datatype,dataval,defaultvalue,defaultvar,define1,define2,define3,disabled,dr,editformula,hyperlinkflag,iscode,isdefined,ismultiselectedenabled,isnextrow,isrevise,istotal,itemtype,label,maxlength,metadataproperty,metaid,metapath,modifiedtime,modifier,position,proid,refcode,refname,relatemeta,required,resid,showformula,textrows,ts,validateformula,visible,width)
            values('0001ZZZZ06059ce9ddc5','0001ZZZZ4afcacce6291','5cdc5913-ad9f-4f88-9923-785f7097915d','creator','1','#111111',null,'~',204,null, null,null,null,null,null,'N',0,null,'N','N','N',null,'N','N','N','refer','创建人',28,'uap.user.user_name','','creator',null,'~',15,'a516dac7-9a7f-465b-aa69-dedec3e901f7','uap/refer/riart/userDefaultRefer/index','用户',null,'N',null,null,null,'2021-07-19 14:33:45',null,'Y',null);
            go
            insert into pub_form_property(pk_form_property,areaid,classid,code,colnum,color,creationtime,creator,datatype,dataval,defaultvalue,defaultvar,define1,define2,define3,disabled,dr,editformula,hyperlinkflag,iscode,isdefined,ismultiselectedenabled,isnextrow,isrevise,istotal,itemtype,label,maxlength,metadataproperty,metaid,metapath,modifiedtime,modifier,position,proid,refcode,refname,relatemeta,required,resid,showformula,textrows,ts,validateformula,visible,width)
            values('0001ZZZZ42e1fb9bc9a9','0001ZZZZ4afcacce6291','5cdc5913-ad9f-4f88-9923-785f7097915d','creationtime','1','#111111',null,'~',34,null, null,null,null,null,null,'N',0,null,'N','N','N',null,'N','N','N','datetimepicker','创建时间',28,NULL,'','creationtime',null,'~',16,'5890e609-ffc9-498b-882d-6c2111b160b3','/common-ref/','-99',null,'N',null,null,null,'2021-07-19 14:33:45',null,'Y',null);
            go
            insert into pub_form_property(pk_form_property,areaid,classid,code,colnum,color,creationtime,creator,datatype,dataval,defaultvalue,defaultvar,define1,define2,define3,disabled,dr,editformula,hyperlinkflag,iscode,isdefined,ismultiselectedenabled,isnextrow,isrevise,istotal,itemtype,label,maxlength,metadataproperty,metaid,metapath,modifiedtime,modifier,position,proid,refcode,refname,relatemeta,required,resid,showformula,textrows,ts,validateformula,visible,width)
            values('0001ZZZZ38e8801d3011','0001ZZZZ06e2ebe5c3e0','5cdc5913-ad9f-4f88-9923-785f7097915d','billmaker','1','#111111',null,'~',204,null, null,null,null,null,null,'N',0,null,'N','N','N',null,'N','N','N','refer','制单人',28,'uap.user.user_name','','billmaker',null,'~',13,'e8a8500e-967d-4032-a425-aa22a07aaa97','uap/refer/riart/userDefaultRefer/index','用户',null,'N',null,null,null,'2021-07-19 14:33:45',null,'Y',null);
            go
            insert into pub_form_property(pk_form_property,areaid,classid,code,colnum,color,creationtime,creator,datatype,dataval,defaultvalue,defaultvar,define1,define2,define3,disabled,dr,editformula,hyperlinkflag,iscode,isdefined,ismultiselectedenabled,isnextrow,isrevise,istotal,itemtype,label,maxlength,metadataproperty,metaid,metapath,modifiedtime,modifier,position,proid,refcode,refname,relatemeta,required,resid,showformula,textrows,ts,validateformula,visible,width)
            values('0001ZZZZ38e8801d3012','0001ZZZZ06e2ebe5c3e0','5cdc5913-ad9f-4f88-9923-785f7097915d','maketime','1','#111111',null,'~',33,null, null,null,null,null,null,'N',0,null,'N','N','N',null,'N','N','N','datepicker','制单时间',28,NULL,'','maketime',null,'~',14,'4022b3fd-6c60-477e-9550-90e07009bf90','/common-ref/','-99',null,'N',null,null,null,'2021-07-19 14:33:45',null,'Y',null);
            go
            insert into pub_form_property(pk_form_property,areaid,classid,code,colnum,color,creationtime,creator,datatype,dataval,defaultvalue,defaultvar,define1,define2,define3,disabled,dr,editformula,hyperlinkflag,iscode,isdefined,ismultiselectedenabled,isnextrow,isrevise,istotal,itemtype,label,maxlength,metadataproperty,metaid,metapath,modifiedtime,modifier,position,proid,refcode,refname,relatemeta,required,resid,showformula,textrows,ts,validateformula,visible,width)
            values('0001ZZZZ38e8801d3013','0001ZZZZ06e2ebe5c3e0','5cdc5913-ad9f-4f88-9923-785f7097915d','bill_no','1','#111111',null,'~',1,null, null,null,null,null,null,'Y',0,null,'N','N','N',null,'N','N','N','input','单据号',28,NULL,'','bill_no',null,'~',7,'4bf8b1cb-217c-4f25-9a1d-7fe5c9d0d325','/common-ref/','-99',null,'N',null,null,null,'2021-07-19 14:33:45',null,'Y',null);
            go
            insert into pub_form_property(pk_form_property,areaid,classid,code,colnum,color,creationtime,creator,datatype,dataval,defaultvalue,defaultvar,define1,define2,define3,disabled,dr,editformula,hyperlinkflag,iscode,isdefined,ismultiselectedenabled,isnextrow,isrevise,istotal,itemtype,label,maxlength,metadataproperty,metaid,metapath,modifiedtime,modifier,position,proid,refcode,refname,relatemeta,required,resid,showformula,textrows,ts,validateformula,visible,width)
            values('0001ZZZZ38e8801d3014','0001ZZZZ06e2ebe5c3e0','5cdc5913-ad9f-4f88-9923-785f7097915d','dbilldate','1','#111111',null,'~',33,null, null,null,null,null,null,'N',0,null,'N','N','N',null,'N','N','N','datepicker','单据日期',28,NULL,'','dbilldate',null,'~',5,'dc103cc2-626f-4212-b0fd-5b5193094a72','/common-ref/','-99',null,'N',null,null,null,'2021-07-19 14:33:45',null,'Y',null);
            go
            insert into pub_form_property(pk_form_property,areaid,classid,code,colnum,color,creationtime,creator,datatype,dataval,defaultvalue,defaultvar,define1,define2,define3,disabled,dr,editformula,hyperlinkflag,iscode,isdefined,ismultiselectedenabled,isnextrow,isrevise,istotal,itemtype,label,maxlength,metadataproperty,metaid,metapath,modifiedtime,modifier,position,proid,refcode,refname,relatemeta,required,resid,showformula,textrows,ts,validateformula,visible,width)
            values('0001ZZZZ38e8801d3015','0001ZZZZ06e2ebe5c3e0','5cdc5913-ad9f-4f88-9923-785f7097915d','billstatus','1','#111111',null,'~',203,'自由=-1,审批未通过=0,审批通过=1,审批进行中=2,提交=3','-1',null,null,null,null,'Y',0,null,'N','N','N',null,'N','N','N','select','单据状态',28,NULL,'','billstatus',null,'~',6,'c1287d35-41a1-4a00-baec-ef0d8c0e7f2a','/common-ref/','-99',null,'N',null,null,null,'2021-07-19 14:33:45',null,'Y',null);
            go
            insert into pub_form_property(pk_form_property,areaid,classid,code,colnum,color,creationtime,creator,datatype,dataval,defaultvalue,defaultvar,define1,define2,define3,disabled,dr,editformula,hyperlinkflag,iscode,isdefined,ismultiselectedenabled,isnextrow,isrevise,istotal,itemtype,label,maxlength,metadataproperty,metaid,metapath,modifiedtime,modifier,position,proid,refcode,refname,relatemeta,required,resid,showformula,textrows,ts,validateformula,visible,width)
            values('0001ZZZZ38e8801d3016','0001ZZZZ06e2ebe5c3e0','5cdc5913-ad9f-4f88-9923-785f7097915d','pk_billtypeid','1','#111111',null,'~',204,null, null,null,null,null,null,'N',0,null,'N','N','N',null,'N','N','N','refer','单据类型',28,'uap.BilltypeVO.billtypename','','pk_billtypeid',null,'~',9,'1d5caa8d-2c9e-4ede-877a-aa583d4ee051','uap/refer/riart/billtype/index','影响因素单据类型',null,'N',null,null,null,'2021-07-19 14:33:45',null,'Y',null);
            go
            insert into pub_form_property(pk_form_property,areaid,classid,code,colnum,color,creationtime,creator,datatype,dataval,defaultvalue,defaultvar,define1,define2,define3,disabled,dr,editformula,hyperlinkflag,iscode,isdefined,ismultiselectedenabled,isnextrow,isrevise,istotal,itemtype,label,maxlength,metadataproperty,metaid,metapath,modifiedtime,modifier,position,proid,refcode,refname,relatemeta,required,resid,showformula,textrows,ts,validateformula,visible,width)
            values('0001ZZZZ38e8801d3017','0001ZZZZ06e2ebe5c3e0','5cdc5913-ad9f-4f88-9923-785f7097915d','billtype','1','#111111',null,'~',1,null, null,null,null,null,null,'N',0,null,'N','N','N',null,'N','N','N','input','单据类型编码',28,NULL,'','billtype',null,'~',10,'6417b1db-2419-4fd9-9209-9156c87bd8cd','/common-ref/','-99',null,'N',null,null,null,'2021-07-19 14:33:45',null,'Y',null);
            go
            insert into pub_form_property(pk_form_property,areaid,classid,code,colnum,color,creationtime,creator,datatype,dataval,defaultvalue,defaultvar,define1,define2,define3,disabled,dr,editformula,hyperlinkflag,iscode,isdefined,ismultiselectedenabled,isnextrow,isrevise,istotal,itemtype,label,maxlength,metadataproperty,metaid,metapath,modifiedtime,modifier,position,proid,refcode,refname,relatemeta,required,resid,showformula,textrows,ts,validateformula,visible,width)
            values('0001ZZZZ38e8801d3018','0001ZZZZ06e2ebe5c3e0','5cdc5913-ad9f-4f88-9923-785f7097915d','vnote','1','#111111',null,'~',1,null, null,null,null,null,null,'N',0,null,'N','N','N',null,'N','N','N','input','备注',28,NULL,'','vnote',null,'~',23,'54e82188-0cbe-47d6-9b27-088022eb6593','/common-ref/','-99',null,'N',null,null,null,'2021-07-19 14:33:45',null,'Y',null);
            go
            insert into pub_form_property(pk_form_property,areaid,classid,code,colnum,color,creationtime,creator,datatype,dataval,defaultvalue,defaultvar,define1,define2,define3,disabled,dr,editformula,hyperlinkflag,iscode,isdefined,ismultiselectedenabled,isnextrow,isrevise,istotal,itemtype,label,maxlength,metadataproperty,metaid,metapath,modifiedtime,modifier,position,proid,refcode,refname,relatemeta,required,resid,showformula,textrows,ts,validateformula,visible,width)
            values('0001ZZZZ38e8801d3019','0001ZZZZ06e2ebe5c3e0','5cdc5913-ad9f-4f88-9923-785f7097915d','school','1','#111111',null,'~',1,null, null,null,null,null,null,'N',0,null,'N','N','N',null,'N','N','N','input','学校',28,NULL,'','school',null,'~',38,'12d745f6-99ef-43b2-959f-cf6c73a50d29','/common-ref/','-99',null,'N',null,null,null,'2021-07-19 14:33:45',null,'Y',null);
            go
            insert into pub_form_property(pk_form_property,areaid,classid,code,colnum,color,creationtime,creator,datatype,dataval,defaultvalue,defaultvar,define1,define2,define3,disabled,dr,editformula,hyperlinkflag,iscode,isdefined,ismultiselectedenabled,isnextrow,isrevise,istotal,itemtype,label,maxlength,metadataproperty,metaid,metapath,modifiedtime,modifier,position,proid,refcode,refname,relatemeta,required,resid,showformula,textrows,ts,validateformula,visible,width)
            values('0001ZZZZ38e8801d3020','0001ZZZZ06e2ebe5c3e0','5cdc5913-ad9f-4f88-9923-785f7097915d','saddresss','1','#111111',null,'~',1,null, null,null,null,null,null,'N',0,null,'N','N','N',null,'N','N','N','input','学校所属地址',28,NULL,'','saddresss',null,'~',45,'8fec980b-67fa-462f-ab6e-31bd3d08ef3d','/common-ref/','-99',null,'N',null,null,null,'2021-07-19 14:33:45',null,'Y',null);
            go
            insert into pub_form_property(pk_form_property,areaid,classid,code,colnum,color,creationtime,creator,datatype,dataval,defaultvalue,defaultvar,define1,define2,define3,disabled,dr,editformula,hyperlinkflag,iscode,isdefined,ismultiselectedenabled,isnextrow,isrevise,istotal,itemtype,label,maxlength,metadataproperty,metaid,metapath,modifiedtime,modifier,position,proid,refcode,refname,relatemeta,required,resid,showformula,textrows,ts,validateformula,visible,width)
            values('0001ZZZZ38e8801d3021','0001ZZZZ06e2ebe5c3e0','5cdc5913-ad9f-4f88-9923-785f7097915d','student','1','#111111',null,'~',1,null, null,null,null,null,null,'N',0,null,'N','N','N',null,'N','N','N','input','学生',28,NULL,'','student',null,'~',37,'4ab9e336-4710-4077-a90e-670c323af5d3','/common-ref/','-99',null,'N',null,null,null,'2021-07-19 14:33:45',null,'Y',null);
            go
            insert into pub_form_property(pk_form_property,areaid,classid,code,colnum,color,creationtime,creator,datatype,dataval,defaultvalue,defaultvar,define1,define2,define3,disabled,dr,editformula,hyperlinkflag,iscode,isdefined,ismultiselectedenabled,isnextrow,isrevise,istotal,itemtype,label,maxlength,metadataproperty,metaid,metapath,modifiedtime,modifier,position,proid,refcode,refname,relatemeta,required,resid,showformula,textrows,ts,validateformula,visible,width)
            values('0001ZZZZ38e8801d3023','0001ZZZZ06e2ebe5c3e0','5cdc5913-ad9f-4f88-9923-785f7097915d','alltuition','1','#111111',null,'~',31,null, null,null,null,null,null,'N',0,null,'N','N','N',null,'N','N','N','number','学费总金额',28,NULL,'','alltuition',null,'~',40,'9c022ad5-c2c5-4df5-b37c-68a51e0d6a80','/common-ref/','-99',null,'N',null,null,null,'2021-07-19 14:33:45',null,'Y',null);
            go
            insert into pub_form_property(pk_form_property,areaid,classid,code,colnum,color,creationtime,creator,datatype,dataval,defaultvalue,defaultvar,define1,define2,define3,disabled,dr,editformula,hyperlinkflag,iscode,isdefined,ismultiselectedenabled,isnextrow,isrevise,istotal,itemtype,label,maxlength,metadataproperty,metaid,metapath,modifiedtime,modifier,position,proid,refcode,refname,relatemeta,required,resid,showformula,textrows,ts,validateformula,visible,width)
            values('0001ZZZZb142bd9f3a03','0001ZZZZ4afcacce6291','5cdc5913-ad9f-4f88-9923-785f7097915d','approver','1','#111111',null,'~',204,null, null,null,null,null,null,'N',0,null,'N','N','N',null,'N','N','N','refer','审批人',28,'uap.user.user_name','','approver',null,'~',19,'11ee35a2-0def-41e5-9947-3eb80d8bdb75','uap/refer/riart/userDefaultRefer/index','用户',null,'N',null,null,null,'2021-07-19 14:33:45',null,'Y',null);
            go
            insert into pub_form_property(pk_form_property,areaid,classid,code,colnum,color,creationtime,creator,datatype,dataval,defaultvalue,defaultvar,define1,define2,define3,disabled,dr,editformula,hyperlinkflag,iscode,isdefined,ismultiselectedenabled,isnextrow,isrevise,istotal,itemtype,label,maxlength,metadataproperty,metaid,metapath,modifiedtime,modifier,position,proid,refcode,refname,relatemeta,required,resid,showformula,textrows,ts,validateformula,visible,width)
            values('0001ZZZZd8199575370d','0001ZZZZ4afcacce6291','5cdc5913-ad9f-4f88-9923-785f7097915d','approvenote','1','#111111',null,'~',1,null, null,null,null,null,null,'N',0,null,'N','N','N',null,'N','N','N','input','审批批语',28,NULL,'','approvenote',null,'~',21,'ea150a7b-d0c8-458f-9374-c5195309930a','/common-ref/','-99',null,'N',null,null,null,'2021-07-19 14:33:45',null,'Y',null);
            go
            insert into pub_form_property(pk_form_property,areaid,classid,code,colnum,color,creationtime,creator,datatype,dataval,defaultvalue,defaultvar,define1,define2,define3,disabled,dr,editformula,hyperlinkflag,iscode,isdefined,ismultiselectedenabled,isnextrow,isrevise,istotal,itemtype,label,maxlength,metadataproperty,metaid,metapath,modifiedtime,modifier,position,proid,refcode,refname,relatemeta,required,resid,showformula,textrows,ts,validateformula,visible,width)
            values('0001ZZZZ70c864012a3c','0001ZZZZ4afcacce6291','5cdc5913-ad9f-4f88-9923-785f7097915d','approvedate','1','#111111',null,'~',34,null, null,null,null,null,null,'N',0,null,'N','N','N',null,'N','N','N','datetimepicker','审批时间',28,NULL,'','approvedate',null,'~',22,'e7891776-b9b8-4717-a4f6-30683c443aa5','/common-ref/','-99',null,'N',null,null,null,'2021-07-19 14:33:45',null,'Y',null);
            go
            insert into pub_form_property(pk_form_property,areaid,classid,code,colnum,color,creationtime,creator,datatype,dataval,defaultvalue,defaultvar,define1,define2,define3,disabled,dr,editformula,hyperlinkflag,iscode,isdefined,ismultiselectedenabled,isnextrow,isrevise,istotal,itemtype,label,maxlength,metadataproperty,metaid,metapath,modifiedtime,modifier,position,proid,refcode,refname,relatemeta,required,resid,showformula,textrows,ts,validateformula,visible,width)
            values('0001ZZZZ38e8801d3027','0001ZZZZ06e2ebe5c3e0','5cdc5913-ad9f-4f88-9923-785f7097915d','approvestatus','1','#111111',null,'~',203,'自由=-1,审批未通过=0,审批通过=1,审批进行中=2,提交=3', null,null,null,null,null,'N',0,null,'N','N','N',null,'N','N','N','select','审批状态',28,NULL,'','approvestatus',null,'~',20,'a027ba2a-f29c-4fb5-bfd8-76622967df38','/common-ref/','-99',null,'N',null,null,null,'2021-07-19 14:33:45',null,'Y',null);
            go
            insert into pub_form_property(pk_form_property,areaid,classid,code,colnum,color,creationtime,creator,datatype,dataval,defaultvalue,defaultvar,define1,define2,define3,disabled,dr,editformula,hyperlinkflag,iscode,isdefined,ismultiselectedenabled,isnextrow,isrevise,istotal,itemtype,label,maxlength,metadataproperty,metaid,metapath,modifiedtime,modifier,position,proid,refcode,refname,relatemeta,required,resid,showformula,textrows,ts,validateformula,visible,width)
            values('0001ZZZZ38e8801d3028','0001ZZZZ06e2ebe5c3e0','5cdc5913-ad9f-4f88-9923-785f7097915d','amount','1','#111111',null,'~',1,null, null,null,null,null,null,'N',0,null,'N','N','N',null,'N','N','N','input','应缴金额',28,NULL,'','amount',null,'~',42,'cc789ab7-ebe0-49a4-b88e-a5f4a174933f','/common-ref/','-99',null,'N',null,null,null,'2021-07-19 14:33:45',null,'Y',null);
            go
            insert into pub_form_property(pk_form_property,areaid,classid,code,colnum,color,creationtime,creator,datatype,dataval,defaultvalue,defaultvar,define1,define2,define3,disabled,dr,editformula,hyperlinkflag,iscode,isdefined,ismultiselectedenabled,isnextrow,isrevise,istotal,itemtype,label,maxlength,metadataproperty,metaid,metapath,modifiedtime,modifier,position,proid,refcode,refname,relatemeta,required,resid,showformula,textrows,ts,validateformula,visible,width)
            values('0001ZZZZ38e8801d3029','0001ZZZZ06e2ebe5c3e0','5cdc5913-ad9f-4f88-9923-785f7097915d','srctrantype','1','#111111',null,'~',1,null, null,null,null,null,null,'N',0,null,'N','N','N',null,'N','N','N','input','来源交易类型',28,NULL,'','srctrantype',null,'~',30,'5ff4a23d-5e3a-45cb-b7b2-7d6b73e5b417','/common-ref/','-99',null,'N',null,null,null,'2021-07-19 14:33:45',null,'Y',null);
            go
            insert into pub_form_property(pk_form_property,areaid,classid,code,colnum,color,creationtime,creator,datatype,dataval,defaultvalue,defaultvar,define1,define2,define3,disabled,dr,editformula,hyperlinkflag,iscode,isdefined,ismultiselectedenabled,isnextrow,isrevise,istotal,itemtype,label,maxlength,metadataproperty,metaid,metapath,modifiedtime,modifier,position,proid,refcode,refname,relatemeta,required,resid,showformula,textrows,ts,validateformula,visible,width)
            values('0001ZZZZ38e8801d3032','0001ZZZZ06e2ebe5c3e0','5cdc5913-ad9f-4f88-9923-785f7097915d','srccode','1','#111111',null,'~',1,null, null,null,null,null,null,'N',0,null,'N','N','N',null,'N','N','N','input','来源单据号',28,NULL,'','srccode',null,'~',26,'939df39d-6ca7-4b6b-a1fa-279a01e6a79a','/common-ref/','-99',null,'N',null,null,null,'2021-07-19 14:33:45',null,'Y',null);
            go
            insert into pub_form_property(pk_form_property,areaid,classid,code,colnum,color,creationtime,creator,datatype,dataval,defaultvalue,defaultvar,define1,define2,define3,disabled,dr,editformula,hyperlinkflag,iscode,isdefined,ismultiselectedenabled,isnextrow,isrevise,istotal,itemtype,label,maxlength,metadataproperty,metaid,metapath,modifiedtime,modifier,position,proid,refcode,refname,relatemeta,required,resid,showformula,textrows,ts,validateformula,visible,width)
            values('0001ZZZZ38e8801d3034','0001ZZZZ06e2ebe5c3e0','5cdc5913-ad9f-4f88-9923-785f7097915d','srcbilltype','1','#111111',null,'~',1,null, null,null,null,null,null,'N',0,null,'N','N','N',null,'N','N','N','input','来源单据类型',28,NULL,'','srcbilltype',null,'~',24,'f5109891-61df-436e-8f3d-7f94480f96e9','/common-ref/','-99',null,'N',null,null,null,'2021-07-19 14:33:45',null,'Y',null);
            go
            insert into pub_form_property(pk_form_property,areaid,classid,code,colnum,color,creationtime,creator,datatype,dataval,defaultvalue,defaultvar,define1,define2,define3,disabled,dr,editformula,hyperlinkflag,iscode,isdefined,ismultiselectedenabled,isnextrow,isrevise,istotal,itemtype,label,maxlength,metadataproperty,metaid,metapath,modifiedtime,modifier,position,proid,refcode,refname,relatemeta,required,resid,showformula,textrows,ts,validateformula,visible,width)
            values('0001ZZZZ38e8801d3035','0001ZZZZ06e2ebe5c3e0','5cdc5913-ad9f-4f88-9923-785f7097915d','srcrowno','1','#111111',null,'~',1,null, null,null,null,null,null,'N',0,null,'N','N','N',null,'N','N','N','input','来源单据行号',28,NULL,'','srcrowno',null,'~',29,'db10964a-716b-4eb6-ae81-b0130c16c10d','/common-ref/','-99',null,'N',null,null,null,'2021-07-19 14:33:45',null,'Y',null);
            go
            insert into pub_form_property(pk_form_property,areaid,classid,code,colnum,color,creationtime,creator,datatype,dataval,defaultvalue,defaultvar,define1,define2,define3,disabled,dr,editformula,hyperlinkflag,iscode,isdefined,ismultiselectedenabled,isnextrow,isrevise,istotal,itemtype,label,maxlength,metadataproperty,metaid,metapath,modifiedtime,modifier,position,proid,refcode,refname,relatemeta,required,resid,showformula,textrows,ts,validateformula,visible,width)
            values('0001ZZZZ38e8801d3036','0001ZZZZ06e2ebe5c3e0','5cdc5913-ad9f-4f88-9923-785f7097915d','vfirsttrantype','1','#111111',null,'~',1,null, null,null,null,null,null,'N',0,null,'N','N','N',null,'N','N','N','input','源头交易类型',28,NULL,'','vfirsttrantype',null,'~',36,'86212ef7-68bc-4a1d-b9fc-5b7c2ea12608','/common-ref/','-99',null,'N',null,null,null,'2021-07-19 14:33:45',null,'Y',null);
            go
            insert into pub_form_property(pk_form_property,areaid,classid,code,colnum,color,creationtime,creator,datatype,dataval,defaultvalue,defaultvar,define1,define2,define3,disabled,dr,editformula,hyperlinkflag,iscode,isdefined,ismultiselectedenabled,isnextrow,isrevise,istotal,itemtype,label,maxlength,metadataproperty,metaid,metapath,modifiedtime,modifier,position,proid,refcode,refname,relatemeta,required,resid,showformula,textrows,ts,validateformula,visible,width)
            values('0001ZZZZ38e8801d3038','0001ZZZZ06e2ebe5c3e0','5cdc5913-ad9f-4f88-9923-785f7097915d','vfirstcode','1','#111111',null,'~',1,null, null,null,null,null,null,'N',0,null,'N','N','N',null,'N','N','N','input','源头单据号',28,NULL,'','vfirstcode',null,'~',32,'b413e387-3555-4a4f-bdbf-88a339f89784','/common-ref/','-99',null,'N',null,null,null,'2021-07-19 14:33:45',null,'Y',null);
            go
            insert into pub_form_property(pk_form_property,areaid,classid,code,colnum,color,creationtime,creator,datatype,dataval,defaultvalue,defaultvar,define1,define2,define3,disabled,dr,editformula,hyperlinkflag,iscode,isdefined,ismultiselectedenabled,isnextrow,isrevise,istotal,itemtype,label,maxlength,metadataproperty,metaid,metapath,modifiedtime,modifier,position,proid,refcode,refname,relatemeta,required,resid,showformula,textrows,ts,validateformula,visible,width)
            values('0001ZZZZ38e8801d3039','0001ZZZZ06e2ebe5c3e0','5cdc5913-ad9f-4f88-9923-785f7097915d','vfirstbid','1','#111111',null,'~',1,null, null,null,null,null,null,'N',0,null,'N','N','N',null,'N','N','N','input','源头单据子表id',28,NULL,'','vfirstbid',null,'~',34,'99982cd5-e308-4317-bdb1-12be5a84a5d6','/common-ref/','-99',null,'N',null,null,null,'2021-07-19 14:33:45',null,'Y',null);
            go
            insert into pub_form_property(pk_form_property,areaid,classid,code,colnum,color,creationtime,creator,datatype,dataval,defaultvalue,defaultvar,define1,define2,define3,disabled,dr,editformula,hyperlinkflag,iscode,isdefined,ismultiselectedenabled,isnextrow,isrevise,istotal,itemtype,label,maxlength,metadataproperty,metaid,metapath,modifiedtime,modifier,position,proid,refcode,refname,relatemeta,required,resid,showformula,textrows,ts,validateformula,visible,width)
            values('0001ZZZZ38e8801d3040','0001ZZZZ06e2ebe5c3e0','5cdc5913-ad9f-4f88-9923-785f7097915d','vfirsttype','1','#111111',null,'~',1,null, null,null,null,null,null,'N',0,null,'N','N','N',null,'N','N','N','input','源头单据类型',28,NULL,'','vfirsttype',null,'~',31,'de23e429-4868-42e7-84af-399177075408','/common-ref/','-99',null,'N',null,null,null,'2021-07-19 14:33:45',null,'Y',null);
            go
            insert into pub_form_property(pk_form_property,areaid,classid,code,colnum,color,creationtime,creator,datatype,dataval,defaultvalue,defaultvar,define1,define2,define3,disabled,dr,editformula,hyperlinkflag,iscode,isdefined,ismultiselectedenabled,isnextrow,isrevise,istotal,itemtype,label,maxlength,metadataproperty,metaid,metapath,modifiedtime,modifier,position,proid,refcode,refname,relatemeta,required,resid,showformula,textrows,ts,validateformula,visible,width)
            values('0001ZZZZ38e8801d3041','0001ZZZZ06e2ebe5c3e0','5cdc5913-ad9f-4f88-9923-785f7097915d','vfirstrowno','1','#111111',null,'~',1,null, null,null,null,null,null,'N',0,null,'N','N','N',null,'N','N','N','input','源头单据行号',28,NULL,'','vfirstrowno',null,'~',35,'ec0351cf-f17f-49b6-8cbf-f9531c9658fb','/common-ref/','-99',null,'N',null,null,null,'2021-07-19 14:33:45',null,'Y',null);
            go
            insert into pub_form_property(pk_form_property,areaid,classid,code,colnum,color,creationtime,creator,datatype,dataval,defaultvalue,defaultvar,define1,define2,define3,disabled,dr,editformula,hyperlinkflag,iscode,isdefined,ismultiselectedenabled,isnextrow,isrevise,istotal,itemtype,label,maxlength,metadataproperty,metaid,metapath,modifiedtime,modifier,position,proid,refcode,refname,relatemeta,required,resid,showformula,textrows,ts,validateformula,visible,width)
            values('0001ZZZZ38e8801d3042','0001ZZZZ06e2ebe5c3e0','5cdc5913-ad9f-4f88-9923-785f7097915d','clas','1','#111111',null,'~',1,null, null,null,null,null,null,'N',0,null,'N','N','N',null,'N','N','N','input','班级',28,NULL,'','clas',null,'~',39,'ea954625-acb9-459d-b9de-da9f2ced16f4','/common-ref/','-99',null,'N',null,null,null,'2021-07-19 14:33:45',null,'Y',null);
            go
            insert into pub_form_property(pk_form_property,areaid,classid,code,colnum,color,creationtime,creator,datatype,dataval,defaultvalue,defaultvar,define1,define2,define3,disabled,dr,editformula,hyperlinkflag,iscode,isdefined,ismultiselectedenabled,isnextrow,isrevise,istotal,itemtype,label,maxlength,metadataproperty,metaid,metapath,modifiedtime,modifier,position,proid,refcode,refname,relatemeta,required,resid,showformula,textrows,ts,validateformula,visible,width)
            values('0001ZZZZ38e8801d3043','0001ZZZZ06e2ebe5c3e0','5cdc5913-ad9f-4f88-9923-785f7097915d','pk_org','1','#111111',null,'~',204,null, null,null,null,null,null,'N',0,null,'N','N','N',null,'N','N','N','refer','组织',28,'uap.org.name','','pk_org',null,'~',3,'5954e37f-a75b-4fbc-92e8-1c4bc80aef51','uapbd/refer/org/BusinessUnitAndDeptTreeRef/index','业务单元及部门',null,'N',null,null,null,'2021-07-19 14:33:45',null,'Y',null);
            go
            insert into pub_form_property(pk_form_property,areaid,classid,code,colnum,color,creationtime,creator,datatype,dataval,defaultvalue,defaultvar,define1,define2,define3,disabled,dr,editformula,hyperlinkflag,iscode,isdefined,ismultiselectedenabled,isnextrow,isrevise,istotal,itemtype,label,maxlength,metadataproperty,metaid,metapath,modifiedtime,modifier,position,proid,refcode,refname,relatemeta,required,resid,showformula,textrows,ts,validateformula,visible,width)
            values('0001ZZZZ38e8801d3044','0001ZZZZ06e2ebe5c3e0','5cdc5913-ad9f-4f88-9923-785f7097915d','pk_org_v','1','#111111',null,'~',204,null, null,null,null,null,null,'N',0,null,'N','N','N',null,'N','N','N','refer','组织版本',28,NULL,'','pk_org_v',null,'~',4,'8ef719eb-fc71-47d2-bd95-b134e7818bf9','uapbd/refer/orgv/BusinessUnitVersionDefaultAllTreeRef/index','业务单元版本(所有)',null,'N',null,null,null,'2021-07-19 14:33:45',null,'N',null);
            go
            insert into pub_form_property(pk_form_property,areaid,classid,code,colnum,color,creationtime,creator,datatype,dataval,defaultvalue,defaultvar,define1,define2,define3,disabled,dr,editformula,hyperlinkflag,iscode,isdefined,ismultiselectedenabled,isnextrow,isrevise,istotal,itemtype,label,maxlength,metadataproperty,metaid,metapath,modifiedtime,modifier,position,proid,refcode,refname,relatemeta,required,resid,showformula,textrows,ts,validateformula,visible,width)
            values('0001ZZZZ38e8801d3065','0001ZZZZ06e2ebe5c3e0','5cdc5913-ad9f-4f88-9923-785f7097915d','isupload','1','#111111',null,'~',32,null, null,null,null,null,null,'N',0,null,'N','N','N',null,'N','N','N','checkbox_switch','附件是否上传',28,NULL,'','isupload',null,'~',46,'01e47311-d908-4fc0-ae3e-cd619643b1dd','/common-ref/','-99',null,'N',null,null,null,'2021-07-19 14:33:45',null,'Y',null);
            go
            insert into pub_form_property(pk_form_property,areaid,classid,code,colnum,color,creationtime,creator,datatype,dataval,defaultvalue,defaultvar,define1,define2,define3,disabled,dr,editformula,hyperlinkflag,iscode,isdefined,ismultiselectedenabled,isnextrow,isrevise,istotal,itemtype,label,maxlength,metadataproperty,metaid,metapath,modifiedtime,modifier,position,proid,refcode,refname,relatemeta,required,resid,showformula,textrows,ts,validateformula,visible,width)
            values('0001ZZZZ38e8801d3066','0001ZZZZ06e2ebe5c3e0','5cdc5913-ad9f-4f88-9923-785f7097915d','pk_group','1','#111111',null,'~',204,null, null,null,null,null,null,'N',0,null,'N','N','N',null,'N','N','N','refer','集团',28,'uap.group.name','','pk_group',null,'~',2,'d5666184-40a6-4ff7-b417-bc2b5e4d0115','uap/refer/riart/groupTreeRef/index','集团',null,'N',null,null,null,'2021-07-19 14:33:45',null,'Y',null);
            go













            insert into pub_form_property(pk_form_property,areaid,classid,code,colnum,color,creationtime,creator,datatype,dataval,defaultvalue,defaultvar,define1,define2,define3,disabled,dr,editformula,hyperlinkflag,iscode,isdefined,ismultiselectedenabled,isnextrow,isrevise,istotal,itemtype,label,maxlength,metadataproperty,metaid,metapath,modifiedtime,modifier,position,proid,refcode,refname,relatemeta,required,resid,showformula,textrows,ts,validateformula,visible,width)
            values('0001ZZZZfff08cdea001','0001ZZZZ512244d02a21','5cdc5913-ad9f-4f88-9923-785f7097915d','pk_busitype','1','#111111',null,'~',204,null, null,null,null,null,null,'N',0,null,'N','N','N',null,'N','N','N','refer','业务类型',28,NULL,'','pk_busitype',null,'~',8,'50ca0db8-44c0-48f3-876d-4a225492d789','uap/refer/riart/busitype/index','业务流程',null,'N',null,null,null,'2021-07-19 14:33:45',null,'Y',null);
            go
            insert into pub_form_property(pk_form_property,areaid,classid,code,colnum,color,creationtime,creator,datatype,dataval,defaultvalue,defaultvar,define1,define2,define3,disabled,dr,editformula,hyperlinkflag,iscode,isdefined,ismultiselectedenabled,isnextrow,isrevise,istotal,itemtype,label,maxlength,metadataproperty,metaid,metapath,modifiedtime,modifier,position,proid,refcode,refname,relatemeta,required,resid,showformula,textrows,ts,validateformula,visible,width)
            values('0001ZZZZfff08cdea002','0001ZZZZ512244d02a21','5cdc5913-ad9f-4f88-9923-785f7097915d','infonote','1','#111111',null,'~',1,null, null,null,null,null,null,'N',0,null,'N','N','N',null,'N','N','N','input','事项说明',28,NULL,'','infonote',null,'~',44,'f1164fab-72ca-4b3d-ba62-64e5f99b0059','/common-ref/','-99',null,'N',null,null,null,'2021-07-19 14:33:45',null,'Y',null);
            go
            insert into pub_form_property(pk_form_property,areaid,classid,code,colnum,color,creationtime,creator,datatype,dataval,defaultvalue,defaultvar,define1,define2,define3,disabled,dr,editformula,hyperlinkflag,iscode,isdefined,ismultiselectedenabled,isnextrow,isrevise,istotal,itemtype,label,maxlength,metadataproperty,metaid,metapath,modifiedtime,modifier,position,proid,refcode,refname,relatemeta,required,resid,showformula,textrows,ts,validateformula,visible,width)
            values('0001ZZZZfff08cdea003','0001ZZZZ512244d02a21','5cdc5913-ad9f-4f88-9923-785f7097915d','pk_transtype','1','#111111',null,'~',204,null, null,null,null,null,null,'N',0,null,'N','N','N',null,'N','N','N','refer','交易类型',28,'uap.BilltypeVO.billtypename','','pk_transtype',null,'~',12,'72f0a0c8-b2df-4114-a7cc-caaa6133a52f','uap/refer/riart/transtype/index','影响因素交 易类型',null,'N',null,null,null,'2021-07-19 14:33:45',null,'Y',null);
            go
            insert into pub_form_property(pk_form_property,areaid,classid,code,colnum,color,creationtime,creator,datatype,dataval,defaultvalue,defaultvar,define1,define2,define3,disabled,dr,editformula,hyperlinkflag,iscode,isdefined,ismultiselectedenabled,isnextrow,isrevise,istotal,itemtype,label,maxlength,metadataproperty,metaid,metapath,modifiedtime,modifier,position,proid,refcode,refname,relatemeta,required,resid,showformula,textrows,ts,validateformula,visible,width)
            values('0001ZZZZfff08cdea004','0001ZZZZ512244d02a21','5cdc5913-ad9f-4f88-9923-785f7097915d','transtypecode','1','#111111',null,'~',1,null, null,null,null,null,null,'N',0,null,'N','N','N',null,'N','N','N','input','交易类型编码',28,NULL,'','transtypecode',null,'~',11,'d2fb9c0a-9e53-48b0-8738-9261645cc271','/common-ref/','-99',null,'N',null,null,null,'2021-07-19 14:33:45',null,'Y',null);
            go
            insert into pub_form_property(pk_form_property,areaid,classid,code,colnum,color,creationtime,creator,datatype,dataval,defaultvalue,defaultvar,define1,define2,define3,disabled,dr,editformula,hyperlinkflag,iscode,isdefined,ismultiselectedenabled,isnextrow,isrevise,istotal,itemtype,label,maxlength,metadataproperty,metaid,metapath,modifiedtime,modifier,position,proid,refcode,refname,relatemeta,required,resid,showformula,textrows,ts,validateformula,visible,width)
            values('0001ZZZZ58d025376b66','0001ZZZZd9f7e98b1738','5cdc5913-ad9f-4f88-9923-785f7097915d','modifier','1','#111111',null,'~',204,null, null,null,null,null,null,'N',0,null,'N','N','N',null,'N','N','N','refer','修改人',28,'uap.user.user_name','','modifier',null,'~',17,'8701256a-9eb7-4bbb-8c41-6945defc38be','uap/refer/riart/userDefaultRefer/index','用户',null,'N',null,null,null,'2021-07-19 14:33:45',null,'Y',null);
            go
            insert into pub_form_property(pk_form_property,areaid,classid,code,colnum,color,creationtime,creator,datatype,dataval,defaultvalue,defaultvar,define1,define2,define3,disabled,dr,editformula,hyperlinkflag,iscode,isdefined,ismultiselectedenabled,isnextrow,isrevise,istotal,itemtype,label,maxlength,metadataproperty,metaid,metapath,modifiedtime,modifier,position,proid,refcode,refname,relatemeta,required,resid,showformula,textrows,ts,validateformula,visible,width)
            values('0001ZZZZbd9381998dfa','0001ZZZZd9f7e98b1738','5cdc5913-ad9f-4f88-9923-785f7097915d','modifiedtime','1','#111111',null,'~',34,null, null,null,null,null,null,'N',0,null,'N','N','N',null,'N','N','N','datetimepicker','修改时间',28,NULL,'','modifiedtime',null,'~',18,'8119fb2e-00ba-4347-a66f-042b472c294f','/common-ref/','-99',null,'N',null,null,null,'2021-07-19 14:33:45',null,'Y',null);
            go
            insert into pub_form_property(pk_form_property,areaid,classid,code,colnum,color,creationtime,creator,datatype,dataval,defaultvalue,defaultvar,define1,define2,define3,disabled,dr,editformula,hyperlinkflag,iscode,isdefined,ismultiselectedenabled,isnextrow,isrevise,istotal,itemtype,label,maxlength,metadataproperty,metaid,metapath,modifiedtime,modifier,position,proid,refcode,refname,relatemeta,required,resid,showformula,textrows,ts,validateformula,visible,width)
            values('0001ZZZZfff08cdea007','0001ZZZZ512244d02a21','5cdc5913-ad9f-4f88-9923-785f7097915d','freetype','1','#111111',null,'~',1,null, null,null,null,null,null,'N',0,null,'N','N','N',null,'N','N','N','input','减免类型',28,NULL,'','freetype',null,'~',43,'7bb2cf3d-2018-4dd3-922a-4cfd11014570','/common-ref/','-99',null,'N',null,null,null,'2021-07-19 14:33:45',null,'Y',null);
            go
            insert into pub_form_property(pk_form_property,areaid,classid,code,colnum,color,creationtime,creator,datatype,dataval,defaultvalue,defaultvar,define1,define2,define3,disabled,dr,editformula,hyperlinkflag,iscode,isdefined,ismultiselectedenabled,isnextrow,isrevise,istotal,itemtype,label,maxlength,metadataproperty,metaid,metapath,modifiedtime,modifier,position,proid,refcode,refname,relatemeta,required,resid,showformula,textrows,ts,validateformula,visible,width)
            values('0001ZZZZfff08cdea008','0001ZZZZ512244d02a21','5cdc5913-ad9f-4f88-9923-785f7097915d','reducation','1','#111111',null,'~',1,null, null,null,null,null,null,'N',0,null,'N','N','N',null,'N','N','N','input','减免金额',28,NULL,'','reducation',null,'~',41,'a8dc9db2-9fab-4deb-a2c7-26ab81d809ac','/common-ref/','-99',null,'N',null,null,null,'2021-07-19 14:33:45',null,'Y',null);
            go
            insert into pub_form_property(pk_form_property,areaid,classid,code,colnum,color,creationtime,creator,datatype,dataval,defaultvalue,defaultvar,define1,define2,define3,disabled,dr,editformula,hyperlinkflag,iscode,isdefined,ismultiselectedenabled,isnextrow,isrevise,istotal,itemtype,label,maxlength,metadataproperty,metaid,metapath,modifiedtime,modifier,position,proid,refcode,refname,relatemeta,required,resid,showformula,textrows,ts,validateformula,visible,width)
            values('0001ZZZZ6fb91bc71445','0001ZZZZd9f7e98b1738','5cdc5913-ad9f-4f88-9923-785f7097915d','creator','1','#111111',null,'~',204,null, null,null,null,null,null,'N',0,null,'N','N','N',null,'N','N','N','refer','创建人',28,'uap.user.user_name','','creator',null,'~',15,'d2e5d02e-38f3-4196-87f9-0d3fda0992e8','uap/refer/riart/userDefaultRefer/index','用户',null,'N',null,null,null,'2021-07-19 14:33:45',null,'Y',null);
            go
            insert into pub_form_property(pk_form_property,areaid,classid,code,colnum,color,creationtime,creator,datatype,dataval,defaultvalue,defaultvar,define1,define2,define3,disabled,dr,editformula,hyperlinkflag,iscode,isdefined,ismultiselectedenabled,isnextrow,isrevise,istotal,itemtype,label,maxlength,metadataproperty,metaid,metapath,modifiedtime,modifier,position,proid,refcode,refname,relatemeta,required,resid,showformula,textrows,ts,validateformula,visible,width)
            values('0001ZZZZ4b8bd9c6e227','0001ZZZZd9f7e98b1738','5cdc5913-ad9f-4f88-9923-785f7097915d','creationtime','1','#111111',null,'~',34,null, null,null,null,null,null,'N',0,null,'N','N','N',null,'N','N','N','datetimepicker','创建时间',28,NULL,'','creationtime',null,'~',16,'84832de9-518e-4811-a1fa-9103c1451ae6','/common-ref/','-99',null,'N',null,null,null,'2021-07-19 14:33:45',null,'Y',null);
            go
            insert into pub_form_property(pk_form_property,areaid,classid,code,colnum,color,creationtime,creator,datatype,dataval,defaultvalue,defaultvar,define1,define2,define3,disabled,dr,editformula,hyperlinkflag,iscode,isdefined,ismultiselectedenabled,isnextrow,isrevise,istotal,itemtype,label,maxlength,metadataproperty,metaid,metapath,modifiedtime,modifier,position,proid,refcode,refname,relatemeta,required,resid,showformula,textrows,ts,validateformula,visible,width)
            values('0001ZZZZfff08cdea011','0001ZZZZ512244d02a21','5cdc5913-ad9f-4f88-9923-785f7097915d','billmaker','1','#111111',null,'~',204,null, null,null,null,null,null,'N',0,null,'N','N','N',null,'N','N','N','refer','制单人',28,'uap.user.user_name','','billmaker',null,'~',13,'bed53bab-35d6-4382-b529-ff5df46591ce','uap/refer/riart/userDefaultRefer/index','用户',null,'N',null,null,null,'2021-07-19 14:33:45',null,'Y',null);
            go
            insert into pub_form_property(pk_form_property,areaid,classid,code,colnum,color,creationtime,creator,datatype,dataval,defaultvalue,defaultvar,define1,define2,define3,disabled,dr,editformula,hyperlinkflag,iscode,isdefined,ismultiselectedenabled,isnextrow,isrevise,istotal,itemtype,label,maxlength,metadataproperty,metaid,metapath,modifiedtime,modifier,position,proid,refcode,refname,relatemeta,required,resid,showformula,textrows,ts,validateformula,visible,width)
            values('0001ZZZZfff08cdea012','0001ZZZZ512244d02a21','5cdc5913-ad9f-4f88-9923-785f7097915d','maketime','1','#111111',null,'~',33,null, null,null,null,null,null,'N',0,null,'N','N','N',null,'N','N','N','datepicker','制单时间',28,NULL,'','maketime',null,'~',14,'21415d0f-1867-4bc8-b878-95f0622dd6e4','/common-ref/','-99',null,'N',null,null,null,'2021-07-19 14:33:45',null,'Y',null);
            go
            insert into pub_form_property(pk_form_property,areaid,classid,code,colnum,color,creationtime,creator,datatype,dataval,defaultvalue,defaultvar,define1,define2,define3,disabled,dr,editformula,hyperlinkflag,iscode,isdefined,ismultiselectedenabled,isnextrow,isrevise,istotal,itemtype,label,maxlength,metadataproperty,metaid,metapath,modifiedtime,modifier,position,proid,refcode,refname,relatemeta,required,resid,showformula,textrows,ts,validateformula,visible,width)
            values('0001ZZZZfff08cdea013','0001ZZZZ512244d02a21','5cdc5913-ad9f-4f88-9923-785f7097915d','bill_no','1','#111111',null,'~',1,null, null,null,null,null,null,'Y',0,null,'N','N','N',null,'N','N','N','input','单据号',28,NULL,'','bill_no',null,'~',7,'7597f69e-4920-4e47-8e82-6912324f9b71','/common-ref/','-99',null,'N',null,null,null,'2021-07-19 14:33:45',null,'Y',null);
            go
            insert into pub_form_property(pk_form_property,areaid,classid,code,colnum,color,creationtime,creator,datatype,dataval,defaultvalue,defaultvar,define1,define2,define3,disabled,dr,editformula,hyperlinkflag,iscode,isdefined,ismultiselectedenabled,isnextrow,isrevise,istotal,itemtype,label,maxlength,metadataproperty,metaid,metapath,modifiedtime,modifier,position,proid,refcode,refname,relatemeta,required,resid,showformula,textrows,ts,validateformula,visible,width)
            values('0001ZZZZfff08cdea014','0001ZZZZ512244d02a21','5cdc5913-ad9f-4f88-9923-785f7097915d','dbilldate','1','#111111',null,'~',33,null, null,null,null,null,null,'N',0,null,'N','N','N',null,'N','N','N','datepicker','单据日期',28,NULL,'','dbilldate',null,'~',5,'4f57803d-756b-4f63-8fa7-34c316fb4362','/common-ref/','-99',null,'N',null,null,null,'2021-07-19 14:33:45',null,'Y',null);
            go
            insert into pub_form_property(pk_form_property,areaid,classid,code,colnum,color,creationtime,creator,datatype,dataval,defaultvalue,defaultvar,define1,define2,define3,disabled,dr,editformula,hyperlinkflag,iscode,isdefined,ismultiselectedenabled,isnextrow,isrevise,istotal,itemtype,label,maxlength,metadataproperty,metaid,metapath,modifiedtime,modifier,position,proid,refcode,refname,relatemeta,required,resid,showformula,textrows,ts,validateformula,visible,width)
            values('0001ZZZZfff08cdea015','0001ZZZZ512244d02a21','5cdc5913-ad9f-4f88-9923-785f7097915d','billstatus','1','#111111',null,'~',203,'自由=-1,审批未通过=0,审批通过=1,审批进行中=2,提交=3','-1',null,null,null,null,'Y',0,null,'N','N','N',null,'N','N','N','select','单据状态',28,NULL,'','billstatus',null,'~',6,'9af265aa-ad22-4e60-9935-ce86e6721d8a','/common-ref/','-99',null,'N',null,null,null,'2021-07-19 14:33:45',null,'Y',null);
            go
            insert into pub_form_property(pk_form_property,areaid,classid,code,colnum,color,creationtime,creator,datatype,dataval,defaultvalue,defaultvar,define1,define2,define3,disabled,dr,editformula,hyperlinkflag,iscode,isdefined,ismultiselectedenabled,isnextrow,isrevise,istotal,itemtype,label,maxlength,metadataproperty,metaid,metapath,modifiedtime,modifier,position,proid,refcode,refname,relatemeta,required,resid,showformula,textrows,ts,validateformula,visible,width)
            values('0001ZZZZfff08cdea016','0001ZZZZ512244d02a21','5cdc5913-ad9f-4f88-9923-785f7097915d','pk_billtypeid','1','#111111',null,'~',204,null, null,null,null,null,null,'N',0,null,'N','N','N',null,'N','N','N','refer','单据类型',28,'uap.BilltypeVO.billtypename','','pk_billtypeid',null,'~',9,'6ba803ae-22cd-4f7d-a48b-02977f20ad19','uap/refer/riart/billtype/index','影响因素单据类型',null,'N',null,null,null,'2021-07-19 14:33:45',null,'Y',null);
            go
            insert into pub_form_property(pk_form_property,areaid,classid,code,colnum,color,creationtime,creator,datatype,dataval,defaultvalue,defaultvar,define1,define2,define3,disabled,dr,editformula,hyperlinkflag,iscode,isdefined,ismultiselectedenabled,isnextrow,isrevise,istotal,itemtype,label,maxlength,metadataproperty,metaid,metapath,modifiedtime,modifier,position,proid,refcode,refname,relatemeta,required,resid,showformula,textrows,ts,validateformula,visible,width)
            values('0001ZZZZfff08cdea017','0001ZZZZ512244d02a21','5cdc5913-ad9f-4f88-9923-785f7097915d','billtype','1','#111111',null,'~',1,null, null,null,null,null,null,'N',0,null,'N','N','N',null,'N','N','N','input','单据类型编码',28,NULL,'','billtype',null,'~',10,'dd7b31a5-3c64-405a-bb36-1832a59ff9c4','/common-ref/','-99',null,'N',null,null,null,'2021-07-19 14:33:45',null,'Y',null);
            go
            insert into pub_form_property(pk_form_property,areaid,classid,code,colnum,color,creationtime,creator,datatype,dataval,defaultvalue,defaultvar,define1,define2,define3,disabled,dr,editformula,hyperlinkflag,iscode,isdefined,ismultiselectedenabled,isnextrow,isrevise,istotal,itemtype,label,maxlength,metadataproperty,metaid,metapath,modifiedtime,modifier,position,proid,refcode,refname,relatemeta,required,resid,showformula,textrows,ts,validateformula,visible,width)
            values('0001ZZZZfff08cdea018','0001ZZZZ512244d02a21','5cdc5913-ad9f-4f88-9923-785f7097915d','vnote','1','#111111',null,'~',1,null, null,null,null,null,null,'N',0,null,'N','N','N',null,'N','N','N','input','备注',28,NULL,'','vnote',null,'~',23,'6b4fbe7f-9a59-4042-826f-1480f5bf6a6e','/common-ref/','-99',null,'N',null,null,null,'2021-07-19 14:33:45',null,'Y',null);
            go
            insert into pub_form_property(pk_form_property,areaid,classid,code,colnum,color,creationtime,creator,datatype,dataval,defaultvalue,defaultvar,define1,define2,define3,disabled,dr,editformula,hyperlinkflag,iscode,isdefined,ismultiselectedenabled,isnextrow,isrevise,istotal,itemtype,label,maxlength,metadataproperty,metaid,metapath,modifiedtime,modifier,position,proid,refcode,refname,relatemeta,required,resid,showformula,textrows,ts,validateformula,visible,width)
            values('0001ZZZZfff08cdea019','0001ZZZZ512244d02a21','5cdc5913-ad9f-4f88-9923-785f7097915d','school','1','#111111',null,'~',1,null, null,null,null,null,null,'N',0,null,'N','N','N',null,'N','N','N','input','学校',28,NULL,'','school',null,'~',38,'184d423a-1bad-4394-befd-59db8e488eb3','/common-ref/','-99',null,'N',null,null,null,'2021-07-19 14:33:45',null,'Y',null);
            go
            insert into pub_form_property(pk_form_property,areaid,classid,code,colnum,color,creationtime,creator,datatype,dataval,defaultvalue,defaultvar,define1,define2,define3,disabled,dr,editformula,hyperlinkflag,iscode,isdefined,ismultiselectedenabled,isnextrow,isrevise,istotal,itemtype,label,maxlength,metadataproperty,metaid,metapath,modifiedtime,modifier,position,proid,refcode,refname,relatemeta,required,resid,showformula,textrows,ts,validateformula,visible,width)
            values('0001ZZZZfff08cdea020','0001ZZZZ512244d02a21','5cdc5913-ad9f-4f88-9923-785f7097915d','saddresss','1','#111111',null,'~',1,null, null,null,null,null,null,'N',0,null,'N','N','N',null,'N','N','N','input','学校所属地址',28,NULL,'','saddresss',null,'~',45,'1000dabd-d16a-4ab6-94a0-d0bfc53d00f8','/common-ref/','-99',null,'N',null,null,null,'2021-07-19 14:33:45',null,'Y',null);
            go
            insert into pub_form_property(pk_form_property,areaid,classid,code,colnum,color,creationtime,creator,datatype,dataval,defaultvalue,defaultvar,define1,define2,define3,disabled,dr,editformula,hyperlinkflag,iscode,isdefined,ismultiselectedenabled,isnextrow,isrevise,istotal,itemtype,label,maxlength,metadataproperty,metaid,metapath,modifiedtime,modifier,position,proid,refcode,refname,relatemeta,required,resid,showformula,textrows,ts,validateformula,visible,width)
            values('0001ZZZZfff08cdea021','0001ZZZZ512244d02a21','5cdc5913-ad9f-4f88-9923-785f7097915d','student','1','#111111',null,'~',1,null, null,null,null,null,null,'N',0,null,'N','N','N',null,'N','N','N','input','学生',28,NULL,'','student',null,'~',37,'4f1490da-aeca-4047-9fab-1413c0622527','/common-ref/','-99',null,'N',null,null,null,'2021-07-19 14:33:45',null,'Y',null);
            go
            insert into pub_form_property(pk_form_property,areaid,classid,code,colnum,color,creationtime,creator,datatype,dataval,defaultvalue,defaultvar,define1,define2,define3,disabled,dr,editformula,hyperlinkflag,iscode,isdefined,ismultiselectedenabled,isnextrow,isrevise,istotal,itemtype,label,maxlength,metadataproperty,metaid,metapath,modifiedtime,modifier,position,proid,refcode,refname,relatemeta,required,resid,showformula,textrows,ts,validateformula,visible,width)
            values('0001ZZZZfff08cdea023','0001ZZZZ512244d02a21','5cdc5913-ad9f-4f88-9923-785f7097915d','alltuition','1','#111111',null,'~',31,null, null,null,null,null,null,'N',0,null,'N','N','N',null,'N','N','N','number','学费总金额',28,NULL,'','alltuition',null,'~',40,'90293a9e-9bb5-4626-a67b-ea8eaa0e4538','/common-ref/','-99',null,'N',null,null,null,'2021-07-19 14:33:45',null,'Y',null);
            go
            insert into pub_form_property(pk_form_property,areaid,classid,code,colnum,color,creationtime,creator,datatype,dataval,defaultvalue,defaultvar,define1,define2,define3,disabled,dr,editformula,hyperlinkflag,iscode,isdefined,ismultiselectedenabled,isnextrow,isrevise,istotal,itemtype,label,maxlength,metadataproperty,metaid,metapath,modifiedtime,modifier,position,proid,refcode,refname,relatemeta,required,resid,showformula,textrows,ts,validateformula,visible,width)
            values('0001ZZZZ4796aad9c837','0001ZZZZd9f7e98b1738','5cdc5913-ad9f-4f88-9923-785f7097915d','approver','1','#111111',null,'~',204,null, null,null,null,null,null,'N',0,null,'N','N','N',null,'N','N','N','refer','审批人',28,'uap.user.user_name','','approver',null,'~',19,'dff6f930-e76c-473d-955a-64f0541b50a1','uap/refer/riart/userDefaultRefer/index','用户',null,'N',null,null,null,'2021-07-19 14:33:45',null,'Y',null);
            go
            insert into pub_form_property(pk_form_property,areaid,classid,code,colnum,color,creationtime,creator,datatype,dataval,defaultvalue,defaultvar,define1,define2,define3,disabled,dr,editformula,hyperlinkflag,iscode,isdefined,ismultiselectedenabled,isnextrow,isrevise,istotal,itemtype,label,maxlength,metadataproperty,metaid,metapath,modifiedtime,modifier,position,proid,refcode,refname,relatemeta,required,resid,showformula,textrows,ts,validateformula,visible,width)
            values('0001ZZZZ920e32b0631a','0001ZZZZd9f7e98b1738','5cdc5913-ad9f-4f88-9923-785f7097915d','approvenote','1','#111111',null,'~',1,null, null,null,null,null,null,'N',0,null,'N','N','N',null,'N','N','N','input','审批批语',28,NULL,'','approvenote',null,'~',21,'8a4d4696-a9e2-4d4c-a604-cfcf044f44fc','/common-ref/','-99',null,'N',null,null,null,'2021-07-19 14:33:45',null,'Y',null);
            go
            insert into pub_form_property(pk_form_property,areaid,classid,code,colnum,color,creationtime,creator,datatype,dataval,defaultvalue,defaultvar,define1,define2,define3,disabled,dr,editformula,hyperlinkflag,iscode,isdefined,ismultiselectedenabled,isnextrow,isrevise,istotal,itemtype,label,maxlength,metadataproperty,metaid,metapath,modifiedtime,modifier,position,proid,refcode,refname,relatemeta,required,resid,showformula,textrows,ts,validateformula,visible,width)
            values('0001ZZZZadd596af8b9b','0001ZZZZd9f7e98b1738','5cdc5913-ad9f-4f88-9923-785f7097915d','approvedate','1','#111111',null,'~',34,null, null,null,null,null,null,'N',0,null,'N','N','N',null,'N','N','N','datetimepicker','审批时间',28,NULL,'','approvedate',null,'~',22,'10501b3a-fe65-4206-bbfe-d849d420e45b','/common-ref/','-99',null,'N',null,null,null,'2021-07-19 14:33:45',null,'Y',null);
            go
            insert into pub_form_property(pk_form_property,areaid,classid,code,colnum,color,creationtime,creator,datatype,dataval,defaultvalue,defaultvar,define1,define2,define3,disabled,dr,editformula,hyperlinkflag,iscode,isdefined,ismultiselectedenabled,isnextrow,isrevise,istotal,itemtype,label,maxlength,metadataproperty,metaid,metapath,modifiedtime,modifier,position,proid,refcode,refname,relatemeta,required,resid,showformula,textrows,ts,validateformula,visible,width)
            values('0001ZZZZfff08cdea027','0001ZZZZ512244d02a21','5cdc5913-ad9f-4f88-9923-785f7097915d','approvestatus','1','#111111',null,'~',203,'自由=-1,审批未通过=0,审批通过=1,审批进行中=2,提交=3', null,null,null,null,null,'N',0,null,'N','N','N',null,'N','N','N','select','审批状态',28,NULL,'','approvestatus',null,'~',20,'a8dd8e03-73c6-47ff-8244-95a53cecfbf6','/common-ref/','-99',null,'N',null,null,null,'2021-07-19 14:33:45',null,'Y',null);
            go
            insert into pub_form_property(pk_form_property,areaid,classid,code,colnum,color,creationtime,creator,datatype,dataval,defaultvalue,defaultvar,define1,define2,define3,disabled,dr,editformula,hyperlinkflag,iscode,isdefined,ismultiselectedenabled,isnextrow,isrevise,istotal,itemtype,label,maxlength,metadataproperty,metaid,metapath,modifiedtime,modifier,position,proid,refcode,refname,relatemeta,required,resid,showformula,textrows,ts,validateformula,visible,width)
            values('0001ZZZZfff08cdea028','0001ZZZZ512244d02a21','5cdc5913-ad9f-4f88-9923-785f7097915d','amount','1','#111111',null,'~',1,null, null,null,null,null,null,'N',0,null,'N','N','N',null,'N','N','N','input','应缴金额',28,NULL,'','amount',null,'~',42,'182cee6e-7cbd-4600-9aa7-cc5469d7062b','/common-ref/','-99',null,'N',null,null,null,'2021-07-19 14:33:45',null,'Y',null);
            go
            insert into pub_form_property(pk_form_property,areaid,classid,code,colnum,color,creationtime,creator,datatype,dataval,defaultvalue,defaultvar,define1,define2,define3,disabled,dr,editformula,hyperlinkflag,iscode,isdefined,ismultiselectedenabled,isnextrow,isrevise,istotal,itemtype,label,maxlength,metadataproperty,metaid,metapath,modifiedtime,modifier,position,proid,refcode,refname,relatemeta,required,resid,showformula,textrows,ts,validateformula,visible,width)
            values('0001ZZZZfff08cdea029','0001ZZZZ512244d02a21','5cdc5913-ad9f-4f88-9923-785f7097915d','srctrantype','1','#111111',null,'~',1,null, null,null,null,null,null,'N',0,null,'N','N','N',null,'N','N','N','input','来源交易类型',28,NULL,'','srctrantype',null,'~',30,'e4821f38-c1a7-4c57-8676-72b762e9b02d','/common-ref/','-99',null,'N',null,null,null,'2021-07-19 14:33:45',null,'Y',null);
            go
            insert into pub_form_property(pk_form_property,areaid,classid,code,colnum,color,creationtime,creator,datatype,dataval,defaultvalue,defaultvar,define1,define2,define3,disabled,dr,editformula,hyperlinkflag,iscode,isdefined,ismultiselectedenabled,isnextrow,isrevise,istotal,itemtype,label,maxlength,metadataproperty,metaid,metapath,modifiedtime,modifier,position,proid,refcode,refname,relatemeta,required,resid,showformula,textrows,ts,validateformula,visible,width)
            values('0001ZZZZfff08cdea032','0001ZZZZ512244d02a21','5cdc5913-ad9f-4f88-9923-785f7097915d','srccode','1','#111111',null,'~',1,null, null,null,null,null,null,'N',0,null,'N','N','N',null,'N','N','N','input','来源单据号',28,NULL,'','srccode',null,'~',26,'6495b960-f37a-400a-bc24-59703ee05a94','/common-ref/','-99',null,'N',null,null,null,'2021-07-19 14:33:45',null,'Y',null);
            go
            insert into pub_form_property(pk_form_property,areaid,classid,code,colnum,color,creationtime,creator,datatype,dataval,defaultvalue,defaultvar,define1,define2,define3,disabled,dr,editformula,hyperlinkflag,iscode,isdefined,ismultiselectedenabled,isnextrow,isrevise,istotal,itemtype,label,maxlength,metadataproperty,metaid,metapath,modifiedtime,modifier,position,proid,refcode,refname,relatemeta,required,resid,showformula,textrows,ts,validateformula,visible,width)
            values('0001ZZZZfff08cdea034','0001ZZZZ512244d02a21','5cdc5913-ad9f-4f88-9923-785f7097915d','srcbilltype','1','#111111',null,'~',1,null, null,null,null,null,null,'N',0,null,'N','N','N',null,'N','N','N','input','来源单据类型',28,NULL,'','srcbilltype',null,'~',24,'337e65fb-be32-4fcc-bfc6-32ade3ea7664','/common-ref/','-99',null,'N',null,null,null,'2021-07-19 14:33:45',null,'Y',null);
            go
            insert into pub_form_property(pk_form_property,areaid,classid,code,colnum,color,creationtime,creator,datatype,dataval,defaultvalue,defaultvar,define1,define2,define3,disabled,dr,editformula,hyperlinkflag,iscode,isdefined,ismultiselectedenabled,isnextrow,isrevise,istotal,itemtype,label,maxlength,metadataproperty,metaid,metapath,modifiedtime,modifier,position,proid,refcode,refname,relatemeta,required,resid,showformula,textrows,ts,validateformula,visible,width)
            values('0001ZZZZfff08cdea035','0001ZZZZ512244d02a21','5cdc5913-ad9f-4f88-9923-785f7097915d','srcrowno','1','#111111',null,'~',1,null, null,null,null,null,null,'N',0,null,'N','N','N',null,'N','N','N','input','来源单据行号',28,NULL,'','srcrowno',null,'~',29,'97a2f40a-e7c8-4bfb-b790-6d10a434c8f0','/common-ref/','-99',null,'N',null,null,null,'2021-07-19 14:33:45',null,'Y',null);
            go
            insert into pub_form_property(pk_form_property,areaid,classid,code,colnum,color,creationtime,creator,datatype,dataval,defaultvalue,defaultvar,define1,define2,define3,disabled,dr,editformula,hyperlinkflag,iscode,isdefined,ismultiselectedenabled,isnextrow,isrevise,istotal,itemtype,label,maxlength,metadataproperty,metaid,metapath,modifiedtime,modifier,position,proid,refcode,refname,relatemeta,required,resid,showformula,textrows,ts,validateformula,visible,width)
            values('0001ZZZZfff08cdea036','0001ZZZZ512244d02a21','5cdc5913-ad9f-4f88-9923-785f7097915d','vfirsttrantype','1','#111111',null,'~',1,null, null,null,null,null,null,'N',0,null,'N','N','N',null,'N','N','N','input','源头交易类型',28,NULL,'','vfirsttrantype',null,'~',36,'a7713fcd-bc17-4408-adf1-7f44661bd0e3','/common-ref/','-99',null,'N',null,null,null,'2021-07-19 14:33:45',null,'Y',null);
            go
            insert into pub_form_property(pk_form_property,areaid,classid,code,colnum,color,creationtime,creator,datatype,dataval,defaultvalue,defaultvar,define1,define2,define3,disabled,dr,editformula,hyperlinkflag,iscode,isdefined,ismultiselectedenabled,isnextrow,isrevise,istotal,itemtype,label,maxlength,metadataproperty,metaid,metapath,modifiedtime,modifier,position,proid,refcode,refname,relatemeta,required,resid,showformula,textrows,ts,validateformula,visible,width)
            values('0001ZZZZfff08cdea038','0001ZZZZ512244d02a21','5cdc5913-ad9f-4f88-9923-785f7097915d','vfirstcode','1','#111111',null,'~',1,null, null,null,null,null,null,'N',0,null,'N','N','N',null,'N','N','N','input','源头单据号',28,NULL,'','vfirstcode',null,'~',32,'6f579bcf-6b63-4d36-a268-2ac7e9ee2988','/common-ref/','-99',null,'N',null,null,null,'2021-07-19 14:33:45',null,'Y',null);
            go
            insert into pub_form_property(pk_form_property,areaid,classid,code,colnum,color,creationtime,creator,datatype,dataval,defaultvalue,defaultvar,define1,define2,define3,disabled,dr,editformula,hyperlinkflag,iscode,isdefined,ismultiselectedenabled,isnextrow,isrevise,istotal,itemtype,label,maxlength,metadataproperty,metaid,metapath,modifiedtime,modifier,position,proid,refcode,refname,relatemeta,required,resid,showformula,textrows,ts,validateformula,visible,width)
            values('0001ZZZZfff08cdea039','0001ZZZZ512244d02a21','5cdc5913-ad9f-4f88-9923-785f7097915d','vfirstbid','1','#111111',null,'~',1,null, null,null,null,null,null,'N',0,null,'N','N','N',null,'N','N','N','input','源头单据子表id',28,NULL,'','vfirstbid',null,'~',34,'a6ff4de8-5c14-4de5-a6ea-f6072d6cb786','/common-ref/','-99',null,'N',null,null,null,'2021-07-19 14:33:45',null,'Y',null);
            go
            insert into pub_form_property(pk_form_property,areaid,classid,code,colnum,color,creationtime,creator,datatype,dataval,defaultvalue,defaultvar,define1,define2,define3,disabled,dr,editformula,hyperlinkflag,iscode,isdefined,ismultiselectedenabled,isnextrow,isrevise,istotal,itemtype,label,maxlength,metadataproperty,metaid,metapath,modifiedtime,modifier,position,proid,refcode,refname,relatemeta,required,resid,showformula,textrows,ts,validateformula,visible,width)
            values('0001ZZZZfff08cdea040','0001ZZZZ512244d02a21','5cdc5913-ad9f-4f88-9923-785f7097915d','vfirsttype','1','#111111',null,'~',1,null, null,null,null,null,null,'N',0,null,'N','N','N',null,'N','N','N','input','源头单据类型',28,NULL,'','vfirsttype',null,'~',31,'7b707515-481a-4e37-b9ea-e4dc95772385','/common-ref/','-99',null,'N',null,null,null,'2021-07-19 14:33:45',null,'Y',null);
            go
            insert into pub_form_property(pk_form_property,areaid,classid,code,colnum,color,creationtime,creator,datatype,dataval,defaultvalue,defaultvar,define1,define2,define3,disabled,dr,editformula,hyperlinkflag,iscode,isdefined,ismultiselectedenabled,isnextrow,isrevise,istotal,itemtype,label,maxlength,metadataproperty,metaid,metapath,modifiedtime,modifier,position,proid,refcode,refname,relatemeta,required,resid,showformula,textrows,ts,validateformula,visible,width)
            values('0001ZZZZfff08cdea041','0001ZZZZ512244d02a21','5cdc5913-ad9f-4f88-9923-785f7097915d','vfirstrowno','1','#111111',null,'~',1,null, null,null,null,null,null,'N',0,null,'N','N','N',null,'N','N','N','input','源头单据行号',28,NULL,'','vfirstrowno',null,'~',35,'0cfc0798-0e00-4db6-8808-65c22e10f3ba','/common-ref/','-99',null,'N',null,null,null,'2021-07-19 14:33:45',null,'Y',null);
            go
            insert into pub_form_property(pk_form_property,areaid,classid,code,colnum,color,creationtime,creator,datatype,dataval,defaultvalue,defaultvar,define1,define2,define3,disabled,dr,editformula,hyperlinkflag,iscode,isdefined,ismultiselectedenabled,isnextrow,isrevise,istotal,itemtype,label,maxlength,metadataproperty,metaid,metapath,modifiedtime,modifier,position,proid,refcode,refname,relatemeta,required,resid,showformula,textrows,ts,validateformula,visible,width)
            values('0001ZZZZfff08cdea042','0001ZZZZ512244d02a21','5cdc5913-ad9f-4f88-9923-785f7097915d','clas','1','#111111',null,'~',1,null, null,null,null,null,null,'N',0,null,'N','N','N',null,'N','N','N','input','班级',28,NULL,'','clas',null,'~',39,'ce7ef617-f143-4d0c-afea-63633208e106','/common-ref/','-99',null,'N',null,null,null,'2021-07-19 14:33:45',null,'Y',null);
            go
            insert into pub_form_property(pk_form_property,areaid,classid,code,colnum,color,creationtime,creator,datatype,dataval,defaultvalue,defaultvar,define1,define2,define3,disabled,dr,editformula,hyperlinkflag,iscode,isdefined,ismultiselectedenabled,isnextrow,isrevise,istotal,itemtype,label,maxlength,metadataproperty,metaid,metapath,modifiedtime,modifier,position,proid,refcode,refname,relatemeta,required,resid,showformula,textrows,ts,validateformula,visible,width)
            values('0001ZZZZfff08cdea043','0001ZZZZ512244d02a21','5cdc5913-ad9f-4f88-9923-785f7097915d','pk_org','1','#111111',null,'~',204,null, null,null,null,null,null,'N',0,null,'N','N','N',null,'N','N','N','refer','组织',28,'uap.org.name','','pk_org',null,'~',3,'eac9d027-e3c4-4236-a9db-283a8e0eb990','uapbd/refer/org/BusinessUnitAndDeptTreeRef/index','业务单元及部门',null,'N',null,null,null,'2021-07-19 14:33:45',null,'Y',null);
            go
            insert into pub_form_property(pk_form_property,areaid,classid,code,colnum,color,creationtime,creator,datatype,dataval,defaultvalue,defaultvar,define1,define2,define3,disabled,dr,editformula,hyperlinkflag,iscode,isdefined,ismultiselectedenabled,isnextrow,isrevise,istotal,itemtype,label,maxlength,metadataproperty,metaid,metapath,modifiedtime,modifier,position,proid,refcode,refname,relatemeta,required,resid,showformula,textrows,ts,validateformula,visible,width)
            values('0001ZZZZfff08cdea044','0001ZZZZ512244d02a21','5cdc5913-ad9f-4f88-9923-785f7097915d','pk_org_v','1','#111111',null,'~',204,null, null,null,null,null,null,'N',0,null,'N','N','N',null,'N','N','N','refer','组织版本',28,NULL,'','pk_org_v',null,'~',4,'d212c22c-11a7-46a9-ac11-76d44d8c7c9b','uapbd/refer/orgv/BusinessUnitVersionDefaultAllTreeRef/index','业务单元版本(所有)',null,'N',null,null,null,'2021-07-19 14:33:45',null,'N',null);
            go
            insert into pub_form_property(pk_form_property,areaid,classid,code,colnum,color,creationtime,creator,datatype,dataval,defaultvalue,defaultvar,define1,define2,define3,disabled,dr,editformula,hyperlinkflag,iscode,isdefined,ismultiselectedenabled,isnextrow,isrevise,istotal,itemtype,label,maxlength,metadataproperty,metaid,metapath,modifiedtime,modifier,position,proid,refcode,refname,relatemeta,required,resid,showformula,textrows,ts,validateformula,visible,width)
            values('0001ZZZZfff08cdea065','0001ZZZZ512244d02a21','5cdc5913-ad9f-4f88-9923-785f7097915d','isupload','1','#111111',null,'~',32,null, null,null,null,null,null,'N',0,null,'N','N','N',null,'N','N','N','checkbox_switch','附件是否上传',28,NULL,'','isupload',null,'~',46,'e6a23b92-6b7b-45da-a839-eec1ea468a0d','/common-ref/','-99',null,'N',null,null,null,'2021-07-19 14:33:45',null,'Y',null);
            go
            insert into pub_form_property(pk_form_property,areaid,classid,code,colnum,color,creationtime,creator,datatype,dataval,defaultvalue,defaultvar,define1,define2,define3,disabled,dr,editformula,hyperlinkflag,iscode,isdefined,ismultiselectedenabled,isnextrow,isrevise,istotal,itemtype,label,maxlength,metadataproperty,metaid,metapath,modifiedtime,modifier,position,proid,refcode,refname,relatemeta,required,resid,showformula,textrows,ts,validateformula,visible,width)
            values('0001ZZZZfff08cdea066','0001ZZZZ512244d02a21','5cdc5913-ad9f-4f88-9923-785f7097915d','pk_group','1','#111111',null,'~',204,null, null,null,null,null,null,'N',0,null,'N','N','N',null,'N','N','N','refer','集团',28,'uap.group.name','','pk_group',null,'~',2,'04fa7352-d879-4baf-9526-323441e3e8d5','uap/refer/riart/groupTreeRef/index','集团',null,'N',null,null,null,'2021-07-19 14:33:45',null,'Y',null);
            go






