insert into pub_page_templet(pk_page_templet,appcode,clazz,code,creationtime,creator,dr,headcode,isdefault,metaid,modifiedtime,modifier,name,pagecode,parentid,pk_group,pk_org,resid,resmodule,templetdesc,ts)
values('0001ZZZZ95a7dfe78a77','81H11017','nc.vo.cy.guide.AggGuideHVO','81H11017_LIST',null,'~',0,'list_head','Y',null,null,'~','新手指南列表','81H11017_LIST','root',null,null,null,null,'新手指南列表页面','2021-07-19 13:52:06');
go

insert into pub_page_templet(pk_page_templet,appcode,clazz,code,creationtime,creator,dr,headcode,isdefault,metaid,modifiedtime,modifier,name,pagecode,parentid,pk_group,pk_org,resid,resmodule,templetdesc,ts)
values('0001ZZZZ3ae7b0e3ea2e','81H11017','nc.vo.cy.guide.AggGuideHVO','81H11017_CARD',null,'~',0,'card_head','N',null,null,'~','新手指南卡片','81H11017_CARD','root',null,null,null,null,'新手指南卡片页面','2021-07-19 13:52:06');
go

insert into pub_page_templet(pk_page_templet,appcode,clazz,code,creationtime,creator,dr,headcode,isdefault,metaid,modifiedtime,modifier,name,pagecode,parentid,pk_group,pk_org,resid,resmodule,templetdesc,ts)
values('0001ZZZZ8417efaf6cd5','81H11017','nc.vo.cy.guide.AggGuideHVO','81H11017L_CARD',null,'~',0,'card_head','N',null,null,'~','新手指南联查卡片','81H11017L_CARD','root',null,null,null,null,'新手指南联查卡片页面','2021-07-19 13:52:06');
go

insert into pub_page_templet(pk_page_templet,appcode,clazz,code,creationtime,creator,dr,headcode,isdefault,metaid,modifiedtime,modifier,name,pagecode,parentid,pk_group,pk_org,resid,resmodule,templetdesc,ts)
values('0001ZZZZ8350a6f48a68','81H11017A','nc.vo.cy.guide.AggGuideHVO','81H11017A_CARD',null,'~',0,'card_head','N',null,null,'~','新手指南审批卡片','81H11017A_CARD','root',null,null,null,null,'新手指南审批卡片页面','2021-07-19 13:52:06');
go







insert into pub_area(pk_area,areadesc,areastatus,areatype,clazz,code,creationtime,creator,dr,isunfold,metaid,metaname,metaspace,modifiedtime,modifier,name,pagination,position,relationcode,resid,templetid,ts)
values('0001ZZZZb02378811c45',null,'browse',0,'nc.vo.cy.guide.GuideHVO','list_query',null,'~',0,null,'01675523-fa49-4965-b69a-d3f780ea7541','新手指南',null,null,'~','查询区',null,2,null,'','0001ZZZZ95a7dfe78a77','2021-07-19 13:52:06');
go
insert into pub_area(pk_area,areadesc,areastatus,areatype,clazz,code,creationtime,creator,dr,isunfold,metaid,metaname,metaspace,modifiedtime,modifier,name,pagination,position,relationcode,resid,templetid,ts)
values('0001ZZZZe09a6418fff3',null,'browse',2,'nc.vo.cy.guide.GuideHVO','list_head',null,'~',0,null,'01675523-fa49-4965-b69a-d3f780ea7541','新手指南',null,null,'~','表头',null,1,null,'','0001ZZZZ95a7dfe78a77','2021-07-19 13:52:06');
go




insert into pub_area(pk_area,areadesc,areastatus,areatype,clazz,code,creationtime,creator,dr,isunfold,metaid,metaname,metaspace,modifiedtime,modifier,name,pagination,position,relationcode,resid,templetid,ts)
values('0001ZZZZ00eaf246bc5e',null,'browse',1,'nc.vo.cy.guide.GuideHVO','card_head',null,'~',0,null,'01675523-fa49-4965-b69a-d3f780ea7541','新手指南','cy.guide',null,'~','新手指南',null,1,null,null,'0001ZZZZ3ae7b0e3ea2e','2021-07-19 13:52:06');
go
insert into pub_area(pk_area,areadesc,areastatus,areatype,clazz,code,creationtime,creator,dr,isunfold,metaid,metaname,metaspace,modifiedtime,modifier,name,pagination,position,relationcode,resid,templetid,ts)
values('0001ZZZZd120007e07ee',null,'browse',1,'nc.vo.cy.guide.GuideHVO','card_operate',null,'~',0,null,'01675523-fa49-4965-b69a-d3f780ea7541','新手指南','cy.guide',null,'~','操作信息',null,2,'card_head',null,'0001ZZZZ3ae7b0e3ea2e','2021-07-19 13:52:06');
go
insert into pub_area(pk_area,areadesc,areastatus,areatype,clazz,code,creationtime,creator,dr,isunfold,metaid,metaname,metaspace,modifiedtime,modifier,name,pagination,position,relationcode,resid,templetid,ts)
values('0001ZZZZ6bf874230d89',null,'browse',2,'nc.vo.cy.guide.Xsznd','card_body',null,'~',0,null,'01675523-fa49-4965-b69a-d3f780ea7541','新手指南','cy.guide',null,'~','新手指南子表',null,3,null,null,'0001ZZZZ3ae7b0e3ea2e','2021-07-19 13:52:06');
go
insert into pub_area(pk_area,areadesc,areastatus,areatype,clazz,code,creationtime,creator,dr,isunfold,metaid,metaname,metaspace,modifiedtime,modifier,name,pagination,position,relationcode,resid,templetid,ts)
values('0001ZZZZdc6adfddf738',null,'edit',1,'nc.vo.cy.guide.Xsznd','card_body_edit',null,'~',0,null,'01675523-fa49-4965-b69a-d3f780ea7541','新手指南','cy.guide',null,'~','新手指南子表',null,4,'card_body',null,'0001ZZZZ3ae7b0e3ea2e','2021-07-19 13:52:06');
go
insert into pub_area(pk_area,areadesc,areastatus,areatype,clazz,code,creationtime,creator,dr,isunfold,metaid,metaname,metaspace,modifiedtime,modifier,name,pagination,position,relationcode,resid,templetid,ts)
values('0001ZZZZ693085da1a7a',null,'browse',1,'nc.vo.cy.guide.Xsznd','card_body_browse',null,'~',0,null,'01675523-fa49-4965-b69a-d3f780ea7541','新手指南','cy.guide',null,'~','新手指南子表',null,5,'card_body',null,'0001ZZZZ3ae7b0e3ea2e','2021-07-19 13:52:06');
go


insert into pub_area(pk_area,areadesc,areastatus,areatype,clazz,code,creationtime,creator,dr,isunfold,metaid,metaname,metaspace,modifiedtime,modifier,name,pagination,position,relationcode,resid,templetid,ts)
values('0001ZZZZ675c77250947',null,'browse',1,'nc.vo.cy.guide.GuideHVO','card_head',null,'~',0,null,'01675523-fa49-4965-b69a-d3f780ea7541','新手指南','cy.guide',null,'~','新手指南',null,1,null,null,'0001ZZZZ8417efaf6cd5','2021-07-19 13:52:06');
go
insert into pub_area(pk_area,areadesc,areastatus,areatype,clazz,code,creationtime,creator,dr,isunfold,metaid,metaname,metaspace,modifiedtime,modifier,name,pagination,position,relationcode,resid,templetid,ts)
values('0001ZZZZ09787bab4249',null,'browse',1,'nc.vo.cy.guide.GuideHVO','card_operate',null,'~',0,null,'01675523-fa49-4965-b69a-d3f780ea7541','新手指南','cy.guide',null,'~','操作信息',null,2,'card_head',null,'0001ZZZZ8417efaf6cd5','2021-07-19 13:52:06');
go
insert into pub_area(pk_area,areadesc,areastatus,areatype,clazz,code,creationtime,creator,dr,isunfold,metaid,metaname,metaspace,modifiedtime,modifier,name,pagination,position,relationcode,resid,templetid,ts)
values('0001ZZZZ13a60894b0ba',null,'browse',2,'nc.vo.cy.guide.Xsznd','card_body',null,'~',0,null,'01675523-fa49-4965-b69a-d3f780ea7541','新手指南','cy.guide',null,'~','新手指南子表',null,3,null,null,'0001ZZZZ8417efaf6cd5','2021-07-19 13:52:06');
go
insert into pub_area(pk_area,areadesc,areastatus,areatype,clazz,code,creationtime,creator,dr,isunfold,metaid,metaname,metaspace,modifiedtime,modifier,name,pagination,position,relationcode,resid,templetid,ts)
values('0001ZZZZc6dbc94eeeac',null,'edit',1,'nc.vo.cy.guide.Xsznd','card_body_edit',null,'~',0,null,'01675523-fa49-4965-b69a-d3f780ea7541','新手指南','cy.guide',null,'~','新手指南子表',null,4,'card_body',null,'0001ZZZZ8417efaf6cd5','2021-07-19 13:52:06');
go
insert into pub_area(pk_area,areadesc,areastatus,areatype,clazz,code,creationtime,creator,dr,isunfold,metaid,metaname,metaspace,modifiedtime,modifier,name,pagination,position,relationcode,resid,templetid,ts)
values('0001ZZZZ4c1e3a6d51f4',null,'browse',1,'nc.vo.cy.guide.Xsznd','card_body_browse',null,'~',0,null,'01675523-fa49-4965-b69a-d3f780ea7541','新手指南','cy.guide',null,'~','新手指南子表',null,5,'card_body',null,'0001ZZZZ8417efaf6cd5','2021-07-19 13:52:06');
go

insert into pub_area(pk_area,areadesc,areastatus,areatype,clazz,code,creationtime,creator,dr,isunfold,metaid,metaname,metaspace,modifiedtime,modifier,name,pagination,position,relationcode,resid,templetid,ts)
values('0001ZZZZ4a4f56b12dea',null,'browse',1,'nc.vo.cy.guide.GuideHVO','card_head',null,'~',0,null,'01675523-fa49-4965-b69a-d3f780ea7541','新手指南','cy.guide',null,'~','新手指南',null,1,null,null,'0001ZZZZ8350a6f48a68','2021-07-19 13:52:06');
go
insert into pub_area(pk_area,areadesc,areastatus,areatype,clazz,code,creationtime,creator,dr,isunfold,metaid,metaname,metaspace,modifiedtime,modifier,name,pagination,position,relationcode,resid,templetid,ts)
values('0001ZZZZ9cf96d5ef12c',null,'browse',1,'nc.vo.cy.guide.GuideHVO','card_operate',null,'~',0,null,'01675523-fa49-4965-b69a-d3f780ea7541','新手指南','cy.guide',null,'~','操作信息',null,2,'card_head',null,'0001ZZZZ8350a6f48a68','2021-07-19 13:52:06');
go
insert into pub_area(pk_area,areadesc,areastatus,areatype,clazz,code,creationtime,creator,dr,isunfold,metaid,metaname,metaspace,modifiedtime,modifier,name,pagination,position,relationcode,resid,templetid,ts)
values('0001ZZZZ2262ea29ddff',null,'browse',2,'nc.vo.cy.guide.Xsznd','card_body',null,'~',0,null,'01675523-fa49-4965-b69a-d3f780ea7541','新手指南','cy.guide',null,'~','新手指南子表',null,3,null,null,'0001ZZZZ8350a6f48a68','2021-07-19 13:52:06');
go
insert into pub_area(pk_area,areadesc,areastatus,areatype,clazz,code,creationtime,creator,dr,isunfold,metaid,metaname,metaspace,modifiedtime,modifier,name,pagination,position,relationcode,resid,templetid,ts)
values('0001ZZZZ1e20f69e10f1',null,'edit',1,'nc.vo.cy.guide.Xsznd','card_body_edit',null,'~',0,null,'01675523-fa49-4965-b69a-d3f780ea7541','新手指南','cy.guide',null,'~','新手指南子表',null,4,'card_body',null,'0001ZZZZ8350a6f48a68','2021-07-19 13:52:06');
go
insert into pub_area(pk_area,areadesc,areastatus,areatype,clazz,code,creationtime,creator,dr,isunfold,metaid,metaname,metaspace,modifiedtime,modifier,name,pagination,position,relationcode,resid,templetid,ts)
values('0001ZZZZ1039e9688f62',null,'browse',1,'nc.vo.cy.guide.Xsznd','card_body_browse',null,'~',0,null,'01675523-fa49-4965-b69a-d3f780ea7541','新手指南','cy.guide',null,'~','新手指南子表',null,5,'card_body',null,'0001ZZZZ8350a6f48a68','2021-07-19 13:52:06');
go




            insert into pub_query_property(pk_query_property,areaid,classid,code,containlower,creationtime,creator,datatype,dataval,defaultvalue,define1,define2,define3,define4,define5,disabled,dr,isbeyondorg,ischeck,isdefined,isfixedcondition,ismultiselectedenabled,isnotmeta,isquerycondition,isuse,itemtype,label,maxlength,metadataproperty,metapath,opersign,opersignname,position,proid,querytablename,refcode,refname,required,resid,returntype,showtype,tablecode,ts,usefunc,visible,visibleposition,width)
            values('0001ZZZZ2ef385e99c93','0001ZZZZb02378811c45','01675523-fa49-4965-b69a-d3f780ea7541','isbuild',null,null,'~',32,'','','','','','','','N',0,'N','N','N','N','N','N','Y','Y','checkbox_switch','三群是否建立',1,NULL,'isbuild','=@','等于@',38,'39120356-ea6b-42a4-9b55-83522a43d33c','','/common-ref/','-99','N','','refpk',1,'','2021-07-19 13:52:06','N','Y',null,1);
            go
            insert into pub_query_property(pk_query_property,areaid,classid,code,containlower,creationtime,creator,datatype,dataval,defaultvalue,define1,define2,define3,define4,define5,disabled,dr,isbeyondorg,ischeck,isdefined,isfixedcondition,ismultiselectedenabled,isnotmeta,isquerycondition,isuse,itemtype,label,maxlength,metadataproperty,metapath,opersign,opersignname,position,proid,querytablename,refcode,refname,required,resid,returntype,showtype,tablecode,ts,usefunc,visible,visibleposition,width)
            values('0001ZZZZ3ffdcf3b43d4','0001ZZZZb02378811c45','01675523-fa49-4965-b69a-d3f780ea7541','pk_busitype',null,null,'~',204,'','','','','','','','N',0,'N','N','N','N','N','N','Y','Y','refer','业务类型',20,NULL,'pk_busitype','=@','等于@',8,'d249f06b-09b5-41c5-a173-45fb105f42c6','','uap/refer/riart/busitype/index','业务流程','N','','refpk',1,'','2021-07-19 13:52:06','N','Y',null,1);
            go
            insert into pub_query_property(pk_query_property,areaid,classid,code,containlower,creationtime,creator,datatype,dataval,defaultvalue,define1,define2,define3,define4,define5,disabled,dr,isbeyondorg,ischeck,isdefined,isfixedcondition,ismultiselectedenabled,isnotmeta,isquerycondition,isuse,itemtype,label,maxlength,metadataproperty,metapath,opersign,opersignname,position,proid,querytablename,refcode,refname,required,resid,returntype,showtype,tablecode,ts,usefunc,visible,visibleposition,width)
            values('0001ZZZZde0b97cfb1af','0001ZZZZb02378811c45','01675523-fa49-4965-b69a-d3f780ea7541','pk_transtype',null,null,'~',204,'0001Z0100BILLTYPEZJ8,code=N','','','','','','','N',0,'N','N','N','N','N','N','Y','Y','refer','交易类型',20,'uap.BilltypeVO.billtypename','pk_transtype','=@','等于@',12,'14a65f40-f80c-47e5-91ae-37d37379e518','','uap/refer/riart/transtype/index','影响因素交 易类型','N','','refpk',1,'','2021-07-19 13:52:06','N','Y',null,1);
            go
            insert into pub_query_property(pk_query_property,areaid,classid,code,containlower,creationtime,creator,datatype,dataval,defaultvalue,define1,define2,define3,define4,define5,disabled,dr,isbeyondorg,ischeck,isdefined,isfixedcondition,ismultiselectedenabled,isnotmeta,isquerycondition,isuse,itemtype,label,maxlength,metadataproperty,metapath,opersign,opersignname,position,proid,querytablename,refcode,refname,required,resid,returntype,showtype,tablecode,ts,usefunc,visible,visibleposition,width)
            values('0001ZZZZ6042d929fede','0001ZZZZb02378811c45','01675523-fa49-4965-b69a-d3f780ea7541','bill_no',null,null,'~',1,'','','','','','','','Y',0,'N','N','N','N','N','N','Y','Y','input','单据号',50,NULL,'bill_no','=@','等于@',7,'7a3b410f-e3d2-470c-9c78-aa23b6e495ae','','/common-ref/','-99','N','','refpk',1,'','2021-07-19 13:52:06','N','Y',null,1);
            go
            insert into pub_query_property(pk_query_property,areaid,classid,code,containlower,creationtime,creator,datatype,dataval,defaultvalue,define1,define2,define3,define4,define5,disabled,dr,isbeyondorg,ischeck,isdefined,isfixedcondition,ismultiselectedenabled,isnotmeta,isquerycondition,isuse,itemtype,label,maxlength,metadataproperty,metapath,opersign,opersignname,position,proid,querytablename,refcode,refname,required,resid,returntype,showtype,tablecode,ts,usefunc,visible,visibleposition,width)
            values('0001ZZZZedf9beea7f4a','0001ZZZZb02378811c45','01675523-fa49-4965-b69a-d3f780ea7541','dbilldate',null,null,'~',33,'','','','','','','','N',0,'N','N','N','N','N','N','Y','Y','datepicker','单据日期',19,NULL,'dbilldate','=@','等于@',5,'6b628404-e2c0-48d6-a286-7b1c4608b212','','/common-ref/','-99','N','','refpk',1,'','2021-07-19 13:52:06','N','Y',null,1);
            go
            insert into pub_query_property(pk_query_property,areaid,classid,code,containlower,creationtime,creator,datatype,dataval,defaultvalue,define1,define2,define3,define4,define5,disabled,dr,isbeyondorg,ischeck,isdefined,isfixedcondition,ismultiselectedenabled,isnotmeta,isquerycondition,isuse,itemtype,label,maxlength,metadataproperty,metapath,opersign,opersignname,position,proid,querytablename,refcode,refname,required,resid,returntype,showtype,tablecode,ts,usefunc,visible,visibleposition,width)
            values('0001ZZZZbd670bc4dbfa','0001ZZZZb02378811c45','01675523-fa49-4965-b69a-d3f780ea7541','billstatus',null,null,'~',203,'自由=-1,审批未通过=0,审批通过=1,审批进行中=2,提交=3','','','','','','','N',0,'N','N','N','N','N','N','Y','Y','select','单据状态',50,NULL,'billstatus','=@','等于@',6,'66f23a83-49d5-4640-8824-44e16feb6916','','/common-ref/','-99','N','','refpk',1,'','2021-07-19 13:52:06','N','Y',null,1);
            go
            insert into pub_query_property(pk_query_property,areaid,classid,code,containlower,creationtime,creator,datatype,dataval,defaultvalue,define1,define2,define3,define4,define5,disabled,dr,isbeyondorg,ischeck,isdefined,isfixedcondition,ismultiselectedenabled,isnotmeta,isquerycondition,isuse,itemtype,label,maxlength,metadataproperty,metapath,opersign,opersignname,position,proid,querytablename,refcode,refname,required,resid,returntype,showtype,tablecode,ts,usefunc,visible,visibleposition,width)
            values('0001ZZZZ968151dd7d7c','0001ZZZZb02378811c45','01675523-fa49-4965-b69a-d3f780ea7541','pk_billtypeid',null,null,'~',204,'0001Z0100BILLTYPEZJ7,code=N','','','','','','','N',0,'N','N','N','N','N','N','Y','Y','refer','单据类型',20,'uap.BilltypeVO.billtypename','pk_billtypeid','=@','等于@',9,'e7ff95ec-89d1-4b74-abc4-6318683673c6','','uap/refer/riart/billtype/index','影响因素单据类型','N','','refpk',1,'','2021-07-19 13:52:06','N','Y',null,1);
            go
            insert into pub_query_property(pk_query_property,areaid,classid,code,containlower,creationtime,creator,datatype,dataval,defaultvalue,define1,define2,define3,define4,define5,disabled,dr,isbeyondorg,ischeck,isdefined,isfixedcondition,ismultiselectedenabled,isnotmeta,isquerycondition,isuse,itemtype,label,maxlength,metadataproperty,metapath,opersign,opersignname,position,proid,querytablename,refcode,refname,required,resid,returntype,showtype,tablecode,ts,usefunc,visible,visibleposition,width)
            values('0001ZZZZeb7fa2bd30d4','0001ZZZZb02378811c45','01675523-fa49-4965-b69a-d3f780ea7541','ismaintain',null,null,'~',32,'','','','','','','','N',0,'N','N','N','N','N','N','Y','Y','checkbox_switch','学生进班英语成绩是否维护',1,NULL,'ismaintain','=@','等于@',41,'49d954e6-e724-4a56-9db2-50d91927b241','','/common-ref/','-99','N','','refpk',1,'','2021-07-19 13:52:06','N','Y',null,1);
            go
            insert into pub_query_property(pk_query_property,areaid,classid,code,containlower,creationtime,creator,datatype,dataval,defaultvalue,define1,define2,define3,define4,define5,disabled,dr,isbeyondorg,ischeck,isdefined,isfixedcondition,ismultiselectedenabled,isnotmeta,isquerycondition,isuse,itemtype,label,maxlength,metadataproperty,metapath,opersign,opersignname,position,proid,querytablename,refcode,refname,required,resid,returntype,showtype,tablecode,ts,usefunc,visible,visibleposition,width)
            values('0001ZZZZ19bcce53bb58','0001ZZZZb02378811c45','01675523-fa49-4965-b69a-d3f780ea7541','isapply',null,null,'~',32,'','','','','','','','N',0,'N','N','N','N','N','N','Y','Y','checkbox_switch','教材是否申领',1,NULL,'isapply','=@','等于@',37,'ce979640-c3ae-449e-bafb-5e48460066c4','','/common-ref/','-99','N','','refpk',1,'','2021-07-19 13:52:06','N','Y',null,1);
            go
            insert into pub_query_property(pk_query_property,areaid,classid,code,containlower,creationtime,creator,datatype,dataval,defaultvalue,define1,define2,define3,define4,define5,disabled,dr,isbeyondorg,ischeck,isdefined,isfixedcondition,ismultiselectedenabled,isnotmeta,isquerycondition,isuse,itemtype,label,maxlength,metadataproperty,metapath,opersign,opersignname,position,proid,querytablename,refcode,refname,required,resid,returntype,showtype,tablecode,ts,usefunc,visible,visibleposition,width)
            values('0001ZZZZ018da128f439','0001ZZZZb02378811c45','01675523-fa49-4965-b69a-d3f780ea7541','isuploadall',null,null,'~',32,'','','','','','','','N',0,'N','N','N','N','N','N','Y','Y','checkbox_switch','整体教学计划是否上传',1,NULL,'isuploadall','=@','等于@',39,'dca007c5-2633-40c9-93f2-94f09c77df90','','/common-ref/','-99','N','','refpk',1,'','2021-07-19 13:52:06','N','Y',null,1);
            go
            insert into pub_query_property(pk_query_property,areaid,classid,code,containlower,creationtime,creator,datatype,dataval,defaultvalue,define1,define2,define3,define4,define5,disabled,dr,isbeyondorg,ischeck,isdefined,isfixedcondition,ismultiselectedenabled,isnotmeta,isquerycondition,isuse,itemtype,label,maxlength,metadataproperty,metapath,opersign,opersignname,position,proid,querytablename,refcode,refname,required,resid,returntype,showtype,tablecode,ts,usefunc,visible,visibleposition,width)
            values('0001ZZZZf42aa43fce27','0001ZZZZb02378811c45','01675523-fa49-4965-b69a-d3f780ea7541','isuploadnow',null,null,'~',32,'','','','','','','','N',0,'N','N','N','N','N','N','Y','Y','checkbox_switch','本学期教学计划是否上传',1,NULL,'isuploadnow','=@','等于@',40,'69b0b55c-23b8-480d-8856-9cb727d77b37','','/common-ref/','-99','N','','refpk',1,'','2021-07-19 13:52:06','N','Y',null,1);
            go
            insert into pub_query_property(pk_query_property,areaid,classid,code,containlower,creationtime,creator,datatype,dataval,defaultvalue,define1,define2,define3,define4,define5,disabled,dr,isbeyondorg,ischeck,isdefined,isfixedcondition,ismultiselectedenabled,isnotmeta,isquerycondition,isuse,itemtype,label,maxlength,metadataproperty,metapath,opersign,opersignname,position,proid,querytablename,refcode,refname,required,resid,returntype,showtype,tablecode,ts,usefunc,visible,visibleposition,width)
            values('0001ZZZZf4b269be6ee2','0001ZZZZb02378811c45','01675523-fa49-4965-b69a-d3f780ea7541','pk_org',null,null,'~',204,'0001Z01000000001BVPS,code=N','','','','','','','N',0,'N','N','N','N','N','N','Y','Y','refer','组织',20,'uap.org.name','pk_org','=@','等于@',3,'46afbe58-d872-4019-9c5c-0e04c6b4df2c','','uapbd/refer/org/BusinessUnitAndDeptTreeRef/index','业务单元及部门','N','','refpk',1,'','2021-07-19 13:52:06','N','Y',null,1);
            go
            insert into pub_query_property(pk_query_property,areaid,classid,code,containlower,creationtime,creator,datatype,dataval,defaultvalue,define1,define2,define3,define4,define5,disabled,dr,isbeyondorg,ischeck,isdefined,isfixedcondition,ismultiselectedenabled,isnotmeta,isquerycondition,isuse,itemtype,label,maxlength,metadataproperty,metapath,opersign,opersignname,position,proid,querytablename,refcode,refname,required,resid,returntype,showtype,tablecode,ts,usefunc,visible,visibleposition,width)
            values('0001ZZZZ586386c92df5','0001ZZZZb02378811c45','01675523-fa49-4965-b69a-d3f780ea7541','pk_group',null,null,'~',204,'0001Z010000000000ZKS,code=N','','','','','','','N',0,'N','N','N','N','N','N','Y','Y','refer','集团',20,'uap.group.name','pk_group','=@','等于@',2,'2370db16-b7d7-4b95-9f03-afd0cafa47b2','','uap/refer/riart/groupTreeRef/index','集团','N','','refpk',1,'','2021-07-19 13:52:06','N','Y',null,1);
            go


        insert into pub_form_property(pk_form_property,areaid,classid,code,colnum,color,creationtime,creator,datatype,dataval,defaultvalue,defaultvar,define1,define2,define3,disabled,dr,editformula,hyperlinkflag,iscode,isdefined,ismultiselectedenabled,isnextrow,isrevise,istotal,itemtype,label,maxlength,metadataproperty,metaid,metapath,modifiedtime,modifier,position,proid,refcode,refname,relatemeta,required,resid,showformula,textrows,ts,validateformula,visible,width)
        values('0001ZZZZ4a04de9a8000','0001ZZZZe09a6418fff3','01675523-fa49-4965-b69a-d3f780ea7541','isbuild',null,'#111111',null,'~',32, null, null,null,null,null,null,'N',0,null,'N','N','N',null,'N','N','N','checkbox_switch','三群是否建立',28,NULL,'','isbuild',null,'~',38,'4b7c6aa6-a7a7-4e58-b426-07954fe5fa83','/common-ref/','-99',null,'N',null,null,null,'2021-07-19 13:52:06',null,'Y',null);
        go

        insert into pub_form_property(pk_form_property,areaid,classid,code,colnum,color,creationtime,creator,datatype,dataval,defaultvalue,defaultvar,define1,define2,define3,disabled,dr,editformula,hyperlinkflag,iscode,isdefined,ismultiselectedenabled,isnextrow,isrevise,istotal,itemtype,label,maxlength,metadataproperty,metaid,metapath,modifiedtime,modifier,position,proid,refcode,refname,relatemeta,required,resid,showformula,textrows,ts,validateformula,visible,width)
        values('0001ZZZZ4a04de9a8001','0001ZZZZe09a6418fff3','01675523-fa49-4965-b69a-d3f780ea7541','pk_busitype',null,'#111111',null,'~',204, '', null,null,null,null,null,'N',0,null,'N','N','N',null,'N','N','N','refer','业务类型',28,NULL,'7717f1a3-b777-454e-abb5-ef8705a0f0c2','pk_busitype',null,'~',8,'8877da5c-e0c8-4e45-a13f-edd673cef6e5','uap/refer/riart/busitype/index','业务流程',null,'N',null,null,null,'2021-07-19 13:52:06',null,'Y',null);
        go

        insert into pub_form_property(pk_form_property,areaid,classid,code,colnum,color,creationtime,creator,datatype,dataval,defaultvalue,defaultvar,define1,define2,define3,disabled,dr,editformula,hyperlinkflag,iscode,isdefined,ismultiselectedenabled,isnextrow,isrevise,istotal,itemtype,label,maxlength,metadataproperty,metaid,metapath,modifiedtime,modifier,position,proid,refcode,refname,relatemeta,required,resid,showformula,textrows,ts,validateformula,visible,width)
        values('0001ZZZZ4a04de9a8002','0001ZZZZe09a6418fff3','01675523-fa49-4965-b69a-d3f780ea7541','pk_transtype',null,'#111111',null,'~',204, '0001Z0100BILLTYPEZJ8,code=N', null,null,null,null,null,'N',0,null,'N','N','N',null,'N','N','N','refer','交易类型',28,'uap.BilltypeVO.billtypename','b0fa41cd-a649-4309-b685-d341a5d1b0ed','pk_transtype',null,'~',12,'6d368975-3b5c-4dae-a3e5-d8f3e64b28c2','uap/refer/riart/transtype/index','影响因素交 易类型',null,'N',null,null,null,'2021-07-19 13:52:06',null,'Y',null);
        go

        insert into pub_form_property(pk_form_property,areaid,classid,code,colnum,color,creationtime,creator,datatype,dataval,defaultvalue,defaultvar,define1,define2,define3,disabled,dr,editformula,hyperlinkflag,iscode,isdefined,ismultiselectedenabled,isnextrow,isrevise,istotal,itemtype,label,maxlength,metadataproperty,metaid,metapath,modifiedtime,modifier,position,proid,refcode,refname,relatemeta,required,resid,showformula,textrows,ts,validateformula,visible,width)
        values('0001ZZZZ4a04de9a8003','0001ZZZZe09a6418fff3','01675523-fa49-4965-b69a-d3f780ea7541','transtypecode',null,'#111111',null,'~',1, null, null,null,null,null,null,'N',0,null,'N','N','N',null,'N','N','N','input','交易类型编码',28,NULL,'','transtypecode',null,'~',11,'711fd82e-548c-4ee3-9079-ab5ceee75b8f','/common-ref/','-99',null,'N',null,null,null,'2021-07-19 13:52:06',null,'Y',null);
        go

        insert into pub_form_property(pk_form_property,areaid,classid,code,colnum,color,creationtime,creator,datatype,dataval,defaultvalue,defaultvar,define1,define2,define3,disabled,dr,editformula,hyperlinkflag,iscode,isdefined,ismultiselectedenabled,isnextrow,isrevise,istotal,itemtype,label,maxlength,metadataproperty,metaid,metapath,modifiedtime,modifier,position,proid,refcode,refname,relatemeta,required,resid,showformula,textrows,ts,validateformula,visible,width)
        values('0001ZZZZ4a04de9a8004','0001ZZZZe09a6418fff3','01675523-fa49-4965-b69a-d3f780ea7541','modifier',null,'#111111',null,'~',204, '0001Z01000000001BVPB,code=N', null,null,null,null,null,'N',0,null,'N','N','N',null,'N','N','N','refer','修改人',28,'uap.user.user_name','f6f9a473-56c0-432f-8bc7-fbf8fde54fee','modifier',null,'~',17,'9a5c7443-df0a-422d-922a-6b3c08ce6045','uap/refer/riart/userDefaultRefer/index','用户',null,'N',null,null,null,'2021-07-19 13:52:06',null,'Y',null);
        go

        insert into pub_form_property(pk_form_property,areaid,classid,code,colnum,color,creationtime,creator,datatype,dataval,defaultvalue,defaultvar,define1,define2,define3,disabled,dr,editformula,hyperlinkflag,iscode,isdefined,ismultiselectedenabled,isnextrow,isrevise,istotal,itemtype,label,maxlength,metadataproperty,metaid,metapath,modifiedtime,modifier,position,proid,refcode,refname,relatemeta,required,resid,showformula,textrows,ts,validateformula,visible,width)
        values('0001ZZZZ4a04de9a8005','0001ZZZZe09a6418fff3','01675523-fa49-4965-b69a-d3f780ea7541','modifiedtime',null,'#111111',null,'~',34, null, null,null,null,null,null,'N',0,null,'N','N','N',null,'N','N','N','datetimepicker','修改时间',28,NULL,'','modifiedtime',null,'~',18,'65a38e6e-284f-4cde-a16e-db87dde3ae20','/common-ref/','-99',null,'N',null,null,null,'2021-07-19 13:52:06',null,'Y',null);
        go

        insert into pub_form_property(pk_form_property,areaid,classid,code,colnum,color,creationtime,creator,datatype,dataval,defaultvalue,defaultvar,define1,define2,define3,disabled,dr,editformula,hyperlinkflag,iscode,isdefined,ismultiselectedenabled,isnextrow,isrevise,istotal,itemtype,label,maxlength,metadataproperty,metaid,metapath,modifiedtime,modifier,position,proid,refcode,refname,relatemeta,required,resid,showformula,textrows,ts,validateformula,visible,width)
        values('0001ZZZZ4a04de9a8006','0001ZZZZe09a6418fff3','01675523-fa49-4965-b69a-d3f780ea7541','creator',null,'#111111',null,'~',204, '0001Z01000000001BVPB,code=N', null,null,null,null,null,'N',0,null,'N','N','N',null,'N','N','N','refer','创建人',28,'uap.user.user_name','f6f9a473-56c0-432f-8bc7-fbf8fde54fee','creator',null,'~',15,'7e355422-d764-4dab-a863-1c09577493e5','uap/refer/riart/userDefaultRefer/index','用户',null,'N',null,null,null,'2021-07-19 13:52:06',null,'Y',null);
        go

        insert into pub_form_property(pk_form_property,areaid,classid,code,colnum,color,creationtime,creator,datatype,dataval,defaultvalue,defaultvar,define1,define2,define3,disabled,dr,editformula,hyperlinkflag,iscode,isdefined,ismultiselectedenabled,isnextrow,isrevise,istotal,itemtype,label,maxlength,metadataproperty,metaid,metapath,modifiedtime,modifier,position,proid,refcode,refname,relatemeta,required,resid,showformula,textrows,ts,validateformula,visible,width)
        values('0001ZZZZ4a04de9a8007','0001ZZZZe09a6418fff3','01675523-fa49-4965-b69a-d3f780ea7541','creationtime',null,'#111111',null,'~',34, null, null,null,null,null,null,'N',0,null,'N','N','N',null,'N','N','N','datetimepicker','创建时间',28,NULL,'','creationtime',null,'~',16,'cbeb51bf-2e8f-4b42-81f3-a738a603f7b8','/common-ref/','-99',null,'N',null,null,null,'2021-07-19 13:52:06',null,'Y',null);
        go

        insert into pub_form_property(pk_form_property,areaid,classid,code,colnum,color,creationtime,creator,datatype,dataval,defaultvalue,defaultvar,define1,define2,define3,disabled,dr,editformula,hyperlinkflag,iscode,isdefined,ismultiselectedenabled,isnextrow,isrevise,istotal,itemtype,label,maxlength,metadataproperty,metaid,metapath,modifiedtime,modifier,position,proid,refcode,refname,relatemeta,required,resid,showformula,textrows,ts,validateformula,visible,width)
        values('0001ZZZZ4a04de9a8008','0001ZZZZe09a6418fff3','01675523-fa49-4965-b69a-d3f780ea7541','billmaker',null,'#111111',null,'~',204, '0001Z01000000001BVPB,code=N', null,null,null,null,null,'N',0,null,'N','N','N',null,'N','N','N','refer','制单人',28,'uap.user.user_name','f6f9a473-56c0-432f-8bc7-fbf8fde54fee','billmaker',null,'~',13,'c8529868-b265-4f42-bed8-b3b777ec20fc','uap/refer/riart/userDefaultRefer/index','用户',null,'N',null,null,null,'2021-07-19 13:52:06',null,'Y',null);
        go

        insert into pub_form_property(pk_form_property,areaid,classid,code,colnum,color,creationtime,creator,datatype,dataval,defaultvalue,defaultvar,define1,define2,define3,disabled,dr,editformula,hyperlinkflag,iscode,isdefined,ismultiselectedenabled,isnextrow,isrevise,istotal,itemtype,label,maxlength,metadataproperty,metaid,metapath,modifiedtime,modifier,position,proid,refcode,refname,relatemeta,required,resid,showformula,textrows,ts,validateformula,visible,width)
        values('0001ZZZZ4a04de9a8009','0001ZZZZe09a6418fff3','01675523-fa49-4965-b69a-d3f780ea7541','maketime',null,'#111111',null,'~',33, null, null,null,null,null,null,'N',0,null,'N','N','N',null,'N','N','N','datepicker','制单时间',28,NULL,'','maketime',null,'~',14,'2852e04a-4ff4-4c18-a0e9-a8ba325cc3bc','/common-ref/','-99',null,'N',null,null,null,'2021-07-19 13:52:06',null,'Y',null);
        go

        insert into pub_form_property(pk_form_property,areaid,classid,code,colnum,color,creationtime,creator,datatype,dataval,defaultvalue,defaultvar,define1,define2,define3,disabled,dr,editformula,hyperlinkflag,iscode,isdefined,ismultiselectedenabled,isnextrow,isrevise,istotal,itemtype,label,maxlength,metadataproperty,metaid,metapath,modifiedtime,modifier,position,proid,refcode,refname,relatemeta,required,resid,showformula,textrows,ts,validateformula,visible,width)
        values('0001ZZZZ4a04de9a8010','0001ZZZZe09a6418fff3','01675523-fa49-4965-b69a-d3f780ea7541','bill_no',null,'#111111',null,'~',1, null, null,null,null,null,null,'Y',0,null,'N','N','N',null,'N','N','N','input','单据号',28,NULL,'','bill_no',null,'~',7,'6f34d25b-3098-4144-b75c-e54cc87098ca','/common-ref/','-99',null,'N',null,null,null,'2021-07-19 13:52:06',null,'Y',null);
        go

        insert into pub_form_property(pk_form_property,areaid,classid,code,colnum,color,creationtime,creator,datatype,dataval,defaultvalue,defaultvar,define1,define2,define3,disabled,dr,editformula,hyperlinkflag,iscode,isdefined,ismultiselectedenabled,isnextrow,isrevise,istotal,itemtype,label,maxlength,metadataproperty,metaid,metapath,modifiedtime,modifier,position,proid,refcode,refname,relatemeta,required,resid,showformula,textrows,ts,validateformula,visible,width)
        values('0001ZZZZ4a04de9a8011','0001ZZZZe09a6418fff3','01675523-fa49-4965-b69a-d3f780ea7541','dbilldate',null,'#111111',null,'~',33, null, null,null,null,null,null,'N',0,null,'N','N','N',null,'N','N','N','datepicker','单据日期',28,NULL,'','dbilldate',null,'~',5,'6c474263-32ca-45cb-b221-bcd9a9ab4236','/common-ref/','-99',null,'N',null,null,null,'2021-07-19 13:52:06',null,'Y',null);
        go

        insert into pub_form_property(pk_form_property,areaid,classid,code,colnum,color,creationtime,creator,datatype,dataval,defaultvalue,defaultvar,define1,define2,define3,disabled,dr,editformula,hyperlinkflag,iscode,isdefined,ismultiselectedenabled,isnextrow,isrevise,istotal,itemtype,label,maxlength,metadataproperty,metaid,metapath,modifiedtime,modifier,position,proid,refcode,refname,relatemeta,required,resid,showformula,textrows,ts,validateformula,visible,width)
        values('0001ZZZZ4a04de9a8012','0001ZZZZe09a6418fff3','01675523-fa49-4965-b69a-d3f780ea7541','billstatus',null,'#111111',null,'~',203, '自由=-1,审批未通过=0,审批通过=1,审批进行中=2,提交=3','-1',null,null,null,null,'N',0,null,'N','N','N',null,'N','N','N','select','单据状态',28,NULL,'','billstatus',null,'~',6,'eb1fda60-0e61-4c6e-8a1b-d26f6245b1d0','/common-ref/','-99',null,'N',null,null,null,'2021-07-19 13:52:06',null,'Y',null);
        go

        insert into pub_form_property(pk_form_property,areaid,classid,code,colnum,color,creationtime,creator,datatype,dataval,defaultvalue,defaultvar,define1,define2,define3,disabled,dr,editformula,hyperlinkflag,iscode,isdefined,ismultiselectedenabled,isnextrow,isrevise,istotal,itemtype,label,maxlength,metadataproperty,metaid,metapath,modifiedtime,modifier,position,proid,refcode,refname,relatemeta,required,resid,showformula,textrows,ts,validateformula,visible,width)
        values('0001ZZZZ4a04de9a8013','0001ZZZZe09a6418fff3','01675523-fa49-4965-b69a-d3f780ea7541','pk_billtypeid',null,'#111111',null,'~',204, '0001Z0100BILLTYPEZJ7,code=N', null,null,null,null,null,'N',0,null,'N','N','N',null,'N','N','N','refer','单据类型',28,'uap.BilltypeVO.billtypename','b0fa41cd-a649-4309-b685-d341a5d1b0ed','pk_billtypeid',null,'~',9,'690af76c-1546-4d1e-b644-b27e58a10cdc','uap/refer/riart/billtype/index','影响因素单据类型',null,'N',null,null,null,'2021-07-19 13:52:06',null,'Y',null);
        go

        insert into pub_form_property(pk_form_property,areaid,classid,code,colnum,color,creationtime,creator,datatype,dataval,defaultvalue,defaultvar,define1,define2,define3,disabled,dr,editformula,hyperlinkflag,iscode,isdefined,ismultiselectedenabled,isnextrow,isrevise,istotal,itemtype,label,maxlength,metadataproperty,metaid,metapath,modifiedtime,modifier,position,proid,refcode,refname,relatemeta,required,resid,showformula,textrows,ts,validateformula,visible,width)
        values('0001ZZZZ4a04de9a8014','0001ZZZZe09a6418fff3','01675523-fa49-4965-b69a-d3f780ea7541','billtype',null,'#111111',null,'~',1, null, null,null,null,null,null,'N',0,null,'N','N','N',null,'N','N','N','input','单据类型编码',28,NULL,'','billtype',null,'~',10,'ca7a5d88-ec78-48c5-bf6a-06ab0930bfc2','/common-ref/','-99',null,'N',null,null,null,'2021-07-19 13:52:06',null,'Y',null);
        go

        insert into pub_form_property(pk_form_property,areaid,classid,code,colnum,color,creationtime,creator,datatype,dataval,defaultvalue,defaultvar,define1,define2,define3,disabled,dr,editformula,hyperlinkflag,iscode,isdefined,ismultiselectedenabled,isnextrow,isrevise,istotal,itemtype,label,maxlength,metadataproperty,metaid,metapath,modifiedtime,modifier,position,proid,refcode,refname,relatemeta,required,resid,showformula,textrows,ts,validateformula,visible,width)
        values('0001ZZZZ4a04de9a8015','0001ZZZZe09a6418fff3','01675523-fa49-4965-b69a-d3f780ea7541','vnote',null,'#111111',null,'~',1, null, null,null,null,null,null,'N',0,null,'N','N','N',null,'N','N','N','input','备注',28,NULL,'','vnote',null,'~',23,'ab037bcc-b686-4bc1-9c73-ae3d8a23bc43','/common-ref/','-99',null,'N',null,null,null,'2021-07-19 13:52:06',null,'Y',null);
        go

        insert into pub_form_property(pk_form_property,areaid,classid,code,colnum,color,creationtime,creator,datatype,dataval,defaultvalue,defaultvar,define1,define2,define3,disabled,dr,editformula,hyperlinkflag,iscode,isdefined,ismultiselectedenabled,isnextrow,isrevise,istotal,itemtype,label,maxlength,metadataproperty,metaid,metapath,modifiedtime,modifier,position,proid,refcode,refname,relatemeta,required,resid,showformula,textrows,ts,validateformula,visible,width)
        values('0001ZZZZ4a04de9a8016','0001ZZZZe09a6418fff3','01675523-fa49-4965-b69a-d3f780ea7541','ismaintain',null,'#111111',null,'~',32, null, null,null,null,null,null,'N',0,null,'N','N','N',null,'N','N','N','checkbox_switch','学生进班英语成绩是否维护',28,NULL,'','ismaintain',null,'~',41,'050217b6-8e26-4933-87c9-8c706b25cd20','/common-ref/','-99',null,'N',null,null,null,'2021-07-19 13:52:06',null,'Y',null);
        go

        insert into pub_form_property(pk_form_property,areaid,classid,code,colnum,color,creationtime,creator,datatype,dataval,defaultvalue,defaultvar,define1,define2,define3,disabled,dr,editformula,hyperlinkflag,iscode,isdefined,ismultiselectedenabled,isnextrow,isrevise,istotal,itemtype,label,maxlength,metadataproperty,metaid,metapath,modifiedtime,modifier,position,proid,refcode,refname,relatemeta,required,resid,showformula,textrows,ts,validateformula,visible,width)
        values('0001ZZZZ4a04de9a8017','0001ZZZZe09a6418fff3','01675523-fa49-4965-b69a-d3f780ea7541','approver',null,'#111111',null,'~',204, '0001Z01000000001BVPB,code=N', null,null,null,null,null,'N',0,null,'N','N','N',null,'N','N','N','refer','审批人',28,'uap.user.user_name','f6f9a473-56c0-432f-8bc7-fbf8fde54fee','approver',null,'~',19,'1abd146f-9d82-4686-83de-93f842a2711d','uap/refer/riart/userDefaultRefer/index','用户',null,'N',null,null,null,'2021-07-19 13:52:06',null,'Y',null);
        go

        insert into pub_form_property(pk_form_property,areaid,classid,code,colnum,color,creationtime,creator,datatype,dataval,defaultvalue,defaultvar,define1,define2,define3,disabled,dr,editformula,hyperlinkflag,iscode,isdefined,ismultiselectedenabled,isnextrow,isrevise,istotal,itemtype,label,maxlength,metadataproperty,metaid,metapath,modifiedtime,modifier,position,proid,refcode,refname,relatemeta,required,resid,showformula,textrows,ts,validateformula,visible,width)
        values('0001ZZZZ4a04de9a8018','0001ZZZZe09a6418fff3','01675523-fa49-4965-b69a-d3f780ea7541','approvenote',null,'#111111',null,'~',1, null, null,null,null,null,null,'N',0,null,'N','N','N',null,'N','N','N','input','审批批语',28,NULL,'','approvenote',null,'~',21,'480c1a6b-fe3b-42cc-8141-41717d32e8e4','/common-ref/','-99',null,'N',null,null,null,'2021-07-19 13:52:06',null,'Y',null);
        go

        insert into pub_form_property(pk_form_property,areaid,classid,code,colnum,color,creationtime,creator,datatype,dataval,defaultvalue,defaultvar,define1,define2,define3,disabled,dr,editformula,hyperlinkflag,iscode,isdefined,ismultiselectedenabled,isnextrow,isrevise,istotal,itemtype,label,maxlength,metadataproperty,metaid,metapath,modifiedtime,modifier,position,proid,refcode,refname,relatemeta,required,resid,showformula,textrows,ts,validateformula,visible,width)
        values('0001ZZZZ4a04de9a8019','0001ZZZZe09a6418fff3','01675523-fa49-4965-b69a-d3f780ea7541','approvedate',null,'#111111',null,'~',34, null, null,null,null,null,null,'N',0,null,'N','N','N',null,'N','N','N','datetimepicker','审批时间',28,NULL,'','approvedate',null,'~',22,'5f1e4dc3-709d-4567-adc1-3a3b72074d0d','/common-ref/','-99',null,'N',null,null,null,'2021-07-19 13:52:06',null,'Y',null);
        go

        insert into pub_form_property(pk_form_property,areaid,classid,code,colnum,color,creationtime,creator,datatype,dataval,defaultvalue,defaultvar,define1,define2,define3,disabled,dr,editformula,hyperlinkflag,iscode,isdefined,ismultiselectedenabled,isnextrow,isrevise,istotal,itemtype,label,maxlength,metadataproperty,metaid,metapath,modifiedtime,modifier,position,proid,refcode,refname,relatemeta,required,resid,showformula,textrows,ts,validateformula,visible,width)
        values('0001ZZZZ4a04de9a8020','0001ZZZZe09a6418fff3','01675523-fa49-4965-b69a-d3f780ea7541','approvestatus',null,'#111111',null,'~',203, '自由=-1,审批未通过=0,审批通过=1,审批进行中=2,提交=3', null,null,null,null,null,'N',0,null,'N','N','N',null,'N','N','N','select','审批状态',28,NULL,'','approvestatus',null,'~',20,'7d312630-9ab6-4f74-b8b9-1aa03d7d262f','/common-ref/','-99',null,'N',null,null,null,'2021-07-19 13:52:06',null,'Y',null);
        go

        insert into pub_form_property(pk_form_property,areaid,classid,code,colnum,color,creationtime,creator,datatype,dataval,defaultvalue,defaultvar,define1,define2,define3,disabled,dr,editformula,hyperlinkflag,iscode,isdefined,ismultiselectedenabled,isnextrow,isrevise,istotal,itemtype,label,maxlength,metadataproperty,metaid,metapath,modifiedtime,modifier,position,proid,refcode,refname,relatemeta,required,resid,showformula,textrows,ts,validateformula,visible,width)
        values('0001ZZZZ4a04de9a8021','0001ZZZZe09a6418fff3','01675523-fa49-4965-b69a-d3f780ea7541','isapply',null,'#111111',null,'~',32, null, null,null,null,null,null,'N',0,null,'N','N','N',null,'N','N','N','checkbox_switch','教材是否申领',28,NULL,'','isapply',null,'~',37,'b072c168-97e4-4603-a7e9-5b6998e803bb','/common-ref/','-99',null,'N',null,null,null,'2021-07-19 13:52:06',null,'Y',null);
        go

        insert into pub_form_property(pk_form_property,areaid,classid,code,colnum,color,creationtime,creator,datatype,dataval,defaultvalue,defaultvar,define1,define2,define3,disabled,dr,editformula,hyperlinkflag,iscode,isdefined,ismultiselectedenabled,isnextrow,isrevise,istotal,itemtype,label,maxlength,metadataproperty,metaid,metapath,modifiedtime,modifier,position,proid,refcode,refname,relatemeta,required,resid,showformula,textrows,ts,validateformula,visible,width)
        values('0001ZZZZ4a04de9a8022','0001ZZZZe09a6418fff3','01675523-fa49-4965-b69a-d3f780ea7541','isuploadall',null,'#111111',null,'~',32, null, null,null,null,null,null,'N',0,null,'N','N','N',null,'N','N','N','checkbox_switch','整体教学计划是否上传',28,NULL,'','isuploadall',null,'~',39,'399f7f5a-d889-45b3-a628-0f979e3fa995','/common-ref/','-99',null,'N',null,null,null,'2021-07-19 13:52:06',null,'Y',null);
        go

        insert into pub_form_property(pk_form_property,areaid,classid,code,colnum,color,creationtime,creator,datatype,dataval,defaultvalue,defaultvar,define1,define2,define3,disabled,dr,editformula,hyperlinkflag,iscode,isdefined,ismultiselectedenabled,isnextrow,isrevise,istotal,itemtype,label,maxlength,metadataproperty,metaid,metapath,modifiedtime,modifier,position,proid,refcode,refname,relatemeta,required,resid,showformula,textrows,ts,validateformula,visible,width)
        values('0001ZZZZ4a04de9a8025','0001ZZZZe09a6418fff3','01675523-fa49-4965-b69a-d3f780ea7541','isuploadnow',null,'#111111',null,'~',32, null, null,null,null,null,null,'N',0,null,'N','N','N',null,'N','N','N','checkbox_switch','本学期教学计划是否上传',28,NULL,'','isuploadnow',null,'~',40,'862dc955-6a8b-4802-8345-ee2fc6500956','/common-ref/','-99',null,'N',null,null,null,'2021-07-19 13:52:06',null,'Y',null);
        go

        insert into pub_form_property(pk_form_property,areaid,classid,code,colnum,color,creationtime,creator,datatype,dataval,defaultvalue,defaultvar,define1,define2,define3,disabled,dr,editformula,hyperlinkflag,iscode,isdefined,ismultiselectedenabled,isnextrow,isrevise,istotal,itemtype,label,maxlength,metadataproperty,metaid,metapath,modifiedtime,modifier,position,proid,refcode,refname,relatemeta,required,resid,showformula,textrows,ts,validateformula,visible,width)
        values('0001ZZZZ4a04de9a8026','0001ZZZZe09a6418fff3','01675523-fa49-4965-b69a-d3f780ea7541','srctrantype',null,'#111111',null,'~',1, null, null,null,null,null,null,'N',0,null,'N','N','N',null,'N','N','N','input','来源交易类型',28,NULL,'','srctrantype',null,'~',30,'970bb2bf-1298-40e6-9c05-baf813a2cac2','/common-ref/','-99',null,'N',null,null,null,'2021-07-19 13:52:06',null,'Y',null);
        go

        insert into pub_form_property(pk_form_property,areaid,classid,code,colnum,color,creationtime,creator,datatype,dataval,defaultvalue,defaultvar,define1,define2,define3,disabled,dr,editformula,hyperlinkflag,iscode,isdefined,ismultiselectedenabled,isnextrow,isrevise,istotal,itemtype,label,maxlength,metadataproperty,metaid,metapath,modifiedtime,modifier,position,proid,refcode,refname,relatemeta,required,resid,showformula,textrows,ts,validateformula,visible,width)
        values('0001ZZZZ4a04de9a8029','0001ZZZZe09a6418fff3','01675523-fa49-4965-b69a-d3f780ea7541','srccode',null,'#111111',null,'~',1, null, null,null,null,null,null,'N',0,null,'N','N','N',null,'N','N','N','input','来源单据号',28,NULL,'','srccode',null,'~',26,'bcaae46b-db17-4670-93b0-58e6a917e705','/common-ref/','-99',null,'N',null,null,null,'2021-07-19 13:52:06',null,'Y',null);
        go

        insert into pub_form_property(pk_form_property,areaid,classid,code,colnum,color,creationtime,creator,datatype,dataval,defaultvalue,defaultvar,define1,define2,define3,disabled,dr,editformula,hyperlinkflag,iscode,isdefined,ismultiselectedenabled,isnextrow,isrevise,istotal,itemtype,label,maxlength,metadataproperty,metaid,metapath,modifiedtime,modifier,position,proid,refcode,refname,relatemeta,required,resid,showformula,textrows,ts,validateformula,visible,width)
        values('0001ZZZZ4a04de9a8031','0001ZZZZe09a6418fff3','01675523-fa49-4965-b69a-d3f780ea7541','srcbilltype',null,'#111111',null,'~',1, null, null,null,null,null,null,'N',0,null,'N','N','N',null,'N','N','N','input','来源单据类型',28,NULL,'','srcbilltype',null,'~',24,'021fc7f7-aca4-46b3-8f54-66967372ac40','/common-ref/','-99',null,'N',null,null,null,'2021-07-19 13:52:06',null,'Y',null);
        go

        insert into pub_form_property(pk_form_property,areaid,classid,code,colnum,color,creationtime,creator,datatype,dataval,defaultvalue,defaultvar,define1,define2,define3,disabled,dr,editformula,hyperlinkflag,iscode,isdefined,ismultiselectedenabled,isnextrow,isrevise,istotal,itemtype,label,maxlength,metadataproperty,metaid,metapath,modifiedtime,modifier,position,proid,refcode,refname,relatemeta,required,resid,showformula,textrows,ts,validateformula,visible,width)
        values('0001ZZZZ4a04de9a8032','0001ZZZZe09a6418fff3','01675523-fa49-4965-b69a-d3f780ea7541','srcrowno',null,'#111111',null,'~',1, null, null,null,null,null,null,'N',0,null,'N','N','N',null,'N','N','N','input','来源单据行号',28,NULL,'','srcrowno',null,'~',29,'32e5c074-8541-4a38-879d-4533748668ff','/common-ref/','-99',null,'N',null,null,null,'2021-07-19 13:52:06',null,'Y',null);
        go

        insert into pub_form_property(pk_form_property,areaid,classid,code,colnum,color,creationtime,creator,datatype,dataval,defaultvalue,defaultvar,define1,define2,define3,disabled,dr,editformula,hyperlinkflag,iscode,isdefined,ismultiselectedenabled,isnextrow,isrevise,istotal,itemtype,label,maxlength,metadataproperty,metaid,metapath,modifiedtime,modifier,position,proid,refcode,refname,relatemeta,required,resid,showformula,textrows,ts,validateformula,visible,width)
        values('0001ZZZZ4a04de9a8033','0001ZZZZe09a6418fff3','01675523-fa49-4965-b69a-d3f780ea7541','vfirsttrantype',null,'#111111',null,'~',1, null, null,null,null,null,null,'N',0,null,'N','N','N',null,'N','N','N','input','源头交易类型',28,NULL,'','vfirsttrantype',null,'~',36,'54c08884-7f31-4702-8980-3a0bb9624f60','/common-ref/','-99',null,'N',null,null,null,'2021-07-19 13:52:06',null,'Y',null);
        go

        insert into pub_form_property(pk_form_property,areaid,classid,code,colnum,color,creationtime,creator,datatype,dataval,defaultvalue,defaultvar,define1,define2,define3,disabled,dr,editformula,hyperlinkflag,iscode,isdefined,ismultiselectedenabled,isnextrow,isrevise,istotal,itemtype,label,maxlength,metadataproperty,metaid,metapath,modifiedtime,modifier,position,proid,refcode,refname,relatemeta,required,resid,showformula,textrows,ts,validateformula,visible,width)
        values('0001ZZZZ4a04de9a8035','0001ZZZZe09a6418fff3','01675523-fa49-4965-b69a-d3f780ea7541','vfirstcode',null,'#111111',null,'~',1, null, null,null,null,null,null,'N',0,null,'N','N','N',null,'N','N','N','input','源头单据号',28,NULL,'','vfirstcode',null,'~',32,'0f9962c8-0a5e-4766-a210-745ce4f3e382','/common-ref/','-99',null,'N',null,null,null,'2021-07-19 13:52:06',null,'Y',null);
        go

        insert into pub_form_property(pk_form_property,areaid,classid,code,colnum,color,creationtime,creator,datatype,dataval,defaultvalue,defaultvar,define1,define2,define3,disabled,dr,editformula,hyperlinkflag,iscode,isdefined,ismultiselectedenabled,isnextrow,isrevise,istotal,itemtype,label,maxlength,metadataproperty,metaid,metapath,modifiedtime,modifier,position,proid,refcode,refname,relatemeta,required,resid,showformula,textrows,ts,validateformula,visible,width)
        values('0001ZZZZ4a04de9a8037','0001ZZZZe09a6418fff3','01675523-fa49-4965-b69a-d3f780ea7541','vfirsttype',null,'#111111',null,'~',1, null, null,null,null,null,null,'N',0,null,'N','N','N',null,'N','N','N','input','源头单据类型',28,NULL,'','vfirsttype',null,'~',31,'6f060410-665d-4e69-a8a0-eb01c26d43ff','/common-ref/','-99',null,'N',null,null,null,'2021-07-19 13:52:06',null,'Y',null);
        go

        insert into pub_form_property(pk_form_property,areaid,classid,code,colnum,color,creationtime,creator,datatype,dataval,defaultvalue,defaultvar,define1,define2,define3,disabled,dr,editformula,hyperlinkflag,iscode,isdefined,ismultiselectedenabled,isnextrow,isrevise,istotal,itemtype,label,maxlength,metadataproperty,metaid,metapath,modifiedtime,modifier,position,proid,refcode,refname,relatemeta,required,resid,showformula,textrows,ts,validateformula,visible,width)
        values('0001ZZZZ4a04de9a8038','0001ZZZZe09a6418fff3','01675523-fa49-4965-b69a-d3f780ea7541','vfirstrowno',null,'#111111',null,'~',1, null, null,null,null,null,null,'N',0,null,'N','N','N',null,'N','N','N','input','源头单据行号',28,NULL,'','vfirstrowno',null,'~',35,'6b40c76a-d4fa-463a-a011-7b5f205a552f','/common-ref/','-99',null,'N',null,null,null,'2021-07-19 13:52:06',null,'Y',null);
        go

        insert into pub_form_property(pk_form_property,areaid,classid,code,colnum,color,creationtime,creator,datatype,dataval,defaultvalue,defaultvar,define1,define2,define3,disabled,dr,editformula,hyperlinkflag,iscode,isdefined,ismultiselectedenabled,isnextrow,isrevise,istotal,itemtype,label,maxlength,metadataproperty,metaid,metapath,modifiedtime,modifier,position,proid,refcode,refname,relatemeta,required,resid,showformula,textrows,ts,validateformula,visible,width)
        values('0001ZZZZ4a04de9a8039','0001ZZZZe09a6418fff3','01675523-fa49-4965-b69a-d3f780ea7541','pk_org',null,'#111111',null,'~',204, '0001Z01000000001BVPS,code=N', null,null,null,null,null,'N',0,null,'N','N','N',null,'N','N','N','refer','组织',28,'uap.org.name','985be8a4-3a36-4778-8afe-2d8ed3902659','pk_org',null,'~',3,'53175ff9-3bd4-4188-9e15-e501f84762b3','uapbd/refer/org/BusinessUnitAndDeptTreeRef/index','业务单元及部门',null,'N',null,null,null,'2021-07-19 13:52:06',null,'Y',null);
        go

        insert into pub_form_property(pk_form_property,areaid,classid,code,colnum,color,creationtime,creator,datatype,dataval,defaultvalue,defaultvar,define1,define2,define3,disabled,dr,editformula,hyperlinkflag,iscode,isdefined,ismultiselectedenabled,isnextrow,isrevise,istotal,itemtype,label,maxlength,metadataproperty,metaid,metapath,modifiedtime,modifier,position,proid,refcode,refname,relatemeta,required,resid,showformula,textrows,ts,validateformula,visible,width)
        values('0001ZZZZ4a04de9a8040','0001ZZZZe09a6418fff3','01675523-fa49-4965-b69a-d3f780ea7541','pk_org_v',null,'#111111',null,'~',204, '', null,null,null,null,null,'N',0,null,'N','N','N',null,'N','N','N','refer','组织版本',28,NULL,'da7bba89-9a59-42d6-a262-c13ef459dbd9','pk_org_v',null,'~',4,'0dc71f9b-063d-4f94-83ad-629155c666bb','uapbd/refer/orgv/BusinessUnitVersionDefaultAllTreeRef/index','业务单元版本(所有)',null,'N',null,null,null,'2021-07-19 13:52:06',null,'N',null);
        go

        insert into pub_form_property(pk_form_property,areaid,classid,code,colnum,color,creationtime,creator,datatype,dataval,defaultvalue,defaultvar,define1,define2,define3,disabled,dr,editformula,hyperlinkflag,iscode,isdefined,ismultiselectedenabled,isnextrow,isrevise,istotal,itemtype,label,maxlength,metadataproperty,metaid,metapath,modifiedtime,modifier,position,proid,refcode,refname,relatemeta,required,resid,showformula,textrows,ts,validateformula,visible,width)
        values('0001ZZZZ4a04de9a8041','0001ZZZZe09a6418fff3','01675523-fa49-4965-b69a-d3f780ea7541','pk_group',null,'#111111',null,'~',204, '0001Z010000000000ZKS,code=N', null,null,null,null,null,'N',0,null,'N','N','N',null,'N','N','N','refer','集团',28,'uap.group.name','3b6dd171-2900-47f3-bfbe-41e4483a2a65','pk_group',null,'~',2,'31e45a36-575b-4393-ab17-b0b92e068c74','uap/refer/riart/groupTreeRef/index','集团',null,'N',null,null,null,'2021-07-19 13:52:06',null,'Y',null);
        go








            insert into pub_form_property(pk_form_property,areaid,classid,code,colnum,color,creationtime,creator,datatype,dataval,defaultvalue,defaultvar,define1,define2,define3,disabled,dr,editformula,hyperlinkflag,iscode,isdefined,ismultiselectedenabled,isnextrow,isrevise,istotal,itemtype,label,maxlength,metadataproperty,metaid,metapath,modifiedtime,modifier,position,proid,refcode,refname,relatemeta,required,resid,showformula,textrows,ts,validateformula,visible,width)
            values('0001ZZZZ02f3f3986000','0001ZZZZ00eaf246bc5e','01675523-fa49-4965-b69a-d3f780ea7541','isbuild','1','#111111',null,'~',32,null, null,null,null,null,null,'N',0,null,'N','N','N',null,'N','N','N','checkbox_switch','三群是否建立',28,NULL,'','isbuild',null,'~',38,'5169e2c9-48aa-47ee-bcc8-5a4103baccbf','/common-ref/','-99',null,'N',null,null,null,'2021-07-19 13:52:06',null,'Y',null);
            go
            insert into pub_form_property(pk_form_property,areaid,classid,code,colnum,color,creationtime,creator,datatype,dataval,defaultvalue,defaultvar,define1,define2,define3,disabled,dr,editformula,hyperlinkflag,iscode,isdefined,ismultiselectedenabled,isnextrow,isrevise,istotal,itemtype,label,maxlength,metadataproperty,metaid,metapath,modifiedtime,modifier,position,proid,refcode,refname,relatemeta,required,resid,showformula,textrows,ts,validateformula,visible,width)
            values('0001ZZZZ02f3f3986001','0001ZZZZ00eaf246bc5e','01675523-fa49-4965-b69a-d3f780ea7541','pk_busitype','1','#111111',null,'~',204,'' , null,null,null,null,null,'N',0,null,'N','N','N',null,'N','N','N','refer','业务类型',28,NULL,'','pk_busitype',null,'~',8,'d997a149-8808-411f-9935-a2d565de26c6','uap/refer/riart/busitype/index','业务流程',null,'N',null,null,null,'2021-07-19 13:52:06',null,'Y',null);
            go
            insert into pub_form_property(pk_form_property,areaid,classid,code,colnum,color,creationtime,creator,datatype,dataval,defaultvalue,defaultvar,define1,define2,define3,disabled,dr,editformula,hyperlinkflag,iscode,isdefined,ismultiselectedenabled,isnextrow,isrevise,istotal,itemtype,label,maxlength,metadataproperty,metaid,metapath,modifiedtime,modifier,position,proid,refcode,refname,relatemeta,required,resid,showformula,textrows,ts,validateformula,visible,width)
            values('0001ZZZZ02f3f3986002','0001ZZZZ00eaf246bc5e','01675523-fa49-4965-b69a-d3f780ea7541','pk_transtype','1','#111111',null,'~',204,'0001Z0100BILLTYPEZJ8,code=N' , null,null,null,null,null,'N',0,null,'N','N','N',null,'N','N','N','refer','交易类型',28,'uap.BilltypeVO.billtypename','','pk_transtype',null,'~',12,'3eacf7cc-c454-4441-ac35-0aa0455c9c93','uap/refer/riart/transtype/index','影响因素交 易类型',null,'N',null,null,null,'2021-07-19 13:52:06',null,'Y',null);
            go
            insert into pub_form_property(pk_form_property,areaid,classid,code,colnum,color,creationtime,creator,datatype,dataval,defaultvalue,defaultvar,define1,define2,define3,disabled,dr,editformula,hyperlinkflag,iscode,isdefined,ismultiselectedenabled,isnextrow,isrevise,istotal,itemtype,label,maxlength,metadataproperty,metaid,metapath,modifiedtime,modifier,position,proid,refcode,refname,relatemeta,required,resid,showformula,textrows,ts,validateformula,visible,width)
            values('0001ZZZZ02f3f3986003','0001ZZZZ00eaf246bc5e','01675523-fa49-4965-b69a-d3f780ea7541','transtypecode','1','#111111',null,'~',1,null, null,null,null,null,null,'N',0,null,'N','N','N',null,'N','N','N','input','交易类型编码',28,NULL,'','transtypecode',null,'~',11,'ec1cb73b-f26a-4916-adb4-c90c4a194088','/common-ref/','-99',null,'N',null,null,null,'2021-07-19 13:52:06',null,'Y',null);
            go
            insert into pub_form_property(pk_form_property,areaid,classid,code,colnum,color,creationtime,creator,datatype,dataval,defaultvalue,defaultvar,define1,define2,define3,disabled,dr,editformula,hyperlinkflag,iscode,isdefined,ismultiselectedenabled,isnextrow,isrevise,istotal,itemtype,label,maxlength,metadataproperty,metaid,metapath,modifiedtime,modifier,position,proid,refcode,refname,relatemeta,required,resid,showformula,textrows,ts,validateformula,visible,width)
            values('0001ZZZZ07519b99e111','0001ZZZZd120007e07ee','01675523-fa49-4965-b69a-d3f780ea7541','modifier','1','#111111',null,'~',204,'0001Z01000000001BVPB,code=N', null,null,null,null,null,'N',0,null,'N','N','N',null,'N','N','N','refer','修改人',28,'uap.user.user_name','','modifier',null,'~',17,'3e429aca-6b10-4370-a9a9-7ca794ad65d7','uap/refer/riart/userDefaultRefer/index','用户',null,'N',null,null,null,'2021-07-19 13:52:06',null,'Y',null);
            go
            insert into pub_form_property(pk_form_property,areaid,classid,code,colnum,color,creationtime,creator,datatype,dataval,defaultvalue,defaultvar,define1,define2,define3,disabled,dr,editformula,hyperlinkflag,iscode,isdefined,ismultiselectedenabled,isnextrow,isrevise,istotal,itemtype,label,maxlength,metadataproperty,metaid,metapath,modifiedtime,modifier,position,proid,refcode,refname,relatemeta,required,resid,showformula,textrows,ts,validateformula,visible,width)
            values('0001ZZZZ61a582770290','0001ZZZZd120007e07ee','01675523-fa49-4965-b69a-d3f780ea7541','modifiedtime','1','#111111',null,'~',34,null, null,null,null,null,null,'N',0,null,'N','N','N',null,'N','N','N','datetimepicker','修改时间',28,NULL,'','modifiedtime',null,'~',18,'ee2ebd09-d703-483b-9a68-a047735d3fe3','/common-ref/','-99',null,'N',null,null,null,'2021-07-19 13:52:06',null,'Y',null);
            go
            insert into pub_form_property(pk_form_property,areaid,classid,code,colnum,color,creationtime,creator,datatype,dataval,defaultvalue,defaultvar,define1,define2,define3,disabled,dr,editformula,hyperlinkflag,iscode,isdefined,ismultiselectedenabled,isnextrow,isrevise,istotal,itemtype,label,maxlength,metadataproperty,metaid,metapath,modifiedtime,modifier,position,proid,refcode,refname,relatemeta,required,resid,showformula,textrows,ts,validateformula,visible,width)
            values('0001ZZZZ378671e27d50','0001ZZZZd120007e07ee','01675523-fa49-4965-b69a-d3f780ea7541','creator','1','#111111',null,'~',204,'0001Z01000000001BVPB,code=N', null,null,null,null,null,'N',0,null,'N','N','N',null,'N','N','N','refer','创建人',28,'uap.user.user_name','','creator',null,'~',15,'4e728e7a-b42c-4e63-9c1e-745bccc89bec','uap/refer/riart/userDefaultRefer/index','用户',null,'N',null,null,null,'2021-07-19 13:52:06',null,'Y',null);
            go
            insert into pub_form_property(pk_form_property,areaid,classid,code,colnum,color,creationtime,creator,datatype,dataval,defaultvalue,defaultvar,define1,define2,define3,disabled,dr,editformula,hyperlinkflag,iscode,isdefined,ismultiselectedenabled,isnextrow,isrevise,istotal,itemtype,label,maxlength,metadataproperty,metaid,metapath,modifiedtime,modifier,position,proid,refcode,refname,relatemeta,required,resid,showformula,textrows,ts,validateformula,visible,width)
            values('0001ZZZZ7c1208b2b68e','0001ZZZZd120007e07ee','01675523-fa49-4965-b69a-d3f780ea7541','creationtime','1','#111111',null,'~',34,null, null,null,null,null,null,'N',0,null,'N','N','N',null,'N','N','N','datetimepicker','创建时间',28,NULL,'','creationtime',null,'~',16,'f9026140-8c1b-4d0c-9f19-b202d8bac6cb','/common-ref/','-99',null,'N',null,null,null,'2021-07-19 13:52:06',null,'Y',null);
            go
            insert into pub_form_property(pk_form_property,areaid,classid,code,colnum,color,creationtime,creator,datatype,dataval,defaultvalue,defaultvar,define1,define2,define3,disabled,dr,editformula,hyperlinkflag,iscode,isdefined,ismultiselectedenabled,isnextrow,isrevise,istotal,itemtype,label,maxlength,metadataproperty,metaid,metapath,modifiedtime,modifier,position,proid,refcode,refname,relatemeta,required,resid,showformula,textrows,ts,validateformula,visible,width)
            values('0001ZZZZ02f3f3986008','0001ZZZZ00eaf246bc5e','01675523-fa49-4965-b69a-d3f780ea7541','billmaker','1','#111111',null,'~',204,'0001Z01000000001BVPB,code=N' , null,null,null,null,null,'N',0,null,'N','N','N',null,'N','N','N','refer','制单人',28,'uap.user.user_name','','billmaker',null,'~',13,'c881eba6-62bc-4ff5-97d0-9d800e5b8ad0','uap/refer/riart/userDefaultRefer/index','用户',null,'N',null,null,null,'2021-07-19 13:52:06',null,'Y',null);
            go
            insert into pub_form_property(pk_form_property,areaid,classid,code,colnum,color,creationtime,creator,datatype,dataval,defaultvalue,defaultvar,define1,define2,define3,disabled,dr,editformula,hyperlinkflag,iscode,isdefined,ismultiselectedenabled,isnextrow,isrevise,istotal,itemtype,label,maxlength,metadataproperty,metaid,metapath,modifiedtime,modifier,position,proid,refcode,refname,relatemeta,required,resid,showformula,textrows,ts,validateformula,visible,width)
            values('0001ZZZZ02f3f3986009','0001ZZZZ00eaf246bc5e','01675523-fa49-4965-b69a-d3f780ea7541','maketime','1','#111111',null,'~',33,null, null,null,null,null,null,'N',0,null,'N','N','N',null,'N','N','N','datepicker','制单时间',28,NULL,'','maketime',null,'~',14,'0d190686-15e0-47f4-a1bd-1d288f289eae','/common-ref/','-99',null,'N',null,null,null,'2021-07-19 13:52:06',null,'Y',null);
            go
            insert into pub_form_property(pk_form_property,areaid,classid,code,colnum,color,creationtime,creator,datatype,dataval,defaultvalue,defaultvar,define1,define2,define3,disabled,dr,editformula,hyperlinkflag,iscode,isdefined,ismultiselectedenabled,isnextrow,isrevise,istotal,itemtype,label,maxlength,metadataproperty,metaid,metapath,modifiedtime,modifier,position,proid,refcode,refname,relatemeta,required,resid,showformula,textrows,ts,validateformula,visible,width)
            values('0001ZZZZ02f3f3986010','0001ZZZZ00eaf246bc5e','01675523-fa49-4965-b69a-d3f780ea7541','bill_no','1','#111111',null,'~',1,null, null,null,null,null,null,'Y',0,null,'N','N','N',null,'N','N','N','input','单据号',28,NULL,'','bill_no',null,'~',7,'8885d4a9-3e5e-477f-bd70-cb6c515437f6','/common-ref/','-99',null,'N',null,null,null,'2021-07-19 13:52:06',null,'Y',null);
            go
            insert into pub_form_property(pk_form_property,areaid,classid,code,colnum,color,creationtime,creator,datatype,dataval,defaultvalue,defaultvar,define1,define2,define3,disabled,dr,editformula,hyperlinkflag,iscode,isdefined,ismultiselectedenabled,isnextrow,isrevise,istotal,itemtype,label,maxlength,metadataproperty,metaid,metapath,modifiedtime,modifier,position,proid,refcode,refname,relatemeta,required,resid,showformula,textrows,ts,validateformula,visible,width)
            values('0001ZZZZ02f3f3986011','0001ZZZZ00eaf246bc5e','01675523-fa49-4965-b69a-d3f780ea7541','dbilldate','1','#111111',null,'~',33,null, null,null,null,null,null,'N',0,null,'N','N','N',null,'N','N','N','datepicker','单据日期',28,NULL,'','dbilldate',null,'~',5,'1de64332-a26d-402f-9912-09b6aa31fe14','/common-ref/','-99',null,'N',null,null,null,'2021-07-19 13:52:06',null,'Y',null);
            go
            insert into pub_form_property(pk_form_property,areaid,classid,code,colnum,color,creationtime,creator,datatype,dataval,defaultvalue,defaultvar,define1,define2,define3,disabled,dr,editformula,hyperlinkflag,iscode,isdefined,ismultiselectedenabled,isnextrow,isrevise,istotal,itemtype,label,maxlength,metadataproperty,metaid,metapath,modifiedtime,modifier,position,proid,refcode,refname,relatemeta,required,resid,showformula,textrows,ts,validateformula,visible,width)
            values('0001ZZZZ02f3f3986012','0001ZZZZ00eaf246bc5e','01675523-fa49-4965-b69a-d3f780ea7541','billstatus','1','#111111',null,'~',203,'自由=-1,审批未通过=0,审批通过=1,审批进行中=2,提交=3','-1',null,null,null,null,'Y',0,null,'N','N','N',null,'N','N','N','select','单据状态',28,NULL,'','billstatus',null,'~',6,'6245e451-76eb-4a8c-b93c-edbc69af2647','/common-ref/','-99',null,'N',null,null,null,'2021-07-19 13:52:06',null,'Y',null);
            go
            insert into pub_form_property(pk_form_property,areaid,classid,code,colnum,color,creationtime,creator,datatype,dataval,defaultvalue,defaultvar,define1,define2,define3,disabled,dr,editformula,hyperlinkflag,iscode,isdefined,ismultiselectedenabled,isnextrow,isrevise,istotal,itemtype,label,maxlength,metadataproperty,metaid,metapath,modifiedtime,modifier,position,proid,refcode,refname,relatemeta,required,resid,showformula,textrows,ts,validateformula,visible,width)
            values('0001ZZZZ02f3f3986013','0001ZZZZ00eaf246bc5e','01675523-fa49-4965-b69a-d3f780ea7541','pk_billtypeid','1','#111111',null,'~',204,'0001Z0100BILLTYPEZJ7,code=N' , null,null,null,null,null,'N',0,null,'N','N','N',null,'N','N','N','refer','单据类型',28,'uap.BilltypeVO.billtypename','','pk_billtypeid',null,'~',9,'484ad172-d4c5-4f2e-88ea-9678c75cf178','uap/refer/riart/billtype/index','影响因素单据类型',null,'N',null,null,null,'2021-07-19 13:52:06',null,'Y',null);
            go
            insert into pub_form_property(pk_form_property,areaid,classid,code,colnum,color,creationtime,creator,datatype,dataval,defaultvalue,defaultvar,define1,define2,define3,disabled,dr,editformula,hyperlinkflag,iscode,isdefined,ismultiselectedenabled,isnextrow,isrevise,istotal,itemtype,label,maxlength,metadataproperty,metaid,metapath,modifiedtime,modifier,position,proid,refcode,refname,relatemeta,required,resid,showformula,textrows,ts,validateformula,visible,width)
            values('0001ZZZZ02f3f3986014','0001ZZZZ00eaf246bc5e','01675523-fa49-4965-b69a-d3f780ea7541','billtype','1','#111111',null,'~',1,null, null,null,null,null,null,'N',0,null,'N','N','N',null,'N','N','N','input','单据类型编码',28,NULL,'','billtype',null,'~',10,'dd666416-e1fa-454e-b3b9-68f8b7aae487','/common-ref/','-99',null,'N',null,null,null,'2021-07-19 13:52:06',null,'Y',null);
            go
            insert into pub_form_property(pk_form_property,areaid,classid,code,colnum,color,creationtime,creator,datatype,dataval,defaultvalue,defaultvar,define1,define2,define3,disabled,dr,editformula,hyperlinkflag,iscode,isdefined,ismultiselectedenabled,isnextrow,isrevise,istotal,itemtype,label,maxlength,metadataproperty,metaid,metapath,modifiedtime,modifier,position,proid,refcode,refname,relatemeta,required,resid,showformula,textrows,ts,validateformula,visible,width)
            values('0001ZZZZ02f3f3986015','0001ZZZZ00eaf246bc5e','01675523-fa49-4965-b69a-d3f780ea7541','vnote','1','#111111',null,'~',1,null, null,null,null,null,null,'N',0,null,'N','N','N',null,'N','N','N','input','备注',28,NULL,'','vnote',null,'~',23,'1b216232-f69e-469f-9f3a-1e7bf0d3c1e1','/common-ref/','-99',null,'N',null,null,null,'2021-07-19 13:52:06',null,'Y',null);
            go
            insert into pub_form_property(pk_form_property,areaid,classid,code,colnum,color,creationtime,creator,datatype,dataval,defaultvalue,defaultvar,define1,define2,define3,disabled,dr,editformula,hyperlinkflag,iscode,isdefined,ismultiselectedenabled,isnextrow,isrevise,istotal,itemtype,label,maxlength,metadataproperty,metaid,metapath,modifiedtime,modifier,position,proid,refcode,refname,relatemeta,required,resid,showformula,textrows,ts,validateformula,visible,width)
            values('0001ZZZZ02f3f3986016','0001ZZZZ00eaf246bc5e','01675523-fa49-4965-b69a-d3f780ea7541','ismaintain','1','#111111',null,'~',32,null, null,null,null,null,null,'N',0,null,'N','N','N',null,'N','N','N','checkbox_switch','学生进班英语成绩是否维护',28,NULL,'','ismaintain',null,'~',41,'1b221381-15f4-4e10-8797-c7bc04742259','/common-ref/','-99',null,'N',null,null,null,'2021-07-19 13:52:06',null,'Y',null);
            go
            insert into pub_form_property(pk_form_property,areaid,classid,code,colnum,color,creationtime,creator,datatype,dataval,defaultvalue,defaultvar,define1,define2,define3,disabled,dr,editformula,hyperlinkflag,iscode,isdefined,ismultiselectedenabled,isnextrow,isrevise,istotal,itemtype,label,maxlength,metadataproperty,metaid,metapath,modifiedtime,modifier,position,proid,refcode,refname,relatemeta,required,resid,showformula,textrows,ts,validateformula,visible,width)
            values('0001ZZZZ91b434344efa','0001ZZZZd120007e07ee','01675523-fa49-4965-b69a-d3f780ea7541','approver','1','#111111',null,'~',204,'0001Z01000000001BVPB,code=N', null,null,null,null,null,'N',0,null,'N','N','N',null,'N','N','N','refer','审批人',28,'uap.user.user_name','','approver',null,'~',19,'a553d181-a95c-4ba6-8f22-1720194ccb99','uap/refer/riart/userDefaultRefer/index','用户',null,'N',null,null,null,'2021-07-19 13:52:06',null,'Y',null);
            go
            insert into pub_form_property(pk_form_property,areaid,classid,code,colnum,color,creationtime,creator,datatype,dataval,defaultvalue,defaultvar,define1,define2,define3,disabled,dr,editformula,hyperlinkflag,iscode,isdefined,ismultiselectedenabled,isnextrow,isrevise,istotal,itemtype,label,maxlength,metadataproperty,metaid,metapath,modifiedtime,modifier,position,proid,refcode,refname,relatemeta,required,resid,showformula,textrows,ts,validateformula,visible,width)
            values('0001ZZZZ4e77a72d0012','0001ZZZZd120007e07ee','01675523-fa49-4965-b69a-d3f780ea7541','approvenote','1','#111111',null,'~',1,null, null,null,null,null,null,'N',0,null,'N','N','N',null,'N','N','N','input','审批批语',28,NULL,'','approvenote',null,'~',21,'ebd09ed1-239c-4d19-b2b3-f4114441cff5','/common-ref/','-99',null,'N',null,null,null,'2021-07-19 13:52:06',null,'Y',null);
            go
            insert into pub_form_property(pk_form_property,areaid,classid,code,colnum,color,creationtime,creator,datatype,dataval,defaultvalue,defaultvar,define1,define2,define3,disabled,dr,editformula,hyperlinkflag,iscode,isdefined,ismultiselectedenabled,isnextrow,isrevise,istotal,itemtype,label,maxlength,metadataproperty,metaid,metapath,modifiedtime,modifier,position,proid,refcode,refname,relatemeta,required,resid,showformula,textrows,ts,validateformula,visible,width)
            values('0001ZZZZ617a52debaaa','0001ZZZZd120007e07ee','01675523-fa49-4965-b69a-d3f780ea7541','approvedate','1','#111111',null,'~',34,null, null,null,null,null,null,'N',0,null,'N','N','N',null,'N','N','N','datetimepicker','审批时间',28,NULL,'','approvedate',null,'~',22,'fc9b8214-0beb-4fd5-b10c-66e60d6ca614','/common-ref/','-99',null,'N',null,null,null,'2021-07-19 13:52:06',null,'Y',null);
            go
            insert into pub_form_property(pk_form_property,areaid,classid,code,colnum,color,creationtime,creator,datatype,dataval,defaultvalue,defaultvar,define1,define2,define3,disabled,dr,editformula,hyperlinkflag,iscode,isdefined,ismultiselectedenabled,isnextrow,isrevise,istotal,itemtype,label,maxlength,metadataproperty,metaid,metapath,modifiedtime,modifier,position,proid,refcode,refname,relatemeta,required,resid,showformula,textrows,ts,validateformula,visible,width)
            values('0001ZZZZ02f3f3986020','0001ZZZZ00eaf246bc5e','01675523-fa49-4965-b69a-d3f780ea7541','approvestatus','1','#111111',null,'~',203,'自由=-1,审批未通过=0,审批通过=1,审批进行中=2,提交=3', null,null,null,null,null,'N',0,null,'N','N','N',null,'N','N','N','select','审批状态',28,NULL,'','approvestatus',null,'~',20,'a753c26c-276b-47f2-aa69-6c39ab25b285','/common-ref/','-99',null,'N',null,null,null,'2021-07-19 13:52:06',null,'Y',null);
            go
            insert into pub_form_property(pk_form_property,areaid,classid,code,colnum,color,creationtime,creator,datatype,dataval,defaultvalue,defaultvar,define1,define2,define3,disabled,dr,editformula,hyperlinkflag,iscode,isdefined,ismultiselectedenabled,isnextrow,isrevise,istotal,itemtype,label,maxlength,metadataproperty,metaid,metapath,modifiedtime,modifier,position,proid,refcode,refname,relatemeta,required,resid,showformula,textrows,ts,validateformula,visible,width)
            values('0001ZZZZ02f3f3986021','0001ZZZZ00eaf246bc5e','01675523-fa49-4965-b69a-d3f780ea7541','isapply','1','#111111',null,'~',32,null, null,null,null,null,null,'N',0,null,'N','N','N',null,'N','N','N','checkbox_switch','教材是否申领',28,NULL,'','isapply',null,'~',37,'0c1d6e05-74f1-4f8c-bb9c-7d7020832c36','/common-ref/','-99',null,'N',null,null,null,'2021-07-19 13:52:06',null,'Y',null);
            go
            insert into pub_form_property(pk_form_property,areaid,classid,code,colnum,color,creationtime,creator,datatype,dataval,defaultvalue,defaultvar,define1,define2,define3,disabled,dr,editformula,hyperlinkflag,iscode,isdefined,ismultiselectedenabled,isnextrow,isrevise,istotal,itemtype,label,maxlength,metadataproperty,metaid,metapath,modifiedtime,modifier,position,proid,refcode,refname,relatemeta,required,resid,showformula,textrows,ts,validateformula,visible,width)
            values('0001ZZZZ02f3f3986022','0001ZZZZ00eaf246bc5e','01675523-fa49-4965-b69a-d3f780ea7541','isuploadall','1','#111111',null,'~',32,null, null,null,null,null,null,'N',0,null,'N','N','N',null,'N','N','N','checkbox_switch','整体教学计划是否上传',28,NULL,'','isuploadall',null,'~',39,'b451d23b-8f2e-48c1-b58e-4ef2a1873d8b','/common-ref/','-99',null,'N',null,null,null,'2021-07-19 13:52:06',null,'Y',null);
            go
            insert into pub_form_property(pk_form_property,areaid,classid,code,colnum,color,creationtime,creator,datatype,dataval,defaultvalue,defaultvar,define1,define2,define3,disabled,dr,editformula,hyperlinkflag,iscode,isdefined,ismultiselectedenabled,isnextrow,isrevise,istotal,itemtype,label,maxlength,metadataproperty,metaid,metapath,modifiedtime,modifier,position,proid,refcode,refname,relatemeta,required,resid,showformula,textrows,ts,validateformula,visible,width)
            values('0001ZZZZ02f3f3986025','0001ZZZZ00eaf246bc5e','01675523-fa49-4965-b69a-d3f780ea7541','isuploadnow','1','#111111',null,'~',32,null, null,null,null,null,null,'N',0,null,'N','N','N',null,'N','N','N','checkbox_switch','本学期教学计划是否上传',28,NULL,'','isuploadnow',null,'~',40,'8174a3b8-dedf-40ed-8f9a-39b57e51a280','/common-ref/','-99',null,'N',null,null,null,'2021-07-19 13:52:06',null,'Y',null);
            go
            insert into pub_form_property(pk_form_property,areaid,classid,code,colnum,color,creationtime,creator,datatype,dataval,defaultvalue,defaultvar,define1,define2,define3,disabled,dr,editformula,hyperlinkflag,iscode,isdefined,ismultiselectedenabled,isnextrow,isrevise,istotal,itemtype,label,maxlength,metadataproperty,metaid,metapath,modifiedtime,modifier,position,proid,refcode,refname,relatemeta,required,resid,showformula,textrows,ts,validateformula,visible,width)
            values('0001ZZZZ02f3f3986026','0001ZZZZ00eaf246bc5e','01675523-fa49-4965-b69a-d3f780ea7541','srctrantype','1','#111111',null,'~',1,null, null,null,null,null,null,'N',0,null,'N','N','N',null,'N','N','N','input','来源交易类型',28,NULL,'','srctrantype',null,'~',30,'0f53426f-167d-43ee-a13b-797972df3f4b','/common-ref/','-99',null,'N',null,null,null,'2021-07-19 13:52:06',null,'Y',null);
            go
            insert into pub_form_property(pk_form_property,areaid,classid,code,colnum,color,creationtime,creator,datatype,dataval,defaultvalue,defaultvar,define1,define2,define3,disabled,dr,editformula,hyperlinkflag,iscode,isdefined,ismultiselectedenabled,isnextrow,isrevise,istotal,itemtype,label,maxlength,metadataproperty,metaid,metapath,modifiedtime,modifier,position,proid,refcode,refname,relatemeta,required,resid,showformula,textrows,ts,validateformula,visible,width)
            values('0001ZZZZ02f3f3986029','0001ZZZZ00eaf246bc5e','01675523-fa49-4965-b69a-d3f780ea7541','srccode','1','#111111',null,'~',1,null, null,null,null,null,null,'N',0,null,'N','N','N',null,'N','N','N','input','来源单据号',28,NULL,'','srccode',null,'~',26,'45d56e9e-042e-4c05-9288-761750c238ed','/common-ref/','-99',null,'N',null,null,null,'2021-07-19 13:52:06',null,'Y',null);
            go
            insert into pub_form_property(pk_form_property,areaid,classid,code,colnum,color,creationtime,creator,datatype,dataval,defaultvalue,defaultvar,define1,define2,define3,disabled,dr,editformula,hyperlinkflag,iscode,isdefined,ismultiselectedenabled,isnextrow,isrevise,istotal,itemtype,label,maxlength,metadataproperty,metaid,metapath,modifiedtime,modifier,position,proid,refcode,refname,relatemeta,required,resid,showformula,textrows,ts,validateformula,visible,width)
            values('0001ZZZZ02f3f3986031','0001ZZZZ00eaf246bc5e','01675523-fa49-4965-b69a-d3f780ea7541','srcbilltype','1','#111111',null,'~',1,null, null,null,null,null,null,'N',0,null,'N','N','N',null,'N','N','N','input','来源单据类型',28,NULL,'','srcbilltype',null,'~',24,'88f3b489-5a16-46e5-82fc-dcd114ca6892','/common-ref/','-99',null,'N',null,null,null,'2021-07-19 13:52:06',null,'Y',null);
            go
            insert into pub_form_property(pk_form_property,areaid,classid,code,colnum,color,creationtime,creator,datatype,dataval,defaultvalue,defaultvar,define1,define2,define3,disabled,dr,editformula,hyperlinkflag,iscode,isdefined,ismultiselectedenabled,isnextrow,isrevise,istotal,itemtype,label,maxlength,metadataproperty,metaid,metapath,modifiedtime,modifier,position,proid,refcode,refname,relatemeta,required,resid,showformula,textrows,ts,validateformula,visible,width)
            values('0001ZZZZ02f3f3986032','0001ZZZZ00eaf246bc5e','01675523-fa49-4965-b69a-d3f780ea7541','srcrowno','1','#111111',null,'~',1,null, null,null,null,null,null,'N',0,null,'N','N','N',null,'N','N','N','input','来源单据行号',28,NULL,'','srcrowno',null,'~',29,'d2963451-648a-40ec-b679-97f713a77811','/common-ref/','-99',null,'N',null,null,null,'2021-07-19 13:52:06',null,'Y',null);
            go
            insert into pub_form_property(pk_form_property,areaid,classid,code,colnum,color,creationtime,creator,datatype,dataval,defaultvalue,defaultvar,define1,define2,define3,disabled,dr,editformula,hyperlinkflag,iscode,isdefined,ismultiselectedenabled,isnextrow,isrevise,istotal,itemtype,label,maxlength,metadataproperty,metaid,metapath,modifiedtime,modifier,position,proid,refcode,refname,relatemeta,required,resid,showformula,textrows,ts,validateformula,visible,width)
            values('0001ZZZZ02f3f3986033','0001ZZZZ00eaf246bc5e','01675523-fa49-4965-b69a-d3f780ea7541','vfirsttrantype','1','#111111',null,'~',1,null, null,null,null,null,null,'N',0,null,'N','N','N',null,'N','N','N','input','源头交易类型',28,NULL,'','vfirsttrantype',null,'~',36,'4ba9b8d2-4383-4d86-a1e9-ea7d700fc774','/common-ref/','-99',null,'N',null,null,null,'2021-07-19 13:52:06',null,'Y',null);
            go
            insert into pub_form_property(pk_form_property,areaid,classid,code,colnum,color,creationtime,creator,datatype,dataval,defaultvalue,defaultvar,define1,define2,define3,disabled,dr,editformula,hyperlinkflag,iscode,isdefined,ismultiselectedenabled,isnextrow,isrevise,istotal,itemtype,label,maxlength,metadataproperty,metaid,metapath,modifiedtime,modifier,position,proid,refcode,refname,relatemeta,required,resid,showformula,textrows,ts,validateformula,visible,width)
            values('0001ZZZZ02f3f3986035','0001ZZZZ00eaf246bc5e','01675523-fa49-4965-b69a-d3f780ea7541','vfirstcode','1','#111111',null,'~',1,null, null,null,null,null,null,'N',0,null,'N','N','N',null,'N','N','N','input','源头单据号',28,NULL,'','vfirstcode',null,'~',32,'69c6d04d-c248-4678-8215-7c8e3c1c06b0','/common-ref/','-99',null,'N',null,null,null,'2021-07-19 13:52:06',null,'Y',null);
            go
            insert into pub_form_property(pk_form_property,areaid,classid,code,colnum,color,creationtime,creator,datatype,dataval,defaultvalue,defaultvar,define1,define2,define3,disabled,dr,editformula,hyperlinkflag,iscode,isdefined,ismultiselectedenabled,isnextrow,isrevise,istotal,itemtype,label,maxlength,metadataproperty,metaid,metapath,modifiedtime,modifier,position,proid,refcode,refname,relatemeta,required,resid,showformula,textrows,ts,validateformula,visible,width)
            values('0001ZZZZ02f3f3986037','0001ZZZZ00eaf246bc5e','01675523-fa49-4965-b69a-d3f780ea7541','vfirsttype','1','#111111',null,'~',1,null, null,null,null,null,null,'N',0,null,'N','N','N',null,'N','N','N','input','源头单据类型',28,NULL,'','vfirsttype',null,'~',31,'20f7d7ad-1da9-41f9-9bc2-11cb9c9af33f','/common-ref/','-99',null,'N',null,null,null,'2021-07-19 13:52:06',null,'Y',null);
            go
            insert into pub_form_property(pk_form_property,areaid,classid,code,colnum,color,creationtime,creator,datatype,dataval,defaultvalue,defaultvar,define1,define2,define3,disabled,dr,editformula,hyperlinkflag,iscode,isdefined,ismultiselectedenabled,isnextrow,isrevise,istotal,itemtype,label,maxlength,metadataproperty,metaid,metapath,modifiedtime,modifier,position,proid,refcode,refname,relatemeta,required,resid,showformula,textrows,ts,validateformula,visible,width)
            values('0001ZZZZ02f3f3986038','0001ZZZZ00eaf246bc5e','01675523-fa49-4965-b69a-d3f780ea7541','vfirstrowno','1','#111111',null,'~',1,null, null,null,null,null,null,'N',0,null,'N','N','N',null,'N','N','N','input','源头单据行号',28,NULL,'','vfirstrowno',null,'~',35,'fc550e56-3601-47c5-a254-730dff223e59','/common-ref/','-99',null,'N',null,null,null,'2021-07-19 13:52:06',null,'Y',null);
            go
            insert into pub_form_property(pk_form_property,areaid,classid,code,colnum,color,creationtime,creator,datatype,dataval,defaultvalue,defaultvar,define1,define2,define3,disabled,dr,editformula,hyperlinkflag,iscode,isdefined,ismultiselectedenabled,isnextrow,isrevise,istotal,itemtype,label,maxlength,metadataproperty,metaid,metapath,modifiedtime,modifier,position,proid,refcode,refname,relatemeta,required,resid,showformula,textrows,ts,validateformula,visible,width)
            values('0001ZZZZ02f3f3986039','0001ZZZZ00eaf246bc5e','01675523-fa49-4965-b69a-d3f780ea7541','pk_org','1','#111111',null,'~',204,'0001Z01000000001BVPS,code=N' , null,null,null,null,null,'N',0,null,'N','N','N',null,'N','N','N','refer','组织',28,'uap.org.name','','pk_org',null,'~',3,'3f96a923-fb73-4bfc-a647-2b566af83f12','uapbd/refer/org/BusinessUnitAndDeptTreeRef/index','业务单元及部门',null,'N',null,null,null,'2021-07-19 13:52:06',null,'Y',null);
            go
            insert into pub_form_property(pk_form_property,areaid,classid,code,colnum,color,creationtime,creator,datatype,dataval,defaultvalue,defaultvar,define1,define2,define3,disabled,dr,editformula,hyperlinkflag,iscode,isdefined,ismultiselectedenabled,isnextrow,isrevise,istotal,itemtype,label,maxlength,metadataproperty,metaid,metapath,modifiedtime,modifier,position,proid,refcode,refname,relatemeta,required,resid,showformula,textrows,ts,validateformula,visible,width)
            values('0001ZZZZ02f3f3986040','0001ZZZZ00eaf246bc5e','01675523-fa49-4965-b69a-d3f780ea7541','pk_org_v','1','#111111',null,'~',204,'' , null,null,null,null,null,'N',0,null,'N','N','N',null,'N','N','N','refer','组织版本',28,NULL,'','pk_org_v',null,'~',4,'b818d0a3-0f26-46c1-b294-9231882fd96c','uapbd/refer/orgv/BusinessUnitVersionDefaultAllTreeRef/index','业务单元版本(所有)',null,'N',null,null,null,'2021-07-19 13:52:06',null,'N',null);
            go
            insert into pub_form_property(pk_form_property,areaid,classid,code,colnum,color,creationtime,creator,datatype,dataval,defaultvalue,defaultvar,define1,define2,define3,disabled,dr,editformula,hyperlinkflag,iscode,isdefined,ismultiselectedenabled,isnextrow,isrevise,istotal,itemtype,label,maxlength,metadataproperty,metaid,metapath,modifiedtime,modifier,position,proid,refcode,refname,relatemeta,required,resid,showformula,textrows,ts,validateformula,visible,width)
            values('0001ZZZZ02f3f3986041','0001ZZZZ00eaf246bc5e','01675523-fa49-4965-b69a-d3f780ea7541','pk_group','1','#111111',null,'~',204,'0001Z010000000000ZKS,code=N' , null,null,null,null,null,'N',0,null,'N','N','N',null,'N','N','N','refer','集团',28,'uap.group.name','','pk_group',null,'~',2,'a85204fb-47e7-4449-9e21-8c6d298b0863','uap/refer/riart/groupTreeRef/index','集团',null,'N',null,null,null,'2021-07-19 13:52:06',null,'Y',null);
            go



















            insert into pub_form_property(pk_form_property,areaid,classid,code,colnum,color,creationtime,creator,datatype,dataval,defaultvalue,defaultvar,define1,define2,define3,disabled,dr,editformula,hyperlinkflag,iscode,isdefined,ismultiselectedenabled,isnextrow,isrevise,istotal,itemtype,label,maxlength,metadataproperty,metaid,metapath,modifiedtime,modifier,position,proid,refcode,refname,relatemeta,required,resid,showformula,textrows,ts,validateformula,visible,width)
            values('0001ZZZZd8ebae1a8000','0001ZZZZ675c77250947','01675523-fa49-4965-b69a-d3f780ea7541','isbuild','1','#111111',null,'~',32,null, null,null,null,null,null,'N',0,null,'N','N','N',null,'N','N','N','checkbox_switch','三群是否建立',28,NULL,'','isbuild',null,'~',38,'15d9cd7d-435e-4a79-aace-7b20f1b1209b','/common-ref/','-99',null,'N',null,null,null,'2021-07-19 13:52:06',null,'Y',null);
            go
            insert into pub_form_property(pk_form_property,areaid,classid,code,colnum,color,creationtime,creator,datatype,dataval,defaultvalue,defaultvar,define1,define2,define3,disabled,dr,editformula,hyperlinkflag,iscode,isdefined,ismultiselectedenabled,isnextrow,isrevise,istotal,itemtype,label,maxlength,metadataproperty,metaid,metapath,modifiedtime,modifier,position,proid,refcode,refname,relatemeta,required,resid,showformula,textrows,ts,validateformula,visible,width)
            values('0001ZZZZd8ebae1a8001','0001ZZZZ675c77250947','01675523-fa49-4965-b69a-d3f780ea7541','pk_busitype','1','#111111',null,'~',204,null, null,null,null,null,null,'N',0,null,'N','N','N',null,'N','N','N','refer','业务类型',28,NULL,'','pk_busitype',null,'~',8,'be9e0fd7-f00d-454c-addd-da88c092c9b7','uap/refer/riart/busitype/index','业务流程',null,'N',null,null,null,'2021-07-19 13:52:06',null,'Y',null);
            go
            insert into pub_form_property(pk_form_property,areaid,classid,code,colnum,color,creationtime,creator,datatype,dataval,defaultvalue,defaultvar,define1,define2,define3,disabled,dr,editformula,hyperlinkflag,iscode,isdefined,ismultiselectedenabled,isnextrow,isrevise,istotal,itemtype,label,maxlength,metadataproperty,metaid,metapath,modifiedtime,modifier,position,proid,refcode,refname,relatemeta,required,resid,showformula,textrows,ts,validateformula,visible,width)
            values('0001ZZZZd8ebae1a8002','0001ZZZZ675c77250947','01675523-fa49-4965-b69a-d3f780ea7541','pk_transtype','1','#111111',null,'~',204,null, null,null,null,null,null,'N',0,null,'N','N','N',null,'N','N','N','refer','交易类型',28,'uap.BilltypeVO.billtypename','','pk_transtype',null,'~',12,'257acf3d-cd67-4a40-b6da-761a2c119495','uap/refer/riart/transtype/index','影响因素交 易类型',null,'N',null,null,null,'2021-07-19 13:52:06',null,'Y',null);
            go
            insert into pub_form_property(pk_form_property,areaid,classid,code,colnum,color,creationtime,creator,datatype,dataval,defaultvalue,defaultvar,define1,define2,define3,disabled,dr,editformula,hyperlinkflag,iscode,isdefined,ismultiselectedenabled,isnextrow,isrevise,istotal,itemtype,label,maxlength,metadataproperty,metaid,metapath,modifiedtime,modifier,position,proid,refcode,refname,relatemeta,required,resid,showformula,textrows,ts,validateformula,visible,width)
            values('0001ZZZZd8ebae1a8003','0001ZZZZ675c77250947','01675523-fa49-4965-b69a-d3f780ea7541','transtypecode','1','#111111',null,'~',1,null, null,null,null,null,null,'N',0,null,'N','N','N',null,'N','N','N','input','交易类型编码',28,NULL,'','transtypecode',null,'~',11,'bd2a1c9c-f7e6-4be1-aa07-6774a5a3ad6e','/common-ref/','-99',null,'N',null,null,null,'2021-07-19 13:52:06',null,'Y',null);
            go
            insert into pub_form_property(pk_form_property,areaid,classid,code,colnum,color,creationtime,creator,datatype,dataval,defaultvalue,defaultvar,define1,define2,define3,disabled,dr,editformula,hyperlinkflag,iscode,isdefined,ismultiselectedenabled,isnextrow,isrevise,istotal,itemtype,label,maxlength,metadataproperty,metaid,metapath,modifiedtime,modifier,position,proid,refcode,refname,relatemeta,required,resid,showformula,textrows,ts,validateformula,visible,width)
            values('0001ZZZZ6c21666d4c4b','0001ZZZZ09787bab4249','01675523-fa49-4965-b69a-d3f780ea7541','modifier','1','#111111',null,'~',204,null, null,null,null,null,null,'N',0,null,'N','N','N',null,'N','N','N','refer','修改人',28,'uap.user.user_name','','modifier',null,'~',17,'1b5de704-9344-4919-9a97-f5ee910c6bef','uap/refer/riart/userDefaultRefer/index','用户',null,'N',null,null,null,'2021-07-19 13:52:06',null,'Y',null);
            go
            insert into pub_form_property(pk_form_property,areaid,classid,code,colnum,color,creationtime,creator,datatype,dataval,defaultvalue,defaultvar,define1,define2,define3,disabled,dr,editformula,hyperlinkflag,iscode,isdefined,ismultiselectedenabled,isnextrow,isrevise,istotal,itemtype,label,maxlength,metadataproperty,metaid,metapath,modifiedtime,modifier,position,proid,refcode,refname,relatemeta,required,resid,showformula,textrows,ts,validateformula,visible,width)
            values('0001ZZZZda3e3f3d0df7','0001ZZZZ09787bab4249','01675523-fa49-4965-b69a-d3f780ea7541','modifiedtime','1','#111111',null,'~',34,null, null,null,null,null,null,'N',0,null,'N','N','N',null,'N','N','N','datetimepicker','修改时间',28,NULL,'','modifiedtime',null,'~',18,'7cdc40a1-5035-4b25-854d-584b60694c7e','/common-ref/','-99',null,'N',null,null,null,'2021-07-19 13:52:06',null,'Y',null);
            go
            insert into pub_form_property(pk_form_property,areaid,classid,code,colnum,color,creationtime,creator,datatype,dataval,defaultvalue,defaultvar,define1,define2,define3,disabled,dr,editformula,hyperlinkflag,iscode,isdefined,ismultiselectedenabled,isnextrow,isrevise,istotal,itemtype,label,maxlength,metadataproperty,metaid,metapath,modifiedtime,modifier,position,proid,refcode,refname,relatemeta,required,resid,showformula,textrows,ts,validateformula,visible,width)
            values('0001ZZZZdf3802a08edb','0001ZZZZ09787bab4249','01675523-fa49-4965-b69a-d3f780ea7541','creator','1','#111111',null,'~',204,null, null,null,null,null,null,'N',0,null,'N','N','N',null,'N','N','N','refer','创建人',28,'uap.user.user_name','','creator',null,'~',15,'e12a92bd-d683-4bfc-be49-ecf988f39908','uap/refer/riart/userDefaultRefer/index','用户',null,'N',null,null,null,'2021-07-19 13:52:06',null,'Y',null);
            go
            insert into pub_form_property(pk_form_property,areaid,classid,code,colnum,color,creationtime,creator,datatype,dataval,defaultvalue,defaultvar,define1,define2,define3,disabled,dr,editformula,hyperlinkflag,iscode,isdefined,ismultiselectedenabled,isnextrow,isrevise,istotal,itemtype,label,maxlength,metadataproperty,metaid,metapath,modifiedtime,modifier,position,proid,refcode,refname,relatemeta,required,resid,showformula,textrows,ts,validateformula,visible,width)
            values('0001ZZZZa5255f6bd788','0001ZZZZ09787bab4249','01675523-fa49-4965-b69a-d3f780ea7541','creationtime','1','#111111',null,'~',34,null, null,null,null,null,null,'N',0,null,'N','N','N',null,'N','N','N','datetimepicker','创建时间',28,NULL,'','creationtime',null,'~',16,'bed5353b-ce60-4729-8140-97362246b2bc','/common-ref/','-99',null,'N',null,null,null,'2021-07-19 13:52:06',null,'Y',null);
            go
            insert into pub_form_property(pk_form_property,areaid,classid,code,colnum,color,creationtime,creator,datatype,dataval,defaultvalue,defaultvar,define1,define2,define3,disabled,dr,editformula,hyperlinkflag,iscode,isdefined,ismultiselectedenabled,isnextrow,isrevise,istotal,itemtype,label,maxlength,metadataproperty,metaid,metapath,modifiedtime,modifier,position,proid,refcode,refname,relatemeta,required,resid,showformula,textrows,ts,validateformula,visible,width)
            values('0001ZZZZd8ebae1a8008','0001ZZZZ675c77250947','01675523-fa49-4965-b69a-d3f780ea7541','billmaker','1','#111111',null,'~',204,null, null,null,null,null,null,'N',0,null,'N','N','N',null,'N','N','N','refer','制单人',28,'uap.user.user_name','','billmaker',null,'~',13,'e09f8c49-2c1a-46bb-9ced-9108a750ae3b','uap/refer/riart/userDefaultRefer/index','用户',null,'N',null,null,null,'2021-07-19 13:52:06',null,'Y',null);
            go
            insert into pub_form_property(pk_form_property,areaid,classid,code,colnum,color,creationtime,creator,datatype,dataval,defaultvalue,defaultvar,define1,define2,define3,disabled,dr,editformula,hyperlinkflag,iscode,isdefined,ismultiselectedenabled,isnextrow,isrevise,istotal,itemtype,label,maxlength,metadataproperty,metaid,metapath,modifiedtime,modifier,position,proid,refcode,refname,relatemeta,required,resid,showformula,textrows,ts,validateformula,visible,width)
            values('0001ZZZZd8ebae1a8009','0001ZZZZ675c77250947','01675523-fa49-4965-b69a-d3f780ea7541','maketime','1','#111111',null,'~',33,null, null,null,null,null,null,'N',0,null,'N','N','N',null,'N','N','N','datepicker','制单时间',28,NULL,'','maketime',null,'~',14,'30125341-0209-4c31-99ff-e6e0e206af90','/common-ref/','-99',null,'N',null,null,null,'2021-07-19 13:52:06',null,'Y',null);
            go
            insert into pub_form_property(pk_form_property,areaid,classid,code,colnum,color,creationtime,creator,datatype,dataval,defaultvalue,defaultvar,define1,define2,define3,disabled,dr,editformula,hyperlinkflag,iscode,isdefined,ismultiselectedenabled,isnextrow,isrevise,istotal,itemtype,label,maxlength,metadataproperty,metaid,metapath,modifiedtime,modifier,position,proid,refcode,refname,relatemeta,required,resid,showformula,textrows,ts,validateformula,visible,width)
            values('0001ZZZZd8ebae1a8010','0001ZZZZ675c77250947','01675523-fa49-4965-b69a-d3f780ea7541','bill_no','1','#111111',null,'~',1,null, null,null,null,null,null,'Y',0,null,'N','N','N',null,'N','N','N','input','单据号',28,NULL,'','bill_no',null,'~',7,'f04c0379-20e1-4f89-806d-b3626a06f430','/common-ref/','-99',null,'N',null,null,null,'2021-07-19 13:52:06',null,'Y',null);
            go
            insert into pub_form_property(pk_form_property,areaid,classid,code,colnum,color,creationtime,creator,datatype,dataval,defaultvalue,defaultvar,define1,define2,define3,disabled,dr,editformula,hyperlinkflag,iscode,isdefined,ismultiselectedenabled,isnextrow,isrevise,istotal,itemtype,label,maxlength,metadataproperty,metaid,metapath,modifiedtime,modifier,position,proid,refcode,refname,relatemeta,required,resid,showformula,textrows,ts,validateformula,visible,width)
            values('0001ZZZZd8ebae1a8011','0001ZZZZ675c77250947','01675523-fa49-4965-b69a-d3f780ea7541','dbilldate','1','#111111',null,'~',33,null, null,null,null,null,null,'N',0,null,'N','N','N',null,'N','N','N','datepicker','单据日期',28,NULL,'','dbilldate',null,'~',5,'26a7d59d-4c42-452a-88e3-b742c54e173f','/common-ref/','-99',null,'N',null,null,null,'2021-07-19 13:52:06',null,'Y',null);
            go
            insert into pub_form_property(pk_form_property,areaid,classid,code,colnum,color,creationtime,creator,datatype,dataval,defaultvalue,defaultvar,define1,define2,define3,disabled,dr,editformula,hyperlinkflag,iscode,isdefined,ismultiselectedenabled,isnextrow,isrevise,istotal,itemtype,label,maxlength,metadataproperty,metaid,metapath,modifiedtime,modifier,position,proid,refcode,refname,relatemeta,required,resid,showformula,textrows,ts,validateformula,visible,width)
            values('0001ZZZZd8ebae1a8012','0001ZZZZ675c77250947','01675523-fa49-4965-b69a-d3f780ea7541','billstatus','1','#111111',null,'~',203,'自由=-1,审批未通过=0,审批通过=1,审批进行中=2,提交=3','-1',null,null,null,null,'Y',0,null,'N','N','N',null,'N','N','N','select','单据状态',28,NULL,'','billstatus',null,'~',6,'0e762360-4c6d-4ee6-9795-5f4bafdd2a2e','/common-ref/','-99',null,'N',null,null,null,'2021-07-19 13:52:06',null,'Y',null);
            go
            insert into pub_form_property(pk_form_property,areaid,classid,code,colnum,color,creationtime,creator,datatype,dataval,defaultvalue,defaultvar,define1,define2,define3,disabled,dr,editformula,hyperlinkflag,iscode,isdefined,ismultiselectedenabled,isnextrow,isrevise,istotal,itemtype,label,maxlength,metadataproperty,metaid,metapath,modifiedtime,modifier,position,proid,refcode,refname,relatemeta,required,resid,showformula,textrows,ts,validateformula,visible,width)
            values('0001ZZZZd8ebae1a8013','0001ZZZZ675c77250947','01675523-fa49-4965-b69a-d3f780ea7541','pk_billtypeid','1','#111111',null,'~',204,null, null,null,null,null,null,'N',0,null,'N','N','N',null,'N','N','N','refer','单据类型',28,'uap.BilltypeVO.billtypename','','pk_billtypeid',null,'~',9,'3783f55f-b33d-46af-bac4-a57a5a2ba033','uap/refer/riart/billtype/index','影响因素单据类型',null,'N',null,null,null,'2021-07-19 13:52:06',null,'Y',null);
            go
            insert into pub_form_property(pk_form_property,areaid,classid,code,colnum,color,creationtime,creator,datatype,dataval,defaultvalue,defaultvar,define1,define2,define3,disabled,dr,editformula,hyperlinkflag,iscode,isdefined,ismultiselectedenabled,isnextrow,isrevise,istotal,itemtype,label,maxlength,metadataproperty,metaid,metapath,modifiedtime,modifier,position,proid,refcode,refname,relatemeta,required,resid,showformula,textrows,ts,validateformula,visible,width)
            values('0001ZZZZd8ebae1a8014','0001ZZZZ675c77250947','01675523-fa49-4965-b69a-d3f780ea7541','billtype','1','#111111',null,'~',1,null, null,null,null,null,null,'N',0,null,'N','N','N',null,'N','N','N','input','单据类型编码',28,NULL,'','billtype',null,'~',10,'121427d4-0ba8-4490-99cb-3dd626d7cd38','/common-ref/','-99',null,'N',null,null,null,'2021-07-19 13:52:06',null,'Y',null);
            go
            insert into pub_form_property(pk_form_property,areaid,classid,code,colnum,color,creationtime,creator,datatype,dataval,defaultvalue,defaultvar,define1,define2,define3,disabled,dr,editformula,hyperlinkflag,iscode,isdefined,ismultiselectedenabled,isnextrow,isrevise,istotal,itemtype,label,maxlength,metadataproperty,metaid,metapath,modifiedtime,modifier,position,proid,refcode,refname,relatemeta,required,resid,showformula,textrows,ts,validateformula,visible,width)
            values('0001ZZZZd8ebae1a8015','0001ZZZZ675c77250947','01675523-fa49-4965-b69a-d3f780ea7541','vnote','1','#111111',null,'~',1,null, null,null,null,null,null,'N',0,null,'N','N','N',null,'N','N','N','input','备注',28,NULL,'','vnote',null,'~',23,'3d659669-db93-467d-9e71-54b5d7a9ca70','/common-ref/','-99',null,'N',null,null,null,'2021-07-19 13:52:06',null,'Y',null);
            go
            insert into pub_form_property(pk_form_property,areaid,classid,code,colnum,color,creationtime,creator,datatype,dataval,defaultvalue,defaultvar,define1,define2,define3,disabled,dr,editformula,hyperlinkflag,iscode,isdefined,ismultiselectedenabled,isnextrow,isrevise,istotal,itemtype,label,maxlength,metadataproperty,metaid,metapath,modifiedtime,modifier,position,proid,refcode,refname,relatemeta,required,resid,showformula,textrows,ts,validateformula,visible,width)
            values('0001ZZZZd8ebae1a8016','0001ZZZZ675c77250947','01675523-fa49-4965-b69a-d3f780ea7541','ismaintain','1','#111111',null,'~',32,null, null,null,null,null,null,'N',0,null,'N','N','N',null,'N','N','N','checkbox_switch','学生进班英语成绩是否维护',28,NULL,'','ismaintain',null,'~',41,'5c510d15-9c4a-48da-89d8-6f5898d6f20d','/common-ref/','-99',null,'N',null,null,null,'2021-07-19 13:52:06',null,'Y',null);
            go
            insert into pub_form_property(pk_form_property,areaid,classid,code,colnum,color,creationtime,creator,datatype,dataval,defaultvalue,defaultvar,define1,define2,define3,disabled,dr,editformula,hyperlinkflag,iscode,isdefined,ismultiselectedenabled,isnextrow,isrevise,istotal,itemtype,label,maxlength,metadataproperty,metaid,metapath,modifiedtime,modifier,position,proid,refcode,refname,relatemeta,required,resid,showformula,textrows,ts,validateformula,visible,width)
            values('0001ZZZZ7aea364af3ce','0001ZZZZ09787bab4249','01675523-fa49-4965-b69a-d3f780ea7541','approver','1','#111111',null,'~',204,null, null,null,null,null,null,'N',0,null,'N','N','N',null,'N','N','N','refer','审批人',28,'uap.user.user_name','','approver',null,'~',19,'94b36209-c098-4e3d-be24-bf27ed376a88','uap/refer/riart/userDefaultRefer/index','用户',null,'N',null,null,null,'2021-07-19 13:52:06',null,'Y',null);
            go
            insert into pub_form_property(pk_form_property,areaid,classid,code,colnum,color,creationtime,creator,datatype,dataval,defaultvalue,defaultvar,define1,define2,define3,disabled,dr,editformula,hyperlinkflag,iscode,isdefined,ismultiselectedenabled,isnextrow,isrevise,istotal,itemtype,label,maxlength,metadataproperty,metaid,metapath,modifiedtime,modifier,position,proid,refcode,refname,relatemeta,required,resid,showformula,textrows,ts,validateformula,visible,width)
            values('0001ZZZZ025f8eb54347','0001ZZZZ09787bab4249','01675523-fa49-4965-b69a-d3f780ea7541','approvenote','1','#111111',null,'~',1,null, null,null,null,null,null,'N',0,null,'N','N','N',null,'N','N','N','input','审批批语',28,NULL,'','approvenote',null,'~',21,'a1c72179-7ff0-4c42-a800-2928876630c7','/common-ref/','-99',null,'N',null,null,null,'2021-07-19 13:52:06',null,'Y',null);
            go
            insert into pub_form_property(pk_form_property,areaid,classid,code,colnum,color,creationtime,creator,datatype,dataval,defaultvalue,defaultvar,define1,define2,define3,disabled,dr,editformula,hyperlinkflag,iscode,isdefined,ismultiselectedenabled,isnextrow,isrevise,istotal,itemtype,label,maxlength,metadataproperty,metaid,metapath,modifiedtime,modifier,position,proid,refcode,refname,relatemeta,required,resid,showformula,textrows,ts,validateformula,visible,width)
            values('0001ZZZZfac779f09ae6','0001ZZZZ09787bab4249','01675523-fa49-4965-b69a-d3f780ea7541','approvedate','1','#111111',null,'~',34,null, null,null,null,null,null,'N',0,null,'N','N','N',null,'N','N','N','datetimepicker','审批时间',28,NULL,'','approvedate',null,'~',22,'ba72108f-1371-4ece-b742-2bc9fcfc62c9','/common-ref/','-99',null,'N',null,null,null,'2021-07-19 13:52:06',null,'Y',null);
            go
            insert into pub_form_property(pk_form_property,areaid,classid,code,colnum,color,creationtime,creator,datatype,dataval,defaultvalue,defaultvar,define1,define2,define3,disabled,dr,editformula,hyperlinkflag,iscode,isdefined,ismultiselectedenabled,isnextrow,isrevise,istotal,itemtype,label,maxlength,metadataproperty,metaid,metapath,modifiedtime,modifier,position,proid,refcode,refname,relatemeta,required,resid,showformula,textrows,ts,validateformula,visible,width)
            values('0001ZZZZd8ebae1a8020','0001ZZZZ675c77250947','01675523-fa49-4965-b69a-d3f780ea7541','approvestatus','1','#111111',null,'~',203,'自由=-1,审批未通过=0,审批通过=1,审批进行中=2,提交=3', null,null,null,null,null,'N',0,null,'N','N','N',null,'N','N','N','select','审批状态',28,NULL,'','approvestatus',null,'~',20,'b15c7f25-cb80-4130-a94e-ff6c657c454d','/common-ref/','-99',null,'N',null,null,null,'2021-07-19 13:52:06',null,'Y',null);
            go
            insert into pub_form_property(pk_form_property,areaid,classid,code,colnum,color,creationtime,creator,datatype,dataval,defaultvalue,defaultvar,define1,define2,define3,disabled,dr,editformula,hyperlinkflag,iscode,isdefined,ismultiselectedenabled,isnextrow,isrevise,istotal,itemtype,label,maxlength,metadataproperty,metaid,metapath,modifiedtime,modifier,position,proid,refcode,refname,relatemeta,required,resid,showformula,textrows,ts,validateformula,visible,width)
            values('0001ZZZZd8ebae1a8021','0001ZZZZ675c77250947','01675523-fa49-4965-b69a-d3f780ea7541','isapply','1','#111111',null,'~',32,null, null,null,null,null,null,'N',0,null,'N','N','N',null,'N','N','N','checkbox_switch','教材是否申领',28,NULL,'','isapply',null,'~',37,'4e7444c4-db9f-489d-9f6c-f4f749d6984c','/common-ref/','-99',null,'N',null,null,null,'2021-07-19 13:52:06',null,'Y',null);
            go
            insert into pub_form_property(pk_form_property,areaid,classid,code,colnum,color,creationtime,creator,datatype,dataval,defaultvalue,defaultvar,define1,define2,define3,disabled,dr,editformula,hyperlinkflag,iscode,isdefined,ismultiselectedenabled,isnextrow,isrevise,istotal,itemtype,label,maxlength,metadataproperty,metaid,metapath,modifiedtime,modifier,position,proid,refcode,refname,relatemeta,required,resid,showformula,textrows,ts,validateformula,visible,width)
            values('0001ZZZZd8ebae1a8022','0001ZZZZ675c77250947','01675523-fa49-4965-b69a-d3f780ea7541','isuploadall','1','#111111',null,'~',32,null, null,null,null,null,null,'N',0,null,'N','N','N',null,'N','N','N','checkbox_switch','整体教学计划是否上传',28,NULL,'','isuploadall',null,'~',39,'ae1d44fb-ddf4-4da0-b3de-c054cc0923b5','/common-ref/','-99',null,'N',null,null,null,'2021-07-19 13:52:06',null,'Y',null);
            go
            insert into pub_form_property(pk_form_property,areaid,classid,code,colnum,color,creationtime,creator,datatype,dataval,defaultvalue,defaultvar,define1,define2,define3,disabled,dr,editformula,hyperlinkflag,iscode,isdefined,ismultiselectedenabled,isnextrow,isrevise,istotal,itemtype,label,maxlength,metadataproperty,metaid,metapath,modifiedtime,modifier,position,proid,refcode,refname,relatemeta,required,resid,showformula,textrows,ts,validateformula,visible,width)
            values('0001ZZZZd8ebae1a8025','0001ZZZZ675c77250947','01675523-fa49-4965-b69a-d3f780ea7541','isuploadnow','1','#111111',null,'~',32,null, null,null,null,null,null,'N',0,null,'N','N','N',null,'N','N','N','checkbox_switch','本学期教学计划是否上传',28,NULL,'','isuploadnow',null,'~',40,'ee571f09-8027-4400-ba3e-aae8798c0bd2','/common-ref/','-99',null,'N',null,null,null,'2021-07-19 13:52:06',null,'Y',null);
            go
            insert into pub_form_property(pk_form_property,areaid,classid,code,colnum,color,creationtime,creator,datatype,dataval,defaultvalue,defaultvar,define1,define2,define3,disabled,dr,editformula,hyperlinkflag,iscode,isdefined,ismultiselectedenabled,isnextrow,isrevise,istotal,itemtype,label,maxlength,metadataproperty,metaid,metapath,modifiedtime,modifier,position,proid,refcode,refname,relatemeta,required,resid,showformula,textrows,ts,validateformula,visible,width)
            values('0001ZZZZd8ebae1a8026','0001ZZZZ675c77250947','01675523-fa49-4965-b69a-d3f780ea7541','srctrantype','1','#111111',null,'~',1,null, null,null,null,null,null,'N',0,null,'N','N','N',null,'N','N','N','input','来源交易类型',28,NULL,'','srctrantype',null,'~',30,'ef3da962-edb6-4dcb-9027-07f7b067b571','/common-ref/','-99',null,'N',null,null,null,'2021-07-19 13:52:06',null,'Y',null);
            go
            insert into pub_form_property(pk_form_property,areaid,classid,code,colnum,color,creationtime,creator,datatype,dataval,defaultvalue,defaultvar,define1,define2,define3,disabled,dr,editformula,hyperlinkflag,iscode,isdefined,ismultiselectedenabled,isnextrow,isrevise,istotal,itemtype,label,maxlength,metadataproperty,metaid,metapath,modifiedtime,modifier,position,proid,refcode,refname,relatemeta,required,resid,showformula,textrows,ts,validateformula,visible,width)
            values('0001ZZZZd8ebae1a8029','0001ZZZZ675c77250947','01675523-fa49-4965-b69a-d3f780ea7541','srccode','1','#111111',null,'~',1,null, null,null,null,null,null,'N',0,null,'N','N','N',null,'N','N','N','input','来源单据号',28,NULL,'','srccode',null,'~',26,'8a9fa6dd-1462-4a54-85da-9d9b215c9991','/common-ref/','-99',null,'N',null,null,null,'2021-07-19 13:52:06',null,'Y',null);
            go
            insert into pub_form_property(pk_form_property,areaid,classid,code,colnum,color,creationtime,creator,datatype,dataval,defaultvalue,defaultvar,define1,define2,define3,disabled,dr,editformula,hyperlinkflag,iscode,isdefined,ismultiselectedenabled,isnextrow,isrevise,istotal,itemtype,label,maxlength,metadataproperty,metaid,metapath,modifiedtime,modifier,position,proid,refcode,refname,relatemeta,required,resid,showformula,textrows,ts,validateformula,visible,width)
            values('0001ZZZZd8ebae1a8031','0001ZZZZ675c77250947','01675523-fa49-4965-b69a-d3f780ea7541','srcbilltype','1','#111111',null,'~',1,null, null,null,null,null,null,'N',0,null,'N','N','N',null,'N','N','N','input','来源单据类型',28,NULL,'','srcbilltype',null,'~',24,'cf9e4f41-9e2a-4d8d-97af-a7f6e0a48751','/common-ref/','-99',null,'N',null,null,null,'2021-07-19 13:52:06',null,'Y',null);
            go
            insert into pub_form_property(pk_form_property,areaid,classid,code,colnum,color,creationtime,creator,datatype,dataval,defaultvalue,defaultvar,define1,define2,define3,disabled,dr,editformula,hyperlinkflag,iscode,isdefined,ismultiselectedenabled,isnextrow,isrevise,istotal,itemtype,label,maxlength,metadataproperty,metaid,metapath,modifiedtime,modifier,position,proid,refcode,refname,relatemeta,required,resid,showformula,textrows,ts,validateformula,visible,width)
            values('0001ZZZZd8ebae1a8032','0001ZZZZ675c77250947','01675523-fa49-4965-b69a-d3f780ea7541','srcrowno','1','#111111',null,'~',1,null, null,null,null,null,null,'N',0,null,'N','N','N',null,'N','N','N','input','来源单据行号',28,NULL,'','srcrowno',null,'~',29,'30b10da5-9de1-4145-b264-af270d092980','/common-ref/','-99',null,'N',null,null,null,'2021-07-19 13:52:06',null,'Y',null);
            go
            insert into pub_form_property(pk_form_property,areaid,classid,code,colnum,color,creationtime,creator,datatype,dataval,defaultvalue,defaultvar,define1,define2,define3,disabled,dr,editformula,hyperlinkflag,iscode,isdefined,ismultiselectedenabled,isnextrow,isrevise,istotal,itemtype,label,maxlength,metadataproperty,metaid,metapath,modifiedtime,modifier,position,proid,refcode,refname,relatemeta,required,resid,showformula,textrows,ts,validateformula,visible,width)
            values('0001ZZZZd8ebae1a8033','0001ZZZZ675c77250947','01675523-fa49-4965-b69a-d3f780ea7541','vfirsttrantype','1','#111111',null,'~',1,null, null,null,null,null,null,'N',0,null,'N','N','N',null,'N','N','N','input','源头交易类型',28,NULL,'','vfirsttrantype',null,'~',36,'f82afa0d-f920-4fc1-bd65-836cd10fd8e8','/common-ref/','-99',null,'N',null,null,null,'2021-07-19 13:52:06',null,'Y',null);
            go
            insert into pub_form_property(pk_form_property,areaid,classid,code,colnum,color,creationtime,creator,datatype,dataval,defaultvalue,defaultvar,define1,define2,define3,disabled,dr,editformula,hyperlinkflag,iscode,isdefined,ismultiselectedenabled,isnextrow,isrevise,istotal,itemtype,label,maxlength,metadataproperty,metaid,metapath,modifiedtime,modifier,position,proid,refcode,refname,relatemeta,required,resid,showformula,textrows,ts,validateformula,visible,width)
            values('0001ZZZZd8ebae1a8035','0001ZZZZ675c77250947','01675523-fa49-4965-b69a-d3f780ea7541','vfirstcode','1','#111111',null,'~',1,null, null,null,null,null,null,'N',0,null,'N','N','N',null,'N','N','N','input','源头单据号',28,NULL,'','vfirstcode',null,'~',32,'11510bff-d63f-44b9-b473-cd57eb4c33ae','/common-ref/','-99',null,'N',null,null,null,'2021-07-19 13:52:06',null,'Y',null);
            go
            insert into pub_form_property(pk_form_property,areaid,classid,code,colnum,color,creationtime,creator,datatype,dataval,defaultvalue,defaultvar,define1,define2,define3,disabled,dr,editformula,hyperlinkflag,iscode,isdefined,ismultiselectedenabled,isnextrow,isrevise,istotal,itemtype,label,maxlength,metadataproperty,metaid,metapath,modifiedtime,modifier,position,proid,refcode,refname,relatemeta,required,resid,showformula,textrows,ts,validateformula,visible,width)
            values('0001ZZZZd8ebae1a8037','0001ZZZZ675c77250947','01675523-fa49-4965-b69a-d3f780ea7541','vfirsttype','1','#111111',null,'~',1,null, null,null,null,null,null,'N',0,null,'N','N','N',null,'N','N','N','input','源头单据类型',28,NULL,'','vfirsttype',null,'~',31,'3adb86e6-fbd1-4826-9016-11779bd8366c','/common-ref/','-99',null,'N',null,null,null,'2021-07-19 13:52:06',null,'Y',null);
            go
            insert into pub_form_property(pk_form_property,areaid,classid,code,colnum,color,creationtime,creator,datatype,dataval,defaultvalue,defaultvar,define1,define2,define3,disabled,dr,editformula,hyperlinkflag,iscode,isdefined,ismultiselectedenabled,isnextrow,isrevise,istotal,itemtype,label,maxlength,metadataproperty,metaid,metapath,modifiedtime,modifier,position,proid,refcode,refname,relatemeta,required,resid,showformula,textrows,ts,validateformula,visible,width)
            values('0001ZZZZd8ebae1a8038','0001ZZZZ675c77250947','01675523-fa49-4965-b69a-d3f780ea7541','vfirstrowno','1','#111111',null,'~',1,null, null,null,null,null,null,'N',0,null,'N','N','N',null,'N','N','N','input','源头单据行号',28,NULL,'','vfirstrowno',null,'~',35,'2e3e7cb6-ab2c-479c-8cf6-148ad959fe0c','/common-ref/','-99',null,'N',null,null,null,'2021-07-19 13:52:06',null,'Y',null);
            go
            insert into pub_form_property(pk_form_property,areaid,classid,code,colnum,color,creationtime,creator,datatype,dataval,defaultvalue,defaultvar,define1,define2,define3,disabled,dr,editformula,hyperlinkflag,iscode,isdefined,ismultiselectedenabled,isnextrow,isrevise,istotal,itemtype,label,maxlength,metadataproperty,metaid,metapath,modifiedtime,modifier,position,proid,refcode,refname,relatemeta,required,resid,showformula,textrows,ts,validateformula,visible,width)
            values('0001ZZZZd8ebae1a8039','0001ZZZZ675c77250947','01675523-fa49-4965-b69a-d3f780ea7541','pk_org','1','#111111',null,'~',204,null, null,null,null,null,null,'N',0,null,'N','N','N',null,'N','N','N','refer','组织',28,'uap.org.name','','pk_org',null,'~',3,'5072c35d-5bbb-4699-a729-baab0fab1e74','uapbd/refer/org/BusinessUnitAndDeptTreeRef/index','业务单元及部门',null,'N',null,null,null,'2021-07-19 13:52:06',null,'Y',null);
            go
            insert into pub_form_property(pk_form_property,areaid,classid,code,colnum,color,creationtime,creator,datatype,dataval,defaultvalue,defaultvar,define1,define2,define3,disabled,dr,editformula,hyperlinkflag,iscode,isdefined,ismultiselectedenabled,isnextrow,isrevise,istotal,itemtype,label,maxlength,metadataproperty,metaid,metapath,modifiedtime,modifier,position,proid,refcode,refname,relatemeta,required,resid,showformula,textrows,ts,validateformula,visible,width)
            values('0001ZZZZd8ebae1a8040','0001ZZZZ675c77250947','01675523-fa49-4965-b69a-d3f780ea7541','pk_org_v','1','#111111',null,'~',204,null, null,null,null,null,null,'N',0,null,'N','N','N',null,'N','N','N','refer','组织版本',28,NULL,'','pk_org_v',null,'~',4,'ba25b9d8-a613-4ed2-a0eb-6fcc2bb129b3','uapbd/refer/orgv/BusinessUnitVersionDefaultAllTreeRef/index','业务单元版本(所有)',null,'N',null,null,null,'2021-07-19 13:52:06',null,'N',null);
            go
            insert into pub_form_property(pk_form_property,areaid,classid,code,colnum,color,creationtime,creator,datatype,dataval,defaultvalue,defaultvar,define1,define2,define3,disabled,dr,editformula,hyperlinkflag,iscode,isdefined,ismultiselectedenabled,isnextrow,isrevise,istotal,itemtype,label,maxlength,metadataproperty,metaid,metapath,modifiedtime,modifier,position,proid,refcode,refname,relatemeta,required,resid,showformula,textrows,ts,validateformula,visible,width)
            values('0001ZZZZd8ebae1a8041','0001ZZZZ675c77250947','01675523-fa49-4965-b69a-d3f780ea7541','pk_group','1','#111111',null,'~',204,null, null,null,null,null,null,'N',0,null,'N','N','N',null,'N','N','N','refer','集团',28,'uap.group.name','','pk_group',null,'~',2,'69ea634a-6d50-433d-b131-014ff470bbb1','uap/refer/riart/groupTreeRef/index','集团',null,'N',null,null,null,'2021-07-19 13:52:06',null,'Y',null);
            go













            insert into pub_form_property(pk_form_property,areaid,classid,code,colnum,color,creationtime,creator,datatype,dataval,defaultvalue,defaultvar,define1,define2,define3,disabled,dr,editformula,hyperlinkflag,iscode,isdefined,ismultiselectedenabled,isnextrow,isrevise,istotal,itemtype,label,maxlength,metadataproperty,metaid,metapath,modifiedtime,modifier,position,proid,refcode,refname,relatemeta,required,resid,showformula,textrows,ts,validateformula,visible,width)
            values('0001ZZZZ8cf9779d6000','0001ZZZZ4a4f56b12dea','01675523-fa49-4965-b69a-d3f780ea7541','isbuild','1','#111111',null,'~',32,null, null,null,null,null,null,'N',0,null,'N','N','N',null,'N','N','N','checkbox_switch','三群是否建立',28,NULL,'','isbuild',null,'~',38,'cb68ffca-7dfa-408e-98eb-bc86682b5e57','/common-ref/','-99',null,'N',null,null,null,'2021-07-19 13:52:06',null,'Y',null);
            go
            insert into pub_form_property(pk_form_property,areaid,classid,code,colnum,color,creationtime,creator,datatype,dataval,defaultvalue,defaultvar,define1,define2,define3,disabled,dr,editformula,hyperlinkflag,iscode,isdefined,ismultiselectedenabled,isnextrow,isrevise,istotal,itemtype,label,maxlength,metadataproperty,metaid,metapath,modifiedtime,modifier,position,proid,refcode,refname,relatemeta,required,resid,showformula,textrows,ts,validateformula,visible,width)
            values('0001ZZZZ8cf9779d6001','0001ZZZZ4a4f56b12dea','01675523-fa49-4965-b69a-d3f780ea7541','pk_busitype','1','#111111',null,'~',204,null, null,null,null,null,null,'N',0,null,'N','N','N',null,'N','N','N','refer','业务类型',28,NULL,'','pk_busitype',null,'~',8,'5469e03d-3958-455e-a90c-5b374652c098','uap/refer/riart/busitype/index','业务流程',null,'N',null,null,null,'2021-07-19 13:52:06',null,'Y',null);
            go
            insert into pub_form_property(pk_form_property,areaid,classid,code,colnum,color,creationtime,creator,datatype,dataval,defaultvalue,defaultvar,define1,define2,define3,disabled,dr,editformula,hyperlinkflag,iscode,isdefined,ismultiselectedenabled,isnextrow,isrevise,istotal,itemtype,label,maxlength,metadataproperty,metaid,metapath,modifiedtime,modifier,position,proid,refcode,refname,relatemeta,required,resid,showformula,textrows,ts,validateformula,visible,width)
            values('0001ZZZZ8cf9779d6002','0001ZZZZ4a4f56b12dea','01675523-fa49-4965-b69a-d3f780ea7541','pk_transtype','1','#111111',null,'~',204,null, null,null,null,null,null,'N',0,null,'N','N','N',null,'N','N','N','refer','交易类型',28,'uap.BilltypeVO.billtypename','','pk_transtype',null,'~',12,'d7d45c16-5679-4393-8622-6001ac755e06','uap/refer/riart/transtype/index','影响因素交 易类型',null,'N',null,null,null,'2021-07-19 13:52:06',null,'Y',null);
            go
            insert into pub_form_property(pk_form_property,areaid,classid,code,colnum,color,creationtime,creator,datatype,dataval,defaultvalue,defaultvar,define1,define2,define3,disabled,dr,editformula,hyperlinkflag,iscode,isdefined,ismultiselectedenabled,isnextrow,isrevise,istotal,itemtype,label,maxlength,metadataproperty,metaid,metapath,modifiedtime,modifier,position,proid,refcode,refname,relatemeta,required,resid,showformula,textrows,ts,validateformula,visible,width)
            values('0001ZZZZ8cf9779d6003','0001ZZZZ4a4f56b12dea','01675523-fa49-4965-b69a-d3f780ea7541','transtypecode','1','#111111',null,'~',1,null, null,null,null,null,null,'N',0,null,'N','N','N',null,'N','N','N','input','交易类型编码',28,NULL,'','transtypecode',null,'~',11,'f4ff7d48-c5ea-4181-9921-39a6a19e5536','/common-ref/','-99',null,'N',null,null,null,'2021-07-19 13:52:06',null,'Y',null);
            go
            insert into pub_form_property(pk_form_property,areaid,classid,code,colnum,color,creationtime,creator,datatype,dataval,defaultvalue,defaultvar,define1,define2,define3,disabled,dr,editformula,hyperlinkflag,iscode,isdefined,ismultiselectedenabled,isnextrow,isrevise,istotal,itemtype,label,maxlength,metadataproperty,metaid,metapath,modifiedtime,modifier,position,proid,refcode,refname,relatemeta,required,resid,showformula,textrows,ts,validateformula,visible,width)
            values('0001ZZZZ60de5291d86f','0001ZZZZ9cf96d5ef12c','01675523-fa49-4965-b69a-d3f780ea7541','modifier','1','#111111',null,'~',204,null, null,null,null,null,null,'N',0,null,'N','N','N',null,'N','N','N','refer','修改人',28,'uap.user.user_name','','modifier',null,'~',17,'8dc13303-f266-48f8-8d4a-92cfddf0eb33','uap/refer/riart/userDefaultRefer/index','用户',null,'N',null,null,null,'2021-07-19 13:52:06',null,'Y',null);
            go
            insert into pub_form_property(pk_form_property,areaid,classid,code,colnum,color,creationtime,creator,datatype,dataval,defaultvalue,defaultvar,define1,define2,define3,disabled,dr,editformula,hyperlinkflag,iscode,isdefined,ismultiselectedenabled,isnextrow,isrevise,istotal,itemtype,label,maxlength,metadataproperty,metaid,metapath,modifiedtime,modifier,position,proid,refcode,refname,relatemeta,required,resid,showformula,textrows,ts,validateformula,visible,width)
            values('0001ZZZZ2893f213a7d3','0001ZZZZ9cf96d5ef12c','01675523-fa49-4965-b69a-d3f780ea7541','modifiedtime','1','#111111',null,'~',34,null, null,null,null,null,null,'N',0,null,'N','N','N',null,'N','N','N','datetimepicker','修改时间',28,NULL,'','modifiedtime',null,'~',18,'63269313-85c1-458e-94e6-03f8d5eabda7','/common-ref/','-99',null,'N',null,null,null,'2021-07-19 13:52:06',null,'Y',null);
            go
            insert into pub_form_property(pk_form_property,areaid,classid,code,colnum,color,creationtime,creator,datatype,dataval,defaultvalue,defaultvar,define1,define2,define3,disabled,dr,editformula,hyperlinkflag,iscode,isdefined,ismultiselectedenabled,isnextrow,isrevise,istotal,itemtype,label,maxlength,metadataproperty,metaid,metapath,modifiedtime,modifier,position,proid,refcode,refname,relatemeta,required,resid,showformula,textrows,ts,validateformula,visible,width)
            values('0001ZZZZbe0e30a0bfc7','0001ZZZZ9cf96d5ef12c','01675523-fa49-4965-b69a-d3f780ea7541','creator','1','#111111',null,'~',204,null, null,null,null,null,null,'N',0,null,'N','N','N',null,'N','N','N','refer','创建人',28,'uap.user.user_name','','creator',null,'~',15,'29fbadde-4aea-4fcb-aed7-3508f3e20db6','uap/refer/riart/userDefaultRefer/index','用户',null,'N',null,null,null,'2021-07-19 13:52:06',null,'Y',null);
            go
            insert into pub_form_property(pk_form_property,areaid,classid,code,colnum,color,creationtime,creator,datatype,dataval,defaultvalue,defaultvar,define1,define2,define3,disabled,dr,editformula,hyperlinkflag,iscode,isdefined,ismultiselectedenabled,isnextrow,isrevise,istotal,itemtype,label,maxlength,metadataproperty,metaid,metapath,modifiedtime,modifier,position,proid,refcode,refname,relatemeta,required,resid,showformula,textrows,ts,validateformula,visible,width)
            values('0001ZZZZ02732c61cb32','0001ZZZZ9cf96d5ef12c','01675523-fa49-4965-b69a-d3f780ea7541','creationtime','1','#111111',null,'~',34,null, null,null,null,null,null,'N',0,null,'N','N','N',null,'N','N','N','datetimepicker','创建时间',28,NULL,'','creationtime',null,'~',16,'87ff0d23-8f0d-46d8-acd6-234325c63b34','/common-ref/','-99',null,'N',null,null,null,'2021-07-19 13:52:06',null,'Y',null);
            go
            insert into pub_form_property(pk_form_property,areaid,classid,code,colnum,color,creationtime,creator,datatype,dataval,defaultvalue,defaultvar,define1,define2,define3,disabled,dr,editformula,hyperlinkflag,iscode,isdefined,ismultiselectedenabled,isnextrow,isrevise,istotal,itemtype,label,maxlength,metadataproperty,metaid,metapath,modifiedtime,modifier,position,proid,refcode,refname,relatemeta,required,resid,showformula,textrows,ts,validateformula,visible,width)
            values('0001ZZZZ8cf9779d6008','0001ZZZZ4a4f56b12dea','01675523-fa49-4965-b69a-d3f780ea7541','billmaker','1','#111111',null,'~',204,null, null,null,null,null,null,'N',0,null,'N','N','N',null,'N','N','N','refer','制单人',28,'uap.user.user_name','','billmaker',null,'~',13,'cbf2db9f-6660-4e87-a055-b264579c8f9d','uap/refer/riart/userDefaultRefer/index','用户',null,'N',null,null,null,'2021-07-19 13:52:06',null,'Y',null);
            go
            insert into pub_form_property(pk_form_property,areaid,classid,code,colnum,color,creationtime,creator,datatype,dataval,defaultvalue,defaultvar,define1,define2,define3,disabled,dr,editformula,hyperlinkflag,iscode,isdefined,ismultiselectedenabled,isnextrow,isrevise,istotal,itemtype,label,maxlength,metadataproperty,metaid,metapath,modifiedtime,modifier,position,proid,refcode,refname,relatemeta,required,resid,showformula,textrows,ts,validateformula,visible,width)
            values('0001ZZZZ8cf9779d6009','0001ZZZZ4a4f56b12dea','01675523-fa49-4965-b69a-d3f780ea7541','maketime','1','#111111',null,'~',33,null, null,null,null,null,null,'N',0,null,'N','N','N',null,'N','N','N','datepicker','制单时间',28,NULL,'','maketime',null,'~',14,'2db92bb7-5bee-4544-8558-783abfdf8ccb','/common-ref/','-99',null,'N',null,null,null,'2021-07-19 13:52:06',null,'Y',null);
            go
            insert into pub_form_property(pk_form_property,areaid,classid,code,colnum,color,creationtime,creator,datatype,dataval,defaultvalue,defaultvar,define1,define2,define3,disabled,dr,editformula,hyperlinkflag,iscode,isdefined,ismultiselectedenabled,isnextrow,isrevise,istotal,itemtype,label,maxlength,metadataproperty,metaid,metapath,modifiedtime,modifier,position,proid,refcode,refname,relatemeta,required,resid,showformula,textrows,ts,validateformula,visible,width)
            values('0001ZZZZ8cf9779d6010','0001ZZZZ4a4f56b12dea','01675523-fa49-4965-b69a-d3f780ea7541','bill_no','1','#111111',null,'~',1,null, null,null,null,null,null,'Y',0,null,'N','N','N',null,'N','N','N','input','单据号',28,NULL,'','bill_no',null,'~',7,'f71922c2-3b95-4b99-a0cc-2893f08bb80e','/common-ref/','-99',null,'N',null,null,null,'2021-07-19 13:52:06',null,'Y',null);
            go
            insert into pub_form_property(pk_form_property,areaid,classid,code,colnum,color,creationtime,creator,datatype,dataval,defaultvalue,defaultvar,define1,define2,define3,disabled,dr,editformula,hyperlinkflag,iscode,isdefined,ismultiselectedenabled,isnextrow,isrevise,istotal,itemtype,label,maxlength,metadataproperty,metaid,metapath,modifiedtime,modifier,position,proid,refcode,refname,relatemeta,required,resid,showformula,textrows,ts,validateformula,visible,width)
            values('0001ZZZZ8cf9779d6011','0001ZZZZ4a4f56b12dea','01675523-fa49-4965-b69a-d3f780ea7541','dbilldate','1','#111111',null,'~',33,null, null,null,null,null,null,'N',0,null,'N','N','N',null,'N','N','N','datepicker','单据日期',28,NULL,'','dbilldate',null,'~',5,'f8eed4c7-23ee-4808-8ee4-c1153e57a91b','/common-ref/','-99',null,'N',null,null,null,'2021-07-19 13:52:06',null,'Y',null);
            go
            insert into pub_form_property(pk_form_property,areaid,classid,code,colnum,color,creationtime,creator,datatype,dataval,defaultvalue,defaultvar,define1,define2,define3,disabled,dr,editformula,hyperlinkflag,iscode,isdefined,ismultiselectedenabled,isnextrow,isrevise,istotal,itemtype,label,maxlength,metadataproperty,metaid,metapath,modifiedtime,modifier,position,proid,refcode,refname,relatemeta,required,resid,showformula,textrows,ts,validateformula,visible,width)
            values('0001ZZZZ8cf9779d6012','0001ZZZZ4a4f56b12dea','01675523-fa49-4965-b69a-d3f780ea7541','billstatus','1','#111111',null,'~',203,'自由=-1,审批未通过=0,审批通过=1,审批进行中=2,提交=3','-1',null,null,null,null,'Y',0,null,'N','N','N',null,'N','N','N','select','单据状态',28,NULL,'','billstatus',null,'~',6,'659f5d2c-74ae-4cd5-916e-8a451da7b71e','/common-ref/','-99',null,'N',null,null,null,'2021-07-19 13:52:06',null,'Y',null);
            go
            insert into pub_form_property(pk_form_property,areaid,classid,code,colnum,color,creationtime,creator,datatype,dataval,defaultvalue,defaultvar,define1,define2,define3,disabled,dr,editformula,hyperlinkflag,iscode,isdefined,ismultiselectedenabled,isnextrow,isrevise,istotal,itemtype,label,maxlength,metadataproperty,metaid,metapath,modifiedtime,modifier,position,proid,refcode,refname,relatemeta,required,resid,showformula,textrows,ts,validateformula,visible,width)
            values('0001ZZZZ8cf9779d6013','0001ZZZZ4a4f56b12dea','01675523-fa49-4965-b69a-d3f780ea7541','pk_billtypeid','1','#111111',null,'~',204,null, null,null,null,null,null,'N',0,null,'N','N','N',null,'N','N','N','refer','单据类型',28,'uap.BilltypeVO.billtypename','','pk_billtypeid',null,'~',9,'a77dd39b-d7c5-4d18-8499-078810100dda','uap/refer/riart/billtype/index','影响因素单据类型',null,'N',null,null,null,'2021-07-19 13:52:06',null,'Y',null);
            go
            insert into pub_form_property(pk_form_property,areaid,classid,code,colnum,color,creationtime,creator,datatype,dataval,defaultvalue,defaultvar,define1,define2,define3,disabled,dr,editformula,hyperlinkflag,iscode,isdefined,ismultiselectedenabled,isnextrow,isrevise,istotal,itemtype,label,maxlength,metadataproperty,metaid,metapath,modifiedtime,modifier,position,proid,refcode,refname,relatemeta,required,resid,showformula,textrows,ts,validateformula,visible,width)
            values('0001ZZZZ8cf9779d6014','0001ZZZZ4a4f56b12dea','01675523-fa49-4965-b69a-d3f780ea7541','billtype','1','#111111',null,'~',1,null, null,null,null,null,null,'N',0,null,'N','N','N',null,'N','N','N','input','单据类型编码',28,NULL,'','billtype',null,'~',10,'6442756a-52a9-476f-8b37-ef115438e0d0','/common-ref/','-99',null,'N',null,null,null,'2021-07-19 13:52:06',null,'Y',null);
            go
            insert into pub_form_property(pk_form_property,areaid,classid,code,colnum,color,creationtime,creator,datatype,dataval,defaultvalue,defaultvar,define1,define2,define3,disabled,dr,editformula,hyperlinkflag,iscode,isdefined,ismultiselectedenabled,isnextrow,isrevise,istotal,itemtype,label,maxlength,metadataproperty,metaid,metapath,modifiedtime,modifier,position,proid,refcode,refname,relatemeta,required,resid,showformula,textrows,ts,validateformula,visible,width)
            values('0001ZZZZ8cf9779d6015','0001ZZZZ4a4f56b12dea','01675523-fa49-4965-b69a-d3f780ea7541','vnote','1','#111111',null,'~',1,null, null,null,null,null,null,'N',0,null,'N','N','N',null,'N','N','N','input','备注',28,NULL,'','vnote',null,'~',23,'7b9e8320-449b-4bdf-b1e9-710edc6f15ae','/common-ref/','-99',null,'N',null,null,null,'2021-07-19 13:52:06',null,'Y',null);
            go
            insert into pub_form_property(pk_form_property,areaid,classid,code,colnum,color,creationtime,creator,datatype,dataval,defaultvalue,defaultvar,define1,define2,define3,disabled,dr,editformula,hyperlinkflag,iscode,isdefined,ismultiselectedenabled,isnextrow,isrevise,istotal,itemtype,label,maxlength,metadataproperty,metaid,metapath,modifiedtime,modifier,position,proid,refcode,refname,relatemeta,required,resid,showformula,textrows,ts,validateformula,visible,width)
            values('0001ZZZZ8cf9779d6016','0001ZZZZ4a4f56b12dea','01675523-fa49-4965-b69a-d3f780ea7541','ismaintain','1','#111111',null,'~',32,null, null,null,null,null,null,'N',0,null,'N','N','N',null,'N','N','N','checkbox_switch','学生进班英语成绩是否维护',28,NULL,'','ismaintain',null,'~',41,'96d2b73b-1609-4295-878c-cf673912304b','/common-ref/','-99',null,'N',null,null,null,'2021-07-19 13:52:06',null,'Y',null);
            go
            insert into pub_form_property(pk_form_property,areaid,classid,code,colnum,color,creationtime,creator,datatype,dataval,defaultvalue,defaultvar,define1,define2,define3,disabled,dr,editformula,hyperlinkflag,iscode,isdefined,ismultiselectedenabled,isnextrow,isrevise,istotal,itemtype,label,maxlength,metadataproperty,metaid,metapath,modifiedtime,modifier,position,proid,refcode,refname,relatemeta,required,resid,showformula,textrows,ts,validateformula,visible,width)
            values('0001ZZZZ97e5e047d5af','0001ZZZZ9cf96d5ef12c','01675523-fa49-4965-b69a-d3f780ea7541','approver','1','#111111',null,'~',204,null, null,null,null,null,null,'N',0,null,'N','N','N',null,'N','N','N','refer','审批人',28,'uap.user.user_name','','approver',null,'~',19,'9a877584-e9ed-47e5-9d75-e4932e7a4033','uap/refer/riart/userDefaultRefer/index','用户',null,'N',null,null,null,'2021-07-19 13:52:06',null,'Y',null);
            go
            insert into pub_form_property(pk_form_property,areaid,classid,code,colnum,color,creationtime,creator,datatype,dataval,defaultvalue,defaultvar,define1,define2,define3,disabled,dr,editformula,hyperlinkflag,iscode,isdefined,ismultiselectedenabled,isnextrow,isrevise,istotal,itemtype,label,maxlength,metadataproperty,metaid,metapath,modifiedtime,modifier,position,proid,refcode,refname,relatemeta,required,resid,showformula,textrows,ts,validateformula,visible,width)
            values('0001ZZZZ2a7481a974f7','0001ZZZZ9cf96d5ef12c','01675523-fa49-4965-b69a-d3f780ea7541','approvenote','1','#111111',null,'~',1,null, null,null,null,null,null,'N',0,null,'N','N','N',null,'N','N','N','input','审批批语',28,NULL,'','approvenote',null,'~',21,'0336abc2-06f9-49c2-bff4-4d6e2414ab73','/common-ref/','-99',null,'N',null,null,null,'2021-07-19 13:52:06',null,'Y',null);
            go
            insert into pub_form_property(pk_form_property,areaid,classid,code,colnum,color,creationtime,creator,datatype,dataval,defaultvalue,defaultvar,define1,define2,define3,disabled,dr,editformula,hyperlinkflag,iscode,isdefined,ismultiselectedenabled,isnextrow,isrevise,istotal,itemtype,label,maxlength,metadataproperty,metaid,metapath,modifiedtime,modifier,position,proid,refcode,refname,relatemeta,required,resid,showformula,textrows,ts,validateformula,visible,width)
            values('0001ZZZZe915e4a535e8','0001ZZZZ9cf96d5ef12c','01675523-fa49-4965-b69a-d3f780ea7541','approvedate','1','#111111',null,'~',34,null, null,null,null,null,null,'N',0,null,'N','N','N',null,'N','N','N','datetimepicker','审批时间',28,NULL,'','approvedate',null,'~',22,'f01196f2-e662-485b-b91f-63088426661a','/common-ref/','-99',null,'N',null,null,null,'2021-07-19 13:52:06',null,'Y',null);
            go
            insert into pub_form_property(pk_form_property,areaid,classid,code,colnum,color,creationtime,creator,datatype,dataval,defaultvalue,defaultvar,define1,define2,define3,disabled,dr,editformula,hyperlinkflag,iscode,isdefined,ismultiselectedenabled,isnextrow,isrevise,istotal,itemtype,label,maxlength,metadataproperty,metaid,metapath,modifiedtime,modifier,position,proid,refcode,refname,relatemeta,required,resid,showformula,textrows,ts,validateformula,visible,width)
            values('0001ZZZZ8cf9779d6020','0001ZZZZ4a4f56b12dea','01675523-fa49-4965-b69a-d3f780ea7541','approvestatus','1','#111111',null,'~',203,'自由=-1,审批未通过=0,审批通过=1,审批进行中=2,提交=3', null,null,null,null,null,'N',0,null,'N','N','N',null,'N','N','N','select','审批状态',28,NULL,'','approvestatus',null,'~',20,'4c41c03f-7487-4de0-82b8-eb1f014b767a','/common-ref/','-99',null,'N',null,null,null,'2021-07-19 13:52:06',null,'Y',null);
            go
            insert into pub_form_property(pk_form_property,areaid,classid,code,colnum,color,creationtime,creator,datatype,dataval,defaultvalue,defaultvar,define1,define2,define3,disabled,dr,editformula,hyperlinkflag,iscode,isdefined,ismultiselectedenabled,isnextrow,isrevise,istotal,itemtype,label,maxlength,metadataproperty,metaid,metapath,modifiedtime,modifier,position,proid,refcode,refname,relatemeta,required,resid,showformula,textrows,ts,validateformula,visible,width)
            values('0001ZZZZ8cf9779d6021','0001ZZZZ4a4f56b12dea','01675523-fa49-4965-b69a-d3f780ea7541','isapply','1','#111111',null,'~',32,null, null,null,null,null,null,'N',0,null,'N','N','N',null,'N','N','N','checkbox_switch','教材是否申领',28,NULL,'','isapply',null,'~',37,'5f20edb6-0cff-4c83-95f8-33f53d7e3b01','/common-ref/','-99',null,'N',null,null,null,'2021-07-19 13:52:06',null,'Y',null);
            go
            insert into pub_form_property(pk_form_property,areaid,classid,code,colnum,color,creationtime,creator,datatype,dataval,defaultvalue,defaultvar,define1,define2,define3,disabled,dr,editformula,hyperlinkflag,iscode,isdefined,ismultiselectedenabled,isnextrow,isrevise,istotal,itemtype,label,maxlength,metadataproperty,metaid,metapath,modifiedtime,modifier,position,proid,refcode,refname,relatemeta,required,resid,showformula,textrows,ts,validateformula,visible,width)
            values('0001ZZZZ8cf9779d6022','0001ZZZZ4a4f56b12dea','01675523-fa49-4965-b69a-d3f780ea7541','isuploadall','1','#111111',null,'~',32,null, null,null,null,null,null,'N',0,null,'N','N','N',null,'N','N','N','checkbox_switch','整体教学计划是否上传',28,NULL,'','isuploadall',null,'~',39,'623ce721-32d4-402c-af0a-2242d969af67','/common-ref/','-99',null,'N',null,null,null,'2021-07-19 13:52:06',null,'Y',null);
            go
            insert into pub_form_property(pk_form_property,areaid,classid,code,colnum,color,creationtime,creator,datatype,dataval,defaultvalue,defaultvar,define1,define2,define3,disabled,dr,editformula,hyperlinkflag,iscode,isdefined,ismultiselectedenabled,isnextrow,isrevise,istotal,itemtype,label,maxlength,metadataproperty,metaid,metapath,modifiedtime,modifier,position,proid,refcode,refname,relatemeta,required,resid,showformula,textrows,ts,validateformula,visible,width)
            values('0001ZZZZ8cf9779d6025','0001ZZZZ4a4f56b12dea','01675523-fa49-4965-b69a-d3f780ea7541','isuploadnow','1','#111111',null,'~',32,null, null,null,null,null,null,'N',0,null,'N','N','N',null,'N','N','N','checkbox_switch','本学期教学计划是否上传',28,NULL,'','isuploadnow',null,'~',40,'260c1ecd-2241-4c23-845f-41aab870d883','/common-ref/','-99',null,'N',null,null,null,'2021-07-19 13:52:06',null,'Y',null);
            go
            insert into pub_form_property(pk_form_property,areaid,classid,code,colnum,color,creationtime,creator,datatype,dataval,defaultvalue,defaultvar,define1,define2,define3,disabled,dr,editformula,hyperlinkflag,iscode,isdefined,ismultiselectedenabled,isnextrow,isrevise,istotal,itemtype,label,maxlength,metadataproperty,metaid,metapath,modifiedtime,modifier,position,proid,refcode,refname,relatemeta,required,resid,showformula,textrows,ts,validateformula,visible,width)
            values('0001ZZZZ8cf9779d6026','0001ZZZZ4a4f56b12dea','01675523-fa49-4965-b69a-d3f780ea7541','srctrantype','1','#111111',null,'~',1,null, null,null,null,null,null,'N',0,null,'N','N','N',null,'N','N','N','input','来源交易类型',28,NULL,'','srctrantype',null,'~',30,'e2ae5e97-926e-4ba0-b460-147e09b05dc8','/common-ref/','-99',null,'N',null,null,null,'2021-07-19 13:52:06',null,'Y',null);
            go
            insert into pub_form_property(pk_form_property,areaid,classid,code,colnum,color,creationtime,creator,datatype,dataval,defaultvalue,defaultvar,define1,define2,define3,disabled,dr,editformula,hyperlinkflag,iscode,isdefined,ismultiselectedenabled,isnextrow,isrevise,istotal,itemtype,label,maxlength,metadataproperty,metaid,metapath,modifiedtime,modifier,position,proid,refcode,refname,relatemeta,required,resid,showformula,textrows,ts,validateformula,visible,width)
            values('0001ZZZZ8cf9779d6029','0001ZZZZ4a4f56b12dea','01675523-fa49-4965-b69a-d3f780ea7541','srccode','1','#111111',null,'~',1,null, null,null,null,null,null,'N',0,null,'N','N','N',null,'N','N','N','input','来源单据号',28,NULL,'','srccode',null,'~',26,'0a633ed5-1afb-4dc1-8015-f17b76a8ae20','/common-ref/','-99',null,'N',null,null,null,'2021-07-19 13:52:06',null,'Y',null);
            go
            insert into pub_form_property(pk_form_property,areaid,classid,code,colnum,color,creationtime,creator,datatype,dataval,defaultvalue,defaultvar,define1,define2,define3,disabled,dr,editformula,hyperlinkflag,iscode,isdefined,ismultiselectedenabled,isnextrow,isrevise,istotal,itemtype,label,maxlength,metadataproperty,metaid,metapath,modifiedtime,modifier,position,proid,refcode,refname,relatemeta,required,resid,showformula,textrows,ts,validateformula,visible,width)
            values('0001ZZZZ8cf9779d6031','0001ZZZZ4a4f56b12dea','01675523-fa49-4965-b69a-d3f780ea7541','srcbilltype','1','#111111',null,'~',1,null, null,null,null,null,null,'N',0,null,'N','N','N',null,'N','N','N','input','来源单据类型',28,NULL,'','srcbilltype',null,'~',24,'41be8932-42e8-467f-9e0f-9d727751ca6b','/common-ref/','-99',null,'N',null,null,null,'2021-07-19 13:52:06',null,'Y',null);
            go
            insert into pub_form_property(pk_form_property,areaid,classid,code,colnum,color,creationtime,creator,datatype,dataval,defaultvalue,defaultvar,define1,define2,define3,disabled,dr,editformula,hyperlinkflag,iscode,isdefined,ismultiselectedenabled,isnextrow,isrevise,istotal,itemtype,label,maxlength,metadataproperty,metaid,metapath,modifiedtime,modifier,position,proid,refcode,refname,relatemeta,required,resid,showformula,textrows,ts,validateformula,visible,width)
            values('0001ZZZZ8cf9779d6032','0001ZZZZ4a4f56b12dea','01675523-fa49-4965-b69a-d3f780ea7541','srcrowno','1','#111111',null,'~',1,null, null,null,null,null,null,'N',0,null,'N','N','N',null,'N','N','N','input','来源单据行号',28,NULL,'','srcrowno',null,'~',29,'f5affffb-a1d4-44be-88c9-76331bad4b04','/common-ref/','-99',null,'N',null,null,null,'2021-07-19 13:52:06',null,'Y',null);
            go
            insert into pub_form_property(pk_form_property,areaid,classid,code,colnum,color,creationtime,creator,datatype,dataval,defaultvalue,defaultvar,define1,define2,define3,disabled,dr,editformula,hyperlinkflag,iscode,isdefined,ismultiselectedenabled,isnextrow,isrevise,istotal,itemtype,label,maxlength,metadataproperty,metaid,metapath,modifiedtime,modifier,position,proid,refcode,refname,relatemeta,required,resid,showformula,textrows,ts,validateformula,visible,width)
            values('0001ZZZZ8cf9779d6033','0001ZZZZ4a4f56b12dea','01675523-fa49-4965-b69a-d3f780ea7541','vfirsttrantype','1','#111111',null,'~',1,null, null,null,null,null,null,'N',0,null,'N','N','N',null,'N','N','N','input','源头交易类型',28,NULL,'','vfirsttrantype',null,'~',36,'15b2c1dd-98c7-4245-bf4f-35a20cde93aa','/common-ref/','-99',null,'N',null,null,null,'2021-07-19 13:52:06',null,'Y',null);
            go
            insert into pub_form_property(pk_form_property,areaid,classid,code,colnum,color,creationtime,creator,datatype,dataval,defaultvalue,defaultvar,define1,define2,define3,disabled,dr,editformula,hyperlinkflag,iscode,isdefined,ismultiselectedenabled,isnextrow,isrevise,istotal,itemtype,label,maxlength,metadataproperty,metaid,metapath,modifiedtime,modifier,position,proid,refcode,refname,relatemeta,required,resid,showformula,textrows,ts,validateformula,visible,width)
            values('0001ZZZZ8cf9779d6035','0001ZZZZ4a4f56b12dea','01675523-fa49-4965-b69a-d3f780ea7541','vfirstcode','1','#111111',null,'~',1,null, null,null,null,null,null,'N',0,null,'N','N','N',null,'N','N','N','input','源头单据号',28,NULL,'','vfirstcode',null,'~',32,'0cf74110-71fb-4258-8804-b507fa13247d','/common-ref/','-99',null,'N',null,null,null,'2021-07-19 13:52:06',null,'Y',null);
            go
            insert into pub_form_property(pk_form_property,areaid,classid,code,colnum,color,creationtime,creator,datatype,dataval,defaultvalue,defaultvar,define1,define2,define3,disabled,dr,editformula,hyperlinkflag,iscode,isdefined,ismultiselectedenabled,isnextrow,isrevise,istotal,itemtype,label,maxlength,metadataproperty,metaid,metapath,modifiedtime,modifier,position,proid,refcode,refname,relatemeta,required,resid,showformula,textrows,ts,validateformula,visible,width)
            values('0001ZZZZ8cf9779d6037','0001ZZZZ4a4f56b12dea','01675523-fa49-4965-b69a-d3f780ea7541','vfirsttype','1','#111111',null,'~',1,null, null,null,null,null,null,'N',0,null,'N','N','N',null,'N','N','N','input','源头单据类型',28,NULL,'','vfirsttype',null,'~',31,'c67c3161-da9d-4940-9353-ac70368e4ef0','/common-ref/','-99',null,'N',null,null,null,'2021-07-19 13:52:06',null,'Y',null);
            go
            insert into pub_form_property(pk_form_property,areaid,classid,code,colnum,color,creationtime,creator,datatype,dataval,defaultvalue,defaultvar,define1,define2,define3,disabled,dr,editformula,hyperlinkflag,iscode,isdefined,ismultiselectedenabled,isnextrow,isrevise,istotal,itemtype,label,maxlength,metadataproperty,metaid,metapath,modifiedtime,modifier,position,proid,refcode,refname,relatemeta,required,resid,showformula,textrows,ts,validateformula,visible,width)
            values('0001ZZZZ8cf9779d6038','0001ZZZZ4a4f56b12dea','01675523-fa49-4965-b69a-d3f780ea7541','vfirstrowno','1','#111111',null,'~',1,null, null,null,null,null,null,'N',0,null,'N','N','N',null,'N','N','N','input','源头单据行号',28,NULL,'','vfirstrowno',null,'~',35,'80bcb82f-b036-43f3-adda-5bbef78e8654','/common-ref/','-99',null,'N',null,null,null,'2021-07-19 13:52:06',null,'Y',null);
            go
            insert into pub_form_property(pk_form_property,areaid,classid,code,colnum,color,creationtime,creator,datatype,dataval,defaultvalue,defaultvar,define1,define2,define3,disabled,dr,editformula,hyperlinkflag,iscode,isdefined,ismultiselectedenabled,isnextrow,isrevise,istotal,itemtype,label,maxlength,metadataproperty,metaid,metapath,modifiedtime,modifier,position,proid,refcode,refname,relatemeta,required,resid,showformula,textrows,ts,validateformula,visible,width)
            values('0001ZZZZ8cf9779d6039','0001ZZZZ4a4f56b12dea','01675523-fa49-4965-b69a-d3f780ea7541','pk_org','1','#111111',null,'~',204,null, null,null,null,null,null,'N',0,null,'N','N','N',null,'N','N','N','refer','组织',28,'uap.org.name','','pk_org',null,'~',3,'cb71c4c2-94fa-421b-9408-aabb305b874f','uapbd/refer/org/BusinessUnitAndDeptTreeRef/index','业务单元及部门',null,'N',null,null,null,'2021-07-19 13:52:06',null,'Y',null);
            go
            insert into pub_form_property(pk_form_property,areaid,classid,code,colnum,color,creationtime,creator,datatype,dataval,defaultvalue,defaultvar,define1,define2,define3,disabled,dr,editformula,hyperlinkflag,iscode,isdefined,ismultiselectedenabled,isnextrow,isrevise,istotal,itemtype,label,maxlength,metadataproperty,metaid,metapath,modifiedtime,modifier,position,proid,refcode,refname,relatemeta,required,resid,showformula,textrows,ts,validateformula,visible,width)
            values('0001ZZZZ8cf9779d6040','0001ZZZZ4a4f56b12dea','01675523-fa49-4965-b69a-d3f780ea7541','pk_org_v','1','#111111',null,'~',204,null, null,null,null,null,null,'N',0,null,'N','N','N',null,'N','N','N','refer','组织版本',28,NULL,'','pk_org_v',null,'~',4,'7a4854f0-bfd0-4c99-8150-6bfe642fc00f','uapbd/refer/orgv/BusinessUnitVersionDefaultAllTreeRef/index','业务单元版本(所有)',null,'N',null,null,null,'2021-07-19 13:52:06',null,'N',null);
            go
            insert into pub_form_property(pk_form_property,areaid,classid,code,colnum,color,creationtime,creator,datatype,dataval,defaultvalue,defaultvar,define1,define2,define3,disabled,dr,editformula,hyperlinkflag,iscode,isdefined,ismultiselectedenabled,isnextrow,isrevise,istotal,itemtype,label,maxlength,metadataproperty,metaid,metapath,modifiedtime,modifier,position,proid,refcode,refname,relatemeta,required,resid,showformula,textrows,ts,validateformula,visible,width)
            values('0001ZZZZ8cf9779d6041','0001ZZZZ4a4f56b12dea','01675523-fa49-4965-b69a-d3f780ea7541','pk_group','1','#111111',null,'~',204,null, null,null,null,null,null,'N',0,null,'N','N','N',null,'N','N','N','refer','集团',28,'uap.group.name','','pk_group',null,'~',2,'22490923-ef32-4577-b58c-2c0bb857efba','uap/refer/riart/groupTreeRef/index','集团',null,'N',null,null,null,'2021-07-19 13:52:06',null,'Y',null);
            go






