insert into pub_page_templet(pk_page_templet,appcode,clazz,code,creationtime,creator,dr,headcode,isdefault,metaid,modifiedtime,modifier,name,pagecode,parentid,pk_group,pk_org,resid,resmodule,templetdesc,ts)
values('0001ZZZZ9f7feeea77b2','81H10501','nc.vo.cy.schoolform.AggSchoolformHVO','81H10501_LIST',null,'~',0,'list_head','Y',null,null,'~','新发现学校申请单列表','81H10501_LIST','root',null,null,null,null,'新发现学校申请单列表页面','2021-06-23 14:36:45');
go

insert into pub_page_templet(pk_page_templet,appcode,clazz,code,creationtime,creator,dr,headcode,isdefault,metaid,modifiedtime,modifier,name,pagecode,parentid,pk_group,pk_org,resid,resmodule,templetdesc,ts)
values('0001ZZZZ03c47444c47c','81H10501','nc.vo.cy.schoolform.AggSchoolformHVO','81H10501_CARD',null,'~',0,'card_head','N',null,null,'~','新发现学校申请单卡片','81H10501_CARD','root',null,null,null,null,'新发现学校申请单卡片页面','2021-06-23 14:36:45');
go

insert into pub_page_templet(pk_page_templet,appcode,clazz,code,creationtime,creator,dr,headcode,isdefault,metaid,modifiedtime,modifier,name,pagecode,parentid,pk_group,pk_org,resid,resmodule,templetdesc,ts)
values('0001ZZZZc03fe7a8cc82','81H10501','nc.vo.cy.schoolform.AggSchoolformHVO','81H10501L_CARD',null,'~',0,'card_head','N',null,null,'~','新发现学校申请单联查卡片','81H10501L_CARD','root',null,null,null,null,'新发现学校申请单联查卡片页面','2021-06-23 14:36:45');
go

insert into pub_page_templet(pk_page_templet,appcode,clazz,code,creationtime,creator,dr,headcode,isdefault,metaid,modifiedtime,modifier,name,pagecode,parentid,pk_group,pk_org,resid,resmodule,templetdesc,ts)
values('0001ZZZZc856b445a416','81H10501A','nc.vo.cy.schoolform.AggSchoolformHVO','81H10501A_CARD',null,'~',0,'card_head','N',null,null,'~','新发现学校申请单审批卡片','81H10501A_CARD','root',null,null,null,null,'新发现学校申请单审批卡片页面','2021-06-23 14:36:45');
go







insert into pub_area(pk_area,areadesc,areastatus,areatype,clazz,code,creationtime,creator,dr,isunfold,metaid,metaname,metaspace,modifiedtime,modifier,name,pagination,position,relationcode,resid,templetid,ts)
values('0001ZZZZ9c72b6571dc5',null,'browse',0,'nc.vo.cy.schoolform.SchoolformHVO','list_query',null,'~',0,null,'005173a2-bb00-4ee5-88e5-8b32e0ef254d','学校申请单',null,null,'~','查询区',null,2,null,'','0001ZZZZ9f7feeea77b2','2021-06-23 14:36:45');
go
insert into pub_area(pk_area,areadesc,areastatus,areatype,clazz,code,creationtime,creator,dr,isunfold,metaid,metaname,metaspace,modifiedtime,modifier,name,pagination,position,relationcode,resid,templetid,ts)
values('0001ZZZZ967aa3a69f81',null,'browse',2,'nc.vo.cy.schoolform.SchoolformHVO','list_head',null,'~',0,null,'005173a2-bb00-4ee5-88e5-8b32e0ef254d','学校申请单',null,null,'~','表头',null,1,null,'','0001ZZZZ9f7feeea77b2','2021-06-23 14:36:45');
go




insert into pub_area(pk_area,areadesc,areastatus,areatype,clazz,code,creationtime,creator,dr,isunfold,metaid,metaname,metaspace,modifiedtime,modifier,name,pagination,position,relationcode,resid,templetid,ts)
values('0001ZZZZ4975ed5c6fff',null,'browse',1,'nc.vo.cy.schoolform.SchoolformHVO','card_head',null,'~',0,null,'005173a2-bb00-4ee5-88e5-8b32e0ef254d','学校申请单','cy.schoolform',null,'~','学校申请单',null,1,null,null,'0001ZZZZ03c47444c47c','2021-06-23 14:36:45');
go
insert into pub_area(pk_area,areadesc,areastatus,areatype,clazz,code,creationtime,creator,dr,isunfold,metaid,metaname,metaspace,modifiedtime,modifier,name,pagination,position,relationcode,resid,templetid,ts)
values('0001ZZZZ4a0af02ecc08',null,'browse',1,'nc.vo.cy.schoolform.SchoolformHVO','card_operate',null,'~',0,null,'005173a2-bb00-4ee5-88e5-8b32e0ef254d','学校申请单','cy.schoolform',null,'~','操作信息',null,2,'card_head',null,'0001ZZZZ03c47444c47c','2021-06-23 14:36:45');
go
insert into pub_area(pk_area,areadesc,areastatus,areatype,clazz,code,creationtime,creator,dr,isunfold,metaid,metaname,metaspace,modifiedtime,modifier,name,pagination,position,relationcode,resid,templetid,ts)
values('0001ZZZZ2db4f8c7637f',null,'browse',2,'nc.vo.cy.schoolform.SchoolformDetailVO','card_body',null,'~',0,null,'005173a2-bb00-4ee5-88e5-8b32e0ef254d','学校申请单','cy.schoolform',null,'~','申请单明细',null,3,null,null,'0001ZZZZ03c47444c47c','2021-06-23 14:36:45');
go
insert into pub_area(pk_area,areadesc,areastatus,areatype,clazz,code,creationtime,creator,dr,isunfold,metaid,metaname,metaspace,modifiedtime,modifier,name,pagination,position,relationcode,resid,templetid,ts)
values('0001ZZZZ25b198a8c99b',null,'edit',1,'nc.vo.cy.schoolform.SchoolformDetailVO','card_body_edit',null,'~',0,null,'005173a2-bb00-4ee5-88e5-8b32e0ef254d','学校申请单','cy.schoolform',null,'~','申请单明细',null,4,'card_body',null,'0001ZZZZ03c47444c47c','2021-06-23 14:36:45');
go
insert into pub_area(pk_area,areadesc,areastatus,areatype,clazz,code,creationtime,creator,dr,isunfold,metaid,metaname,metaspace,modifiedtime,modifier,name,pagination,position,relationcode,resid,templetid,ts)
values('0001ZZZZ17c40203610d',null,'browse',1,'nc.vo.cy.schoolform.SchoolformDetailVO','card_body_browse',null,'~',0,null,'005173a2-bb00-4ee5-88e5-8b32e0ef254d','学校申请单','cy.schoolform',null,'~','申请单明细',null,5,'card_body',null,'0001ZZZZ03c47444c47c','2021-06-23 14:36:45');
go


insert into pub_area(pk_area,areadesc,areastatus,areatype,clazz,code,creationtime,creator,dr,isunfold,metaid,metaname,metaspace,modifiedtime,modifier,name,pagination,position,relationcode,resid,templetid,ts)
values('0001ZZZZeaa70bf6e83b',null,'browse',1,'nc.vo.cy.schoolform.SchoolformHVO','card_head',null,'~',0,null,'005173a2-bb00-4ee5-88e5-8b32e0ef254d','学校申请单','cy.schoolform',null,'~','学校申请单',null,1,null,null,'0001ZZZZc03fe7a8cc82','2021-06-23 14:36:45');
go
insert into pub_area(pk_area,areadesc,areastatus,areatype,clazz,code,creationtime,creator,dr,isunfold,metaid,metaname,metaspace,modifiedtime,modifier,name,pagination,position,relationcode,resid,templetid,ts)
values('0001ZZZZ924704e4089d',null,'browse',1,'nc.vo.cy.schoolform.SchoolformHVO','card_operate',null,'~',0,null,'005173a2-bb00-4ee5-88e5-8b32e0ef254d','学校申请单','cy.schoolform',null,'~','操作信息',null,2,'card_head',null,'0001ZZZZc03fe7a8cc82','2021-06-23 14:36:45');
go
insert into pub_area(pk_area,areadesc,areastatus,areatype,clazz,code,creationtime,creator,dr,isunfold,metaid,metaname,metaspace,modifiedtime,modifier,name,pagination,position,relationcode,resid,templetid,ts)
values('0001ZZZZ58150db2dab2',null,'browse',2,'nc.vo.cy.schoolform.SchoolformDetailVO','card_body',null,'~',0,null,'005173a2-bb00-4ee5-88e5-8b32e0ef254d','学校申请单','cy.schoolform',null,'~','申请单明细',null,3,null,null,'0001ZZZZc03fe7a8cc82','2021-06-23 14:36:45');
go
insert into pub_area(pk_area,areadesc,areastatus,areatype,clazz,code,creationtime,creator,dr,isunfold,metaid,metaname,metaspace,modifiedtime,modifier,name,pagination,position,relationcode,resid,templetid,ts)
values('0001ZZZZa5daa84d7c8c',null,'edit',1,'nc.vo.cy.schoolform.SchoolformDetailVO','card_body_edit',null,'~',0,null,'005173a2-bb00-4ee5-88e5-8b32e0ef254d','学校申请单','cy.schoolform',null,'~','申请单明细',null,4,'card_body',null,'0001ZZZZc03fe7a8cc82','2021-06-23 14:36:45');
go
insert into pub_area(pk_area,areadesc,areastatus,areatype,clazz,code,creationtime,creator,dr,isunfold,metaid,metaname,metaspace,modifiedtime,modifier,name,pagination,position,relationcode,resid,templetid,ts)
values('0001ZZZZaca3ef2ddeea',null,'browse',1,'nc.vo.cy.schoolform.SchoolformDetailVO','card_body_browse',null,'~',0,null,'005173a2-bb00-4ee5-88e5-8b32e0ef254d','学校申请单','cy.schoolform',null,'~','申请单明细',null,5,'card_body',null,'0001ZZZZc03fe7a8cc82','2021-06-23 14:36:45');
go

insert into pub_area(pk_area,areadesc,areastatus,areatype,clazz,code,creationtime,creator,dr,isunfold,metaid,metaname,metaspace,modifiedtime,modifier,name,pagination,position,relationcode,resid,templetid,ts)
values('0001ZZZZ0df4f3513df8',null,'browse',1,'nc.vo.cy.schoolform.SchoolformHVO','card_head',null,'~',0,null,'005173a2-bb00-4ee5-88e5-8b32e0ef254d','学校申请单','cy.schoolform',null,'~','学校申请单',null,1,null,null,'0001ZZZZc856b445a416','2021-06-23 14:36:45');
go
insert into pub_area(pk_area,areadesc,areastatus,areatype,clazz,code,creationtime,creator,dr,isunfold,metaid,metaname,metaspace,modifiedtime,modifier,name,pagination,position,relationcode,resid,templetid,ts)
values('0001ZZZZb0d62c8a2dac',null,'browse',1,'nc.vo.cy.schoolform.SchoolformHVO','card_operate',null,'~',0,null,'005173a2-bb00-4ee5-88e5-8b32e0ef254d','学校申请单','cy.schoolform',null,'~','操作信息',null,2,'card_head',null,'0001ZZZZc856b445a416','2021-06-23 14:36:45');
go
insert into pub_area(pk_area,areadesc,areastatus,areatype,clazz,code,creationtime,creator,dr,isunfold,metaid,metaname,metaspace,modifiedtime,modifier,name,pagination,position,relationcode,resid,templetid,ts)
values('0001ZZZZa003a0207603',null,'browse',2,'nc.vo.cy.schoolform.SchoolformDetailVO','card_body',null,'~',0,null,'005173a2-bb00-4ee5-88e5-8b32e0ef254d','学校申请单','cy.schoolform',null,'~','申请单明细',null,3,null,null,'0001ZZZZc856b445a416','2021-06-23 14:36:45');
go
insert into pub_area(pk_area,areadesc,areastatus,areatype,clazz,code,creationtime,creator,dr,isunfold,metaid,metaname,metaspace,modifiedtime,modifier,name,pagination,position,relationcode,resid,templetid,ts)
values('0001ZZZZf4660e7b2863',null,'edit',1,'nc.vo.cy.schoolform.SchoolformDetailVO','card_body_edit',null,'~',0,null,'005173a2-bb00-4ee5-88e5-8b32e0ef254d','学校申请单','cy.schoolform',null,'~','申请单明细',null,4,'card_body',null,'0001ZZZZc856b445a416','2021-06-23 14:36:45');
go
insert into pub_area(pk_area,areadesc,areastatus,areatype,clazz,code,creationtime,creator,dr,isunfold,metaid,metaname,metaspace,modifiedtime,modifier,name,pagination,position,relationcode,resid,templetid,ts)
values('0001ZZZZc6f1f5ce62ca',null,'browse',1,'nc.vo.cy.schoolform.SchoolformDetailVO','card_body_browse',null,'~',0,null,'005173a2-bb00-4ee5-88e5-8b32e0ef254d','学校申请单','cy.schoolform',null,'~','申请单明细',null,5,'card_body',null,'0001ZZZZc856b445a416','2021-06-23 14:36:45');
go




            insert into pub_query_property(pk_query_property,areaid,classid,code,containlower,creationtime,creator,datatype,dataval,defaultvalue,define1,define2,define3,define4,define5,disabled,dr,isbeyondorg,ischeck,isdefined,isfixedcondition,ismultiselectedenabled,isnotmeta,isquerycondition,isuse,itemtype,label,maxlength,metadataproperty,metapath,opersign,opersignname,position,proid,querytablename,refcode,refname,required,resid,returntype,showtype,tablecode,ts,usefunc,visible,visibleposition,width)
            values('0001ZZZZ696cf56851b3','0001ZZZZ9c72b6571dc5','005173a2-bb00-4ee5-88e5-8b32e0ef254d','pk_busitype',null,null,'~',204,'','','','','','','','N',0,'N','N','N','N','N','N','Y','Y','refer','业务类型',20,'uap.BusitypeVO.businame','pk_busitype','=@','等于@',9,'0aec1ff4-7550-4772-bcef-78456d8dc7d7','','uap/refer/riart/busitype/index','业务流程','N','','refpk',1,'','2021-06-23 14:36:45','N','Y',null,1);
            go
            insert into pub_query_property(pk_query_property,areaid,classid,code,containlower,creationtime,creator,datatype,dataval,defaultvalue,define1,define2,define3,define4,define5,disabled,dr,isbeyondorg,ischeck,isdefined,isfixedcondition,ismultiselectedenabled,isnotmeta,isquerycondition,isuse,itemtype,label,maxlength,metadataproperty,metapath,opersign,opersignname,position,proid,querytablename,refcode,refname,required,resid,returntype,showtype,tablecode,ts,usefunc,visible,visibleposition,width)
            values('0001ZZZZ79e1bdc34562','0001ZZZZ9c72b6571dc5','005173a2-bb00-4ee5-88e5-8b32e0ef254d','pk_transtype',null,null,'~',204,'','','','','','','','N',0,'N','N','N','N','N','N','Y','Y','refer','交易类型',20,'uap.BilltypeVO.billtypename','pk_transtype','=@','等于@',13,'ff71657d-0a39-4bed-9d2a-59e8a12c1b3a','','uap/refer/riart/transtype/index','影响因素交 易类型','N','','refpk',1,'','2021-06-23 14:36:45','N','Y',null,1);
            go
            insert into pub_query_property(pk_query_property,areaid,classid,code,containlower,creationtime,creator,datatype,dataval,defaultvalue,define1,define2,define3,define4,define5,disabled,dr,isbeyondorg,ischeck,isdefined,isfixedcondition,ismultiselectedenabled,isnotmeta,isquerycondition,isuse,itemtype,label,maxlength,metadataproperty,metapath,opersign,opersignname,position,proid,querytablename,refcode,refname,required,resid,returntype,showtype,tablecode,ts,usefunc,visible,visibleposition,width)
            values('0001ZZZZ860de605a2a6','0001ZZZZ9c72b6571dc5','005173a2-bb00-4ee5-88e5-8b32e0ef254d','transtypecode',null,null,'~',1,'','','','','','','','N',0,'N','N','N','N','N','N','Y','Y','input','交易类型编码',50,NULL,'transtypecode','=@','等于@',12,'2383943c-0f15-4193-b788-30656a65928f','','/common-ref/','-99','N','','refpk',1,'','2021-06-23 14:36:45','N','Y',null,1);
            go
            insert into pub_query_property(pk_query_property,areaid,classid,code,containlower,creationtime,creator,datatype,dataval,defaultvalue,define1,define2,define3,define4,define5,disabled,dr,isbeyondorg,ischeck,isdefined,isfixedcondition,ismultiselectedenabled,isnotmeta,isquerycondition,isuse,itemtype,label,maxlength,metadataproperty,metapath,opersign,opersignname,position,proid,querytablename,refcode,refname,required,resid,returntype,showtype,tablecode,ts,usefunc,visible,visibleposition,width)
            values('0001ZZZZ8238f0a37fa6','0001ZZZZ9c72b6571dc5','005173a2-bb00-4ee5-88e5-8b32e0ef254d','modifier',null,null,'~',204,'','','','','','','','N',0,'N','N','N','N','N','N','Y','Y','refer','修改人',20,NULL,'modifier','=@','等于@',18,'99d00760-0f1b-43e6-ae9b-4ceab3f1b305','','uap/refer/riart/userDefaultRefer/index','用户','N','','refpk',1,'','2021-06-23 14:36:45','N','Y',null,1);
            go
            insert into pub_query_property(pk_query_property,areaid,classid,code,containlower,creationtime,creator,datatype,dataval,defaultvalue,define1,define2,define3,define4,define5,disabled,dr,isbeyondorg,ischeck,isdefined,isfixedcondition,ismultiselectedenabled,isnotmeta,isquerycondition,isuse,itemtype,label,maxlength,metadataproperty,metapath,opersign,opersignname,position,proid,querytablename,refcode,refname,required,resid,returntype,showtype,tablecode,ts,usefunc,visible,visibleposition,width)
            values('0001ZZZZd22848fa7dd1','0001ZZZZ9c72b6571dc5','005173a2-bb00-4ee5-88e5-8b32e0ef254d','modifiedtime',null,null,'~',34,'','','','','','','','N',0,'N','N','N','N','N','N','Y','Y','datetimepicker','修改时间',19,NULL,'modifiedtime','=@','等于@',19,'f54982c4-1de8-41a3-9b88-fec15a82ada7','','/common-ref/','-99','N','','refpk',1,'','2021-06-23 14:36:45','N','Y',null,1);
            go
            insert into pub_query_property(pk_query_property,areaid,classid,code,containlower,creationtime,creator,datatype,dataval,defaultvalue,define1,define2,define3,define4,define5,disabled,dr,isbeyondorg,ischeck,isdefined,isfixedcondition,ismultiselectedenabled,isnotmeta,isquerycondition,isuse,itemtype,label,maxlength,metadataproperty,metapath,opersign,opersignname,position,proid,querytablename,refcode,refname,required,resid,returntype,showtype,tablecode,ts,usefunc,visible,visibleposition,width)
            values('0001ZZZZ94ee17928eb7','0001ZZZZ9c72b6571dc5','005173a2-bb00-4ee5-88e5-8b32e0ef254d','creator',null,null,'~',204,'','','','','','','','N',0,'N','N','N','N','N','N','Y','Y','refer','创建人',20,NULL,'creator','=@','等于@',16,'daad05d3-10d7-4bd8-a01b-926c59614f28','','uap/refer/riart/userDefaultRefer/index','用户','N','','refpk',1,'','2021-06-23 14:36:45','N','Y',null,1);
            go
            insert into pub_query_property(pk_query_property,areaid,classid,code,containlower,creationtime,creator,datatype,dataval,defaultvalue,define1,define2,define3,define4,define5,disabled,dr,isbeyondorg,ischeck,isdefined,isfixedcondition,ismultiselectedenabled,isnotmeta,isquerycondition,isuse,itemtype,label,maxlength,metadataproperty,metapath,opersign,opersignname,position,proid,querytablename,refcode,refname,required,resid,returntype,showtype,tablecode,ts,usefunc,visible,visibleposition,width)
            values('0001ZZZZ9f3efef8f39d','0001ZZZZ9c72b6571dc5','005173a2-bb00-4ee5-88e5-8b32e0ef254d','creationtime',null,null,'~',34,'','','','','','','','N',0,'N','N','N','N','N','N','Y','Y','datetimepicker','创建时间',19,NULL,'creationtime','=@','等于@',17,'0c56f9dc-cb3b-43e1-9b0e-7d5719c142a3','','/common-ref/','-99','N','','refpk',1,'','2021-06-23 14:36:45','N','Y',null,1);
            go
            insert into pub_query_property(pk_query_property,areaid,classid,code,containlower,creationtime,creator,datatype,dataval,defaultvalue,define1,define2,define3,define4,define5,disabled,dr,isbeyondorg,ischeck,isdefined,isfixedcondition,ismultiselectedenabled,isnotmeta,isquerycondition,isuse,itemtype,label,maxlength,metadataproperty,metapath,opersign,opersignname,position,proid,querytablename,refcode,refname,required,resid,returntype,showtype,tablecode,ts,usefunc,visible,visibleposition,width)
            values('0001ZZZZ1b9601656560','0001ZZZZ9c72b6571dc5','005173a2-bb00-4ee5-88e5-8b32e0ef254d','billmaker',null,null,'~',204,'','','','','','','','N',0,'N','N','N','N','N','N','Y','Y','refer','制单人',20,NULL,'billmaker','=@','等于@',14,'531f127b-270e-4592-8afa-2bba8159eb10','','uap/refer/riart/userDefaultRefer/index','用户','N','','refpk',1,'','2021-06-23 14:36:45','N','Y',null,1);
            go
            insert into pub_query_property(pk_query_property,areaid,classid,code,containlower,creationtime,creator,datatype,dataval,defaultvalue,define1,define2,define3,define4,define5,disabled,dr,isbeyondorg,ischeck,isdefined,isfixedcondition,ismultiselectedenabled,isnotmeta,isquerycondition,isuse,itemtype,label,maxlength,metadataproperty,metapath,opersign,opersignname,position,proid,querytablename,refcode,refname,required,resid,returntype,showtype,tablecode,ts,usefunc,visible,visibleposition,width)
            values('0001ZZZZ837fc478eaa5','0001ZZZZ9c72b6571dc5','005173a2-bb00-4ee5-88e5-8b32e0ef254d','maketime',null,null,'~',33,'','','','','','','','N',0,'N','N','N','N','N','N','Y','Y','datepicker','制单时间',19,NULL,'maketime','=@','等于@',15,'b62d945f-5bd5-40d7-925a-fa55338c1b3f','','/common-ref/','-99','N','','refpk',1,'','2021-06-23 14:36:45','N','Y',null,1);
            go
            insert into pub_query_property(pk_query_property,areaid,classid,code,containlower,creationtime,creator,datatype,dataval,defaultvalue,define1,define2,define3,define4,define5,disabled,dr,isbeyondorg,ischeck,isdefined,isfixedcondition,ismultiselectedenabled,isnotmeta,isquerycondition,isuse,itemtype,label,maxlength,metadataproperty,metapath,opersign,opersignname,position,proid,querytablename,refcode,refname,required,resid,returntype,showtype,tablecode,ts,usefunc,visible,visibleposition,width)
            values('0001ZZZZ4ea3d3d090e6','0001ZZZZ9c72b6571dc5','005173a2-bb00-4ee5-88e5-8b32e0ef254d','bill_no',null,null,'~',1,'','','','','','','','Y',0,'N','N','N','N','N','N','Y','Y','input','单据号',50,NULL,'bill_no','=@','等于@',8,'bdc7c5bd-757e-4d59-af3b-84981eb19e24','','/common-ref/','-99','N','','refpk',1,'','2021-06-23 14:36:45','N','Y',null,1);
            go
            insert into pub_query_property(pk_query_property,areaid,classid,code,containlower,creationtime,creator,datatype,dataval,defaultvalue,define1,define2,define3,define4,define5,disabled,dr,isbeyondorg,ischeck,isdefined,isfixedcondition,ismultiselectedenabled,isnotmeta,isquerycondition,isuse,itemtype,label,maxlength,metadataproperty,metapath,opersign,opersignname,position,proid,querytablename,refcode,refname,required,resid,returntype,showtype,tablecode,ts,usefunc,visible,visibleposition,width)
            values('0001ZZZZ69fbbb4c90d4','0001ZZZZ9c72b6571dc5','005173a2-bb00-4ee5-88e5-8b32e0ef254d','dbilldate',null,null,'~',33,'','','','','','','','N',0,'N','N','N','N','N','N','Y','Y','datepicker','单据日期',19,NULL,'dbilldate','=@','等于@',6,'44989b0c-0746-41a2-b7e6-85e13485ac78','','/common-ref/','-99','N','','refpk',1,'','2021-06-23 14:36:45','N','Y',null,1);
            go
            insert into pub_query_property(pk_query_property,areaid,classid,code,containlower,creationtime,creator,datatype,dataval,defaultvalue,define1,define2,define3,define4,define5,disabled,dr,isbeyondorg,ischeck,isdefined,isfixedcondition,ismultiselectedenabled,isnotmeta,isquerycondition,isuse,itemtype,label,maxlength,metadataproperty,metapath,opersign,opersignname,position,proid,querytablename,refcode,refname,required,resid,returntype,showtype,tablecode,ts,usefunc,visible,visibleposition,width)
            values('0001ZZZZ2f2b478c1a0f','0001ZZZZ9c72b6571dc5','005173a2-bb00-4ee5-88e5-8b32e0ef254d','billstatus',null,null,'~',203,'自由=-1,审批未通过=0,审批通过=1,审批进行中=2,提交=3','','','','','','','N',0,'N','N','N','N','N','N','Y','Y','select','单据状态',50,NULL,'billstatus','=@','等于@',7,'98063bb9-b6a3-43f2-8d48-225d6a06b5c4','','/common-ref/','-99','N','','refpk',1,'','2021-06-23 14:36:45','N','Y',null,1);
            go
            insert into pub_query_property(pk_query_property,areaid,classid,code,containlower,creationtime,creator,datatype,dataval,defaultvalue,define1,define2,define3,define4,define5,disabled,dr,isbeyondorg,ischeck,isdefined,isfixedcondition,ismultiselectedenabled,isnotmeta,isquerycondition,isuse,itemtype,label,maxlength,metadataproperty,metapath,opersign,opersignname,position,proid,querytablename,refcode,refname,required,resid,returntype,showtype,tablecode,ts,usefunc,visible,visibleposition,width)
            values('0001ZZZZe37635b3558b','0001ZZZZ9c72b6571dc5','005173a2-bb00-4ee5-88e5-8b32e0ef254d','pk_billtypeid',null,null,'~',204,'','','','','','','','N',0,'N','N','N','N','N','N','Y','Y','refer','单据类型',20,'uap.BilltypeVO.billtypename','pk_billtypeid','=@','等于@',10,'ec2b30e6-be2d-461c-a140-b0e055850021','','uap/refer/riart/billtype/index','影响因素单据类型','N','','refpk',1,'','2021-06-23 14:36:45','N','Y',null,1);
            go
            insert into pub_query_property(pk_query_property,areaid,classid,code,containlower,creationtime,creator,datatype,dataval,defaultvalue,define1,define2,define3,define4,define5,disabled,dr,isbeyondorg,ischeck,isdefined,isfixedcondition,ismultiselectedenabled,isnotmeta,isquerycondition,isuse,itemtype,label,maxlength,metadataproperty,metapath,opersign,opersignname,position,proid,querytablename,refcode,refname,required,resid,returntype,showtype,tablecode,ts,usefunc,visible,visibleposition,width)
            values('0001ZZZZ4550c3b941fa','0001ZZZZ9c72b6571dc5','005173a2-bb00-4ee5-88e5-8b32e0ef254d','billtype',null,null,'~',1,'','','','','','','','N',0,'N','N','N','N','N','N','Y','Y','input','单据类型编码',50,NULL,'billtype','=@','等于@',11,'e3f865a3-b6ba-4d8c-805d-8449a4088dd4','','/common-ref/','-99','N','','refpk',1,'','2021-06-23 14:36:45','N','Y',null,1);
            go
            insert into pub_query_property(pk_query_property,areaid,classid,code,containlower,creationtime,creator,datatype,dataval,defaultvalue,define1,define2,define3,define4,define5,disabled,dr,isbeyondorg,ischeck,isdefined,isfixedcondition,ismultiselectedenabled,isnotmeta,isquerycondition,isuse,itemtype,label,maxlength,metadataproperty,metapath,opersign,opersignname,position,proid,querytablename,refcode,refname,required,resid,returntype,showtype,tablecode,ts,usefunc,visible,visibleposition,width)
            values('0001ZZZZa94e60b6bb19','0001ZZZZ9c72b6571dc5','005173a2-bb00-4ee5-88e5-8b32e0ef254d','vnote',null,null,'~',1,'','','','','','','','N',0,'N','N','N','N','N','N','Y','Y','input','备注',200,NULL,'vnote','=@','等于@',24,'286588d1-9fbc-4570-8527-e34a40db6c2c','','/common-ref/','-99','N','','refpk',1,'','2021-06-23 14:36:45','N','Y',null,1);
            go
            insert into pub_query_property(pk_query_property,areaid,classid,code,containlower,creationtime,creator,datatype,dataval,defaultvalue,define1,define2,define3,define4,define5,disabled,dr,isbeyondorg,ischeck,isdefined,isfixedcondition,ismultiselectedenabled,isnotmeta,isquerycondition,isuse,itemtype,label,maxlength,metadataproperty,metapath,opersign,opersignname,position,proid,querytablename,refcode,refname,required,resid,returntype,showtype,tablecode,ts,usefunc,visible,visibleposition,width)
            values('0001ZZZZ9f2c9f0c41d9','0001ZZZZ9c72b6571dc5','005173a2-bb00-4ee5-88e5-8b32e0ef254d','school',null,null,'~',1,'','','','','','','','N',0,'N','N','N','N','N','N','Y','Y','input','学校名称',50,NULL,'school','=@','等于@',68,'b6c2439f-a70a-4d4b-a825-4b3eb632e150','','/common-ref/','-99','N','','refpk',1,'','2021-06-23 14:36:45','N','Y',null,1);
            go
            insert into pub_query_property(pk_query_property,areaid,classid,code,containlower,creationtime,creator,datatype,dataval,defaultvalue,define1,define2,define3,define4,define5,disabled,dr,isbeyondorg,ischeck,isdefined,isfixedcondition,ismultiselectedenabled,isnotmeta,isquerycondition,isuse,itemtype,label,maxlength,metadataproperty,metapath,opersign,opersignname,position,proid,querytablename,refcode,refname,required,resid,returntype,showtype,tablecode,ts,usefunc,visible,visibleposition,width)
            values('0001ZZZZc24f3cf0588d','0001ZZZZ9c72b6571dc5','005173a2-bb00-4ee5-88e5-8b32e0ef254d','pk_schoolf',null,null,'~',1,'','','','','','','','N',0,'N','N','N','N','N','Y','Y','Y','input','学校申请单主键',20,NULL,'pk_schoolf','=@','等于@',1,'b8c0027d-6d9a-4805-a2ec-13c438d6daec','','/common-ref/','-99','N','','refpk',1,'','2021-06-23 14:36:45','N','N',null,1);
            go
            insert into pub_query_property(pk_query_property,areaid,classid,code,containlower,creationtime,creator,datatype,dataval,defaultvalue,define1,define2,define3,define4,define5,disabled,dr,isbeyondorg,ischeck,isdefined,isfixedcondition,ismultiselectedenabled,isnotmeta,isquerycondition,isuse,itemtype,label,maxlength,metadataproperty,metapath,opersign,opersignname,position,proid,querytablename,refcode,refname,required,resid,returntype,showtype,tablecode,ts,usefunc,visible,visibleposition,width)
            values('0001ZZZZ7a70017cbd72','0001ZZZZ9c72b6571dc5','005173a2-bb00-4ee5-88e5-8b32e0ef254d','approver',null,null,'~',204,'','','','','','','','N',0,'N','N','N','N','N','N','Y','Y','refer','审批人',20,NULL,'approver','=@','等于@',20,'9f984b78-14a5-4e75-92ea-13ba213b044f','','uap/refer/riart/userDefaultRefer/index','用户','N','','refpk',1,'','2021-06-23 14:36:45','N','Y',null,1);
            go
            insert into pub_query_property(pk_query_property,areaid,classid,code,containlower,creationtime,creator,datatype,dataval,defaultvalue,define1,define2,define3,define4,define5,disabled,dr,isbeyondorg,ischeck,isdefined,isfixedcondition,ismultiselectedenabled,isnotmeta,isquerycondition,isuse,itemtype,label,maxlength,metadataproperty,metapath,opersign,opersignname,position,proid,querytablename,refcode,refname,required,resid,returntype,showtype,tablecode,ts,usefunc,visible,visibleposition,width)
            values('0001ZZZZab46973bd128','0001ZZZZ9c72b6571dc5','005173a2-bb00-4ee5-88e5-8b32e0ef254d','approvenote',null,null,'~',1,'','','','','','','','N',0,'N','N','N','N','N','N','Y','Y','input','审批批语',50,NULL,'approvenote','=@','等于@',22,'4b2ee98f-e652-4af5-95ed-d29c1d5ff6ed','','/common-ref/','-99','N','','refpk',1,'','2021-06-23 14:36:45','N','Y',null,1);
            go
            insert into pub_query_property(pk_query_property,areaid,classid,code,containlower,creationtime,creator,datatype,dataval,defaultvalue,define1,define2,define3,define4,define5,disabled,dr,isbeyondorg,ischeck,isdefined,isfixedcondition,ismultiselectedenabled,isnotmeta,isquerycondition,isuse,itemtype,label,maxlength,metadataproperty,metapath,opersign,opersignname,position,proid,querytablename,refcode,refname,required,resid,returntype,showtype,tablecode,ts,usefunc,visible,visibleposition,width)
            values('0001ZZZZaadeb17a71af','0001ZZZZ9c72b6571dc5','005173a2-bb00-4ee5-88e5-8b32e0ef254d','approvedate',null,null,'~',34,'','','','','','','','N',0,'N','N','N','N','N','N','Y','Y','datetimepicker','审批时间',19,NULL,'approvedate','=@','等于@',23,'5fd012fa-0f24-4bc8-bb5c-7f32c77b32b6','','/common-ref/','-99','N','','refpk',1,'','2021-06-23 14:36:45','N','Y',null,1);
            go
            insert into pub_query_property(pk_query_property,areaid,classid,code,containlower,creationtime,creator,datatype,dataval,defaultvalue,define1,define2,define3,define4,define5,disabled,dr,isbeyondorg,ischeck,isdefined,isfixedcondition,ismultiselectedenabled,isnotmeta,isquerycondition,isuse,itemtype,label,maxlength,metadataproperty,metapath,opersign,opersignname,position,proid,querytablename,refcode,refname,required,resid,returntype,showtype,tablecode,ts,usefunc,visible,visibleposition,width)
            values('0001ZZZZ6ebaff6e24a6','0001ZZZZ9c72b6571dc5','005173a2-bb00-4ee5-88e5-8b32e0ef254d','approvestatus',null,null,'~',203,'自由=-1,审批未通过=0,审批通过=1,审批进行中=2,提交=3','','','','','','','N',0,'N','N','N','N','N','N','Y','Y','select','审批状态',50,NULL,'approvestatus','=@','等于@',21,'d3e88aaf-4810-4c99-bee1-f94358d69811','','/common-ref/','-99','N','','refpk',1,'','2021-06-23 14:36:45','N','Y',null,1);
            go
            insert into pub_query_property(pk_query_property,areaid,classid,code,containlower,creationtime,creator,datatype,dataval,defaultvalue,define1,define2,define3,define4,define5,disabled,dr,isbeyondorg,ischeck,isdefined,isfixedcondition,ismultiselectedenabled,isnotmeta,isquerycondition,isuse,itemtype,label,maxlength,metadataproperty,metapath,opersign,opersignname,position,proid,querytablename,refcode,refname,required,resid,returntype,showtype,tablecode,ts,usefunc,visible,visibleposition,width)
            values('0001ZZZZ7742f1b644ac','0001ZZZZ9c72b6571dc5','005173a2-bb00-4ee5-88e5-8b32e0ef254d','region',null,null,'~',1,'','','','','','','','N',0,'N','N','N','N','N','N','Y','Y','input','所属大区',50,NULL,'region','=@','等于@',69,'88c9a8db-feb4-4c80-860a-55a07591ad96','','/common-ref/','-99','N','','refpk',1,'','2021-06-23 14:36:45','N','Y',null,1);
            go
            insert into pub_query_property(pk_query_property,areaid,classid,code,containlower,creationtime,creator,datatype,dataval,defaultvalue,define1,define2,define3,define4,define5,disabled,dr,isbeyondorg,ischeck,isdefined,isfixedcondition,ismultiselectedenabled,isnotmeta,isquerycondition,isuse,itemtype,label,maxlength,metadataproperty,metapath,opersign,opersignname,position,proid,querytablename,refcode,refname,required,resid,returntype,showtype,tablecode,ts,usefunc,visible,visibleposition,width)
            values('0001ZZZZf488623c9121','0001ZZZZ9c72b6571dc5','005173a2-bb00-4ee5-88e5-8b32e0ef254d','proposer',null,null,'~',204,'','','','','','','','N',0,'N','N','N','N','N','N','Y','Y','refer','申请人',20,NULL,'proposer','=@','等于@',71,'3e3f3502-7b4b-4316-a5fb-84d014e76ac6','','uapbd/refer/psninfo/PsndocRiartTreeGridRef/index','人员','N','','refpk',1,'','2021-06-23 14:36:45','N','Y',null,1);
            go
            insert into pub_query_property(pk_query_property,areaid,classid,code,containlower,creationtime,creator,datatype,dataval,defaultvalue,define1,define2,define3,define4,define5,disabled,dr,isbeyondorg,ischeck,isdefined,isfixedcondition,ismultiselectedenabled,isnotmeta,isquerycondition,isuse,itemtype,label,maxlength,metadataproperty,metapath,opersign,opersignname,position,proid,querytablename,refcode,refname,required,resid,returntype,showtype,tablecode,ts,usefunc,visible,visibleposition,width)
            values('0001ZZZZ45bc6ab0827f','0001ZZZZ9c72b6571dc5','005173a2-bb00-4ee5-88e5-8b32e0ef254d','pk_org',null,null,'~',204,'','','','','','','','N',0,'N','N','N','N','N','N','Y','Y','refer','组织',20,'uap.org.name','pk_org','=@','等于@',4,'13f2f10e-5457-40cc-b226-e7ec05dff625','','uapbd/refer/org/BusinessUnitAndDeptTreeRef/index','业务单元及部门','N','','refpk',1,'','2021-06-23 14:36:45','N','Y',null,1);
            go
            insert into pub_query_property(pk_query_property,areaid,classid,code,containlower,creationtime,creator,datatype,dataval,defaultvalue,define1,define2,define3,define4,define5,disabled,dr,isbeyondorg,ischeck,isdefined,isfixedcondition,ismultiselectedenabled,isnotmeta,isquerycondition,isuse,itemtype,label,maxlength,metadataproperty,metapath,opersign,opersignname,position,proid,querytablename,refcode,refname,required,resid,returntype,showtype,tablecode,ts,usefunc,visible,visibleposition,width)
            values('0001ZZZZac9f73b52cb2','0001ZZZZ9c72b6571dc5','005173a2-bb00-4ee5-88e5-8b32e0ef254d','pk_org_v',null,null,'~',204,'','','','','','','','N',0,'N','N','N','N','N','N','Y','Y','refer','组织版本',20,'uap.org_v.name','pk_org_v','=@','等于@',5,'7a21fb88-1599-4d0c-aaaa-ed61d1a8ce2b','','uapbd/refer/orgv/BusinessUnitVersionDefaultAllTreeRef/index','业务单元版本(所有)','N','','refpk',1,'','2021-06-23 14:36:45','N','N',null,1);
            go
            insert into pub_query_property(pk_query_property,areaid,classid,code,containlower,creationtime,creator,datatype,dataval,defaultvalue,define1,define2,define3,define4,define5,disabled,dr,isbeyondorg,ischeck,isdefined,isfixedcondition,ismultiselectedenabled,isnotmeta,isquerycondition,isuse,itemtype,label,maxlength,metadataproperty,metapath,opersign,opersignname,position,proid,querytablename,refcode,refname,required,resid,returntype,showtype,tablecode,ts,usefunc,visible,visibleposition,width)
            values('0001ZZZZfc2a027199e3','0001ZZZZ9c72b6571dc5','005173a2-bb00-4ee5-88e5-8b32e0ef254d','address',null,null,'~',1,'','','','','','','','N',0,'N','N','N','N','N','N','Y','Y','input','详细地址',50,NULL,'address','=@','等于@',70,'74e48c8d-865c-4d44-ba4b-517b339ebbcf','','/common-ref/','-99','N','','refpk',1,'','2021-06-23 14:36:45','N','Y',null,1);
            go
            insert into pub_query_property(pk_query_property,areaid,classid,code,containlower,creationtime,creator,datatype,dataval,defaultvalue,define1,define2,define3,define4,define5,disabled,dr,isbeyondorg,ischeck,isdefined,isfixedcondition,ismultiselectedenabled,isnotmeta,isquerycondition,isuse,itemtype,label,maxlength,metadataproperty,metapath,opersign,opersignname,position,proid,querytablename,refcode,refname,required,resid,returntype,showtype,tablecode,ts,usefunc,visible,visibleposition,width)
            values('0001ZZZZ12ddca5a9404','0001ZZZZ9c72b6571dc5','005173a2-bb00-4ee5-88e5-8b32e0ef254d','pk_group',null,null,'~',204,'','','','','','','','N',0,'N','N','N','N','N','N','Y','Y','refer','集团',20,'uap.group.name','pk_group','=@','等于@',3,'7ace0d83-dd4b-4791-9369-57cd596301f2','','uap/refer/riart/groupTreeRef/index','集团','N','','refpk',1,'','2021-06-23 14:36:45','N','Y',null,1);
            go


        insert into pub_form_property(pk_form_property,areaid,classid,code,colnum,color,creationtime,creator,datatype,dataval,defaultvalue,defaultvar,define1,define2,define3,disabled,dr,editformula,hyperlinkflag,iscode,isdefined,ismultiselectedenabled,isnextrow,isrevise,istotal,itemtype,label,maxlength,metadataproperty,metaid,metapath,modifiedtime,modifier,position,proid,refcode,refname,relatemeta,required,resid,showformula,textrows,ts,validateformula,visible,width)
        values('0001ZZZZ4593a9fb8000','0001ZZZZ967aa3a69f81','005173a2-bb00-4ee5-88e5-8b32e0ef254d','pk_busitype',null,'#111111',null,'~',204, '', null,null,null,null,null,'N',0,null,'N','N','N',null,'N','N','N','refer','业务类型',28,'uap.BusitypeVO.businame','7717f1a3-b777-454e-abb5-ef8705a0f0c2','pk_busitype',null,'~',9,'7d1b80db-7d72-4f5c-8a48-0ff3d430857c','uap/refer/riart/busitype/index','业务流程',null,'N',null,null,null,'2021-06-23 14:36:45',null,'Y',null);
        go

        insert into pub_form_property(pk_form_property,areaid,classid,code,colnum,color,creationtime,creator,datatype,dataval,defaultvalue,defaultvar,define1,define2,define3,disabled,dr,editformula,hyperlinkflag,iscode,isdefined,ismultiselectedenabled,isnextrow,isrevise,istotal,itemtype,label,maxlength,metadataproperty,metaid,metapath,modifiedtime,modifier,position,proid,refcode,refname,relatemeta,required,resid,showformula,textrows,ts,validateformula,visible,width)
        values('0001ZZZZ4593a9fb8001','0001ZZZZ967aa3a69f81','005173a2-bb00-4ee5-88e5-8b32e0ef254d','pk_transtype',null,'#111111',null,'~',204, '', null,null,null,null,null,'N',0,null,'N','N','N',null,'N','N','N','refer','交易类型',28,'uap.BilltypeVO.billtypename','b0fa41cd-a649-4309-b685-d341a5d1b0ed','pk_transtype',null,'~',13,'e520f1bc-bdcf-448a-907c-dd4220a9b72f','uap/refer/riart/transtype/index','影响因素交 易类型',null,'N',null,null,null,'2021-06-23 14:36:45',null,'Y',null);
        go

        insert into pub_form_property(pk_form_property,areaid,classid,code,colnum,color,creationtime,creator,datatype,dataval,defaultvalue,defaultvar,define1,define2,define3,disabled,dr,editformula,hyperlinkflag,iscode,isdefined,ismultiselectedenabled,isnextrow,isrevise,istotal,itemtype,label,maxlength,metadataproperty,metaid,metapath,modifiedtime,modifier,position,proid,refcode,refname,relatemeta,required,resid,showformula,textrows,ts,validateformula,visible,width)
        values('0001ZZZZ4593a9fb8002','0001ZZZZ967aa3a69f81','005173a2-bb00-4ee5-88e5-8b32e0ef254d','transtypecode',null,'#111111',null,'~',1, null, null,null,null,null,null,'N',0,null,'N','N','N',null,'N','N','N','input','交易类型编码',28,NULL,'','transtypecode',null,'~',12,'c690faaf-bdee-402f-9aa7-e7cde2717ff5','/common-ref/','-99',null,'N',null,null,null,'2021-06-23 14:36:45',null,'Y',null);
        go

        insert into pub_form_property(pk_form_property,areaid,classid,code,colnum,color,creationtime,creator,datatype,dataval,defaultvalue,defaultvar,define1,define2,define3,disabled,dr,editformula,hyperlinkflag,iscode,isdefined,ismultiselectedenabled,isnextrow,isrevise,istotal,itemtype,label,maxlength,metadataproperty,metaid,metapath,modifiedtime,modifier,position,proid,refcode,refname,relatemeta,required,resid,showformula,textrows,ts,validateformula,visible,width)
        values('0001ZZZZ4593a9fb8003','0001ZZZZ967aa3a69f81','005173a2-bb00-4ee5-88e5-8b32e0ef254d','modifier',null,'#111111',null,'~',204, '', null,null,null,null,null,'N',0,null,'N','N','N',null,'N','N','N','refer','修改人',28,NULL,'f6f9a473-56c0-432f-8bc7-fbf8fde54fee','modifier',null,'~',18,'cc662822-dfa2-472c-a49b-b120c5a2f171','uap/refer/riart/userDefaultRefer/index','用户',null,'N',null,null,null,'2021-06-23 14:36:45',null,'Y',null);
        go

        insert into pub_form_property(pk_form_property,areaid,classid,code,colnum,color,creationtime,creator,datatype,dataval,defaultvalue,defaultvar,define1,define2,define3,disabled,dr,editformula,hyperlinkflag,iscode,isdefined,ismultiselectedenabled,isnextrow,isrevise,istotal,itemtype,label,maxlength,metadataproperty,metaid,metapath,modifiedtime,modifier,position,proid,refcode,refname,relatemeta,required,resid,showformula,textrows,ts,validateformula,visible,width)
        values('0001ZZZZ4593a9fb8004','0001ZZZZ967aa3a69f81','005173a2-bb00-4ee5-88e5-8b32e0ef254d','modifiedtime',null,'#111111',null,'~',34, null, null,null,null,null,null,'N',0,null,'N','N','N',null,'N','N','N','datetimepicker','修改时间',28,NULL,'','modifiedtime',null,'~',19,'3ec46064-d94c-4a12-a645-c027b9798da7','/common-ref/','-99',null,'N',null,null,null,'2021-06-23 14:36:45',null,'Y',null);
        go

        insert into pub_form_property(pk_form_property,areaid,classid,code,colnum,color,creationtime,creator,datatype,dataval,defaultvalue,defaultvar,define1,define2,define3,disabled,dr,editformula,hyperlinkflag,iscode,isdefined,ismultiselectedenabled,isnextrow,isrevise,istotal,itemtype,label,maxlength,metadataproperty,metaid,metapath,modifiedtime,modifier,position,proid,refcode,refname,relatemeta,required,resid,showformula,textrows,ts,validateformula,visible,width)
        values('0001ZZZZ4593a9fb8005','0001ZZZZ967aa3a69f81','005173a2-bb00-4ee5-88e5-8b32e0ef254d','creator',null,'#111111',null,'~',204, '', null,null,null,null,null,'N',0,null,'N','N','N',null,'N','N','N','refer','创建人',28,NULL,'f6f9a473-56c0-432f-8bc7-fbf8fde54fee','creator',null,'~',16,'40c6e924-684c-44f1-83f5-4ce195cebb47','uap/refer/riart/userDefaultRefer/index','用户',null,'N',null,null,null,'2021-06-23 14:36:45',null,'Y',null);
        go

        insert into pub_form_property(pk_form_property,areaid,classid,code,colnum,color,creationtime,creator,datatype,dataval,defaultvalue,defaultvar,define1,define2,define3,disabled,dr,editformula,hyperlinkflag,iscode,isdefined,ismultiselectedenabled,isnextrow,isrevise,istotal,itemtype,label,maxlength,metadataproperty,metaid,metapath,modifiedtime,modifier,position,proid,refcode,refname,relatemeta,required,resid,showformula,textrows,ts,validateformula,visible,width)
        values('0001ZZZZ4593a9fb8006','0001ZZZZ967aa3a69f81','005173a2-bb00-4ee5-88e5-8b32e0ef254d','creationtime',null,'#111111',null,'~',34, null, null,null,null,null,null,'N',0,null,'N','N','N',null,'N','N','N','datetimepicker','创建时间',28,NULL,'','creationtime',null,'~',17,'2d2a2381-c658-4a21-8de3-d3447775d980','/common-ref/','-99',null,'N',null,null,null,'2021-06-23 14:36:45',null,'Y',null);
        go

        insert into pub_form_property(pk_form_property,areaid,classid,code,colnum,color,creationtime,creator,datatype,dataval,defaultvalue,defaultvar,define1,define2,define3,disabled,dr,editformula,hyperlinkflag,iscode,isdefined,ismultiselectedenabled,isnextrow,isrevise,istotal,itemtype,label,maxlength,metadataproperty,metaid,metapath,modifiedtime,modifier,position,proid,refcode,refname,relatemeta,required,resid,showformula,textrows,ts,validateformula,visible,width)
        values('0001ZZZZ4593a9fb8007','0001ZZZZ967aa3a69f81','005173a2-bb00-4ee5-88e5-8b32e0ef254d','billmaker',null,'#111111',null,'~',204, '', null,null,null,null,null,'N',0,null,'N','N','N',null,'N','N','N','refer','制单人',28,NULL,'f6f9a473-56c0-432f-8bc7-fbf8fde54fee','billmaker',null,'~',14,'14ac655e-efaf-48cb-8d08-6326eb4987f0','uap/refer/riart/userDefaultRefer/index','用户',null,'N',null,null,null,'2021-06-23 14:36:45',null,'Y',null);
        go

        insert into pub_form_property(pk_form_property,areaid,classid,code,colnum,color,creationtime,creator,datatype,dataval,defaultvalue,defaultvar,define1,define2,define3,disabled,dr,editformula,hyperlinkflag,iscode,isdefined,ismultiselectedenabled,isnextrow,isrevise,istotal,itemtype,label,maxlength,metadataproperty,metaid,metapath,modifiedtime,modifier,position,proid,refcode,refname,relatemeta,required,resid,showformula,textrows,ts,validateformula,visible,width)
        values('0001ZZZZ4593a9fb8008','0001ZZZZ967aa3a69f81','005173a2-bb00-4ee5-88e5-8b32e0ef254d','maketime',null,'#111111',null,'~',33, null, null,null,null,null,null,'N',0,null,'N','N','N',null,'N','N','N','datepicker','制单时间',28,NULL,'','maketime',null,'~',15,'9f64cc00-3213-42a6-879e-2fa7b878829f','/common-ref/','-99',null,'N',null,null,null,'2021-06-23 14:36:45',null,'Y',null);
        go

        insert into pub_form_property(pk_form_property,areaid,classid,code,colnum,color,creationtime,creator,datatype,dataval,defaultvalue,defaultvar,define1,define2,define3,disabled,dr,editformula,hyperlinkflag,iscode,isdefined,ismultiselectedenabled,isnextrow,isrevise,istotal,itemtype,label,maxlength,metadataproperty,metaid,metapath,modifiedtime,modifier,position,proid,refcode,refname,relatemeta,required,resid,showformula,textrows,ts,validateformula,visible,width)
        values('0001ZZZZ4593a9fb8009','0001ZZZZ967aa3a69f81','005173a2-bb00-4ee5-88e5-8b32e0ef254d','bill_no',null,'#111111',null,'~',1, null, null,null,null,null,null,'Y',0,null,'N','N','N',null,'N','N','N','input','单据号',28,NULL,'','bill_no',null,'~',8,'7d9083e3-9a60-4d7e-bf03-8ef982841dcb','/common-ref/','-99',null,'N',null,null,null,'2021-06-23 14:36:45',null,'Y',null);
        go

        insert into pub_form_property(pk_form_property,areaid,classid,code,colnum,color,creationtime,creator,datatype,dataval,defaultvalue,defaultvar,define1,define2,define3,disabled,dr,editformula,hyperlinkflag,iscode,isdefined,ismultiselectedenabled,isnextrow,isrevise,istotal,itemtype,label,maxlength,metadataproperty,metaid,metapath,modifiedtime,modifier,position,proid,refcode,refname,relatemeta,required,resid,showformula,textrows,ts,validateformula,visible,width)
        values('0001ZZZZ4593a9fb8010','0001ZZZZ967aa3a69f81','005173a2-bb00-4ee5-88e5-8b32e0ef254d','dbilldate',null,'#111111',null,'~',33, null, null,null,null,null,null,'N',0,null,'N','N','N',null,'N','N','N','datepicker','单据日期',28,NULL,'','dbilldate',null,'~',6,'e26e3b70-97ac-4b6b-ab4a-78c0201fda96','/common-ref/','-99',null,'N',null,null,null,'2021-06-23 14:36:45',null,'Y',null);
        go

        insert into pub_form_property(pk_form_property,areaid,classid,code,colnum,color,creationtime,creator,datatype,dataval,defaultvalue,defaultvar,define1,define2,define3,disabled,dr,editformula,hyperlinkflag,iscode,isdefined,ismultiselectedenabled,isnextrow,isrevise,istotal,itemtype,label,maxlength,metadataproperty,metaid,metapath,modifiedtime,modifier,position,proid,refcode,refname,relatemeta,required,resid,showformula,textrows,ts,validateformula,visible,width)
        values('0001ZZZZ4593a9fb8011','0001ZZZZ967aa3a69f81','005173a2-bb00-4ee5-88e5-8b32e0ef254d','billstatus',null,'#111111',null,'~',203, '自由=-1,审批未通过=0,审批通过=1,审批进行中=2,提交=3','-1',null,null,null,null,'N',0,null,'N','N','N',null,'N','N','N','select','单据状态',28,NULL,'','billstatus',null,'~',7,'aa8be0bc-175a-4e68-b640-2a30a50bf87f','/common-ref/','-99',null,'N',null,null,null,'2021-06-23 14:36:45',null,'Y',null);
        go

        insert into pub_form_property(pk_form_property,areaid,classid,code,colnum,color,creationtime,creator,datatype,dataval,defaultvalue,defaultvar,define1,define2,define3,disabled,dr,editformula,hyperlinkflag,iscode,isdefined,ismultiselectedenabled,isnextrow,isrevise,istotal,itemtype,label,maxlength,metadataproperty,metaid,metapath,modifiedtime,modifier,position,proid,refcode,refname,relatemeta,required,resid,showformula,textrows,ts,validateformula,visible,width)
        values('0001ZZZZ4593a9fb8012','0001ZZZZ967aa3a69f81','005173a2-bb00-4ee5-88e5-8b32e0ef254d','pk_billtypeid',null,'#111111',null,'~',204, '', null,null,null,null,null,'N',0,null,'N','N','N',null,'N','N','N','refer','单据类型',28,'uap.BilltypeVO.billtypename','b0fa41cd-a649-4309-b685-d341a5d1b0ed','pk_billtypeid',null,'~',10,'3ff17c36-ae46-425d-9ab1-29b926b91379','uap/refer/riart/billtype/index','影响因素单据类型',null,'N',null,null,null,'2021-06-23 14:36:45',null,'Y',null);
        go

        insert into pub_form_property(pk_form_property,areaid,classid,code,colnum,color,creationtime,creator,datatype,dataval,defaultvalue,defaultvar,define1,define2,define3,disabled,dr,editformula,hyperlinkflag,iscode,isdefined,ismultiselectedenabled,isnextrow,isrevise,istotal,itemtype,label,maxlength,metadataproperty,metaid,metapath,modifiedtime,modifier,position,proid,refcode,refname,relatemeta,required,resid,showformula,textrows,ts,validateformula,visible,width)
        values('0001ZZZZ4593a9fb8013','0001ZZZZ967aa3a69f81','005173a2-bb00-4ee5-88e5-8b32e0ef254d','billtype',null,'#111111',null,'~',1, null, null,null,null,null,null,'N',0,null,'N','N','N',null,'N','N','N','input','单据类型编码',28,NULL,'','billtype',null,'~',11,'a2327e0d-baee-48ce-bb91-ee885342f65b','/common-ref/','-99',null,'N',null,null,null,'2021-06-23 14:36:45',null,'Y',null);
        go

        insert into pub_form_property(pk_form_property,areaid,classid,code,colnum,color,creationtime,creator,datatype,dataval,defaultvalue,defaultvar,define1,define2,define3,disabled,dr,editformula,hyperlinkflag,iscode,isdefined,ismultiselectedenabled,isnextrow,isrevise,istotal,itemtype,label,maxlength,metadataproperty,metaid,metapath,modifiedtime,modifier,position,proid,refcode,refname,relatemeta,required,resid,showformula,textrows,ts,validateformula,visible,width)
        values('0001ZZZZ4593a9fb8014','0001ZZZZ967aa3a69f81','005173a2-bb00-4ee5-88e5-8b32e0ef254d','vnote',null,'#111111',null,'~',1, null, null,null,null,null,null,'N',0,null,'N','N','N',null,'N','N','N','input','备注',28,NULL,'','vnote',null,'~',24,'dcb084fd-dd01-4b5b-988a-31b971ae4eaa','/common-ref/','-99',null,'N',null,null,null,'2021-06-23 14:36:45',null,'Y',null);
        go

        insert into pub_form_property(pk_form_property,areaid,classid,code,colnum,color,creationtime,creator,datatype,dataval,defaultvalue,defaultvar,define1,define2,define3,disabled,dr,editformula,hyperlinkflag,iscode,isdefined,ismultiselectedenabled,isnextrow,isrevise,istotal,itemtype,label,maxlength,metadataproperty,metaid,metapath,modifiedtime,modifier,position,proid,refcode,refname,relatemeta,required,resid,showformula,textrows,ts,validateformula,visible,width)
        values('0001ZZZZ4593a9fb8015','0001ZZZZ967aa3a69f81','005173a2-bb00-4ee5-88e5-8b32e0ef254d','school',null,'#111111',null,'~',1, null, null,null,null,null,null,'N',0,null,'N','N','N',null,'N','N','N','input','学校名称',28,NULL,'','school',null,'~',68,'1434900d-1469-499e-95c1-512d18d3e9f8','/common-ref/','-99',null,'N',null,null,null,'2021-06-23 14:36:45',null,'Y',null);
        go

        insert into pub_form_property(pk_form_property,areaid,classid,code,colnum,color,creationtime,creator,datatype,dataval,defaultvalue,defaultvar,define1,define2,define3,disabled,dr,editformula,hyperlinkflag,iscode,isdefined,ismultiselectedenabled,isnextrow,isrevise,istotal,itemtype,label,maxlength,metadataproperty,metaid,metapath,modifiedtime,modifier,position,proid,refcode,refname,relatemeta,required,resid,showformula,textrows,ts,validateformula,visible,width)
        values('0001ZZZZ4593a9fb8016','0001ZZZZ967aa3a69f81','005173a2-bb00-4ee5-88e5-8b32e0ef254d','pk_schoolf',null,'#111111',null,'~',1, null, null,null,null,null,null,'N',0,null,'N','N','N',null,'N','N','N','input','学校申请单主键',28,NULL,'','pk_schoolf',null,'~',1,'18c42d03-a7b1-4ba1-93ef-3b0e52b1b964','/common-ref/','-99',null,'Y',null,null,null,'2021-06-23 14:36:45',null,'N',null);
        go

        insert into pub_form_property(pk_form_property,areaid,classid,code,colnum,color,creationtime,creator,datatype,dataval,defaultvalue,defaultvar,define1,define2,define3,disabled,dr,editformula,hyperlinkflag,iscode,isdefined,ismultiselectedenabled,isnextrow,isrevise,istotal,itemtype,label,maxlength,metadataproperty,metaid,metapath,modifiedtime,modifier,position,proid,refcode,refname,relatemeta,required,resid,showformula,textrows,ts,validateformula,visible,width)
        values('0001ZZZZ4593a9fb8017','0001ZZZZ967aa3a69f81','005173a2-bb00-4ee5-88e5-8b32e0ef254d','approver',null,'#111111',null,'~',204, '', null,null,null,null,null,'N',0,null,'N','N','N',null,'N','N','N','refer','审批人',28,NULL,'f6f9a473-56c0-432f-8bc7-fbf8fde54fee','approver',null,'~',20,'652d767f-f394-4268-b5fc-9869579915dd','uap/refer/riart/userDefaultRefer/index','用户',null,'N',null,null,null,'2021-06-23 14:36:45',null,'Y',null);
        go

        insert into pub_form_property(pk_form_property,areaid,classid,code,colnum,color,creationtime,creator,datatype,dataval,defaultvalue,defaultvar,define1,define2,define3,disabled,dr,editformula,hyperlinkflag,iscode,isdefined,ismultiselectedenabled,isnextrow,isrevise,istotal,itemtype,label,maxlength,metadataproperty,metaid,metapath,modifiedtime,modifier,position,proid,refcode,refname,relatemeta,required,resid,showformula,textrows,ts,validateformula,visible,width)
        values('0001ZZZZ4593a9fb8018','0001ZZZZ967aa3a69f81','005173a2-bb00-4ee5-88e5-8b32e0ef254d','approvenote',null,'#111111',null,'~',1, null, null,null,null,null,null,'N',0,null,'N','N','N',null,'N','N','N','input','审批批语',28,NULL,'','approvenote',null,'~',22,'01ef8028-00c8-4a3f-83d7-5e6943878f3e','/common-ref/','-99',null,'N',null,null,null,'2021-06-23 14:36:45',null,'Y',null);
        go

        insert into pub_form_property(pk_form_property,areaid,classid,code,colnum,color,creationtime,creator,datatype,dataval,defaultvalue,defaultvar,define1,define2,define3,disabled,dr,editformula,hyperlinkflag,iscode,isdefined,ismultiselectedenabled,isnextrow,isrevise,istotal,itemtype,label,maxlength,metadataproperty,metaid,metapath,modifiedtime,modifier,position,proid,refcode,refname,relatemeta,required,resid,showformula,textrows,ts,validateformula,visible,width)
        values('0001ZZZZ4593a9fb8019','0001ZZZZ967aa3a69f81','005173a2-bb00-4ee5-88e5-8b32e0ef254d','approvedate',null,'#111111',null,'~',34, null, null,null,null,null,null,'N',0,null,'N','N','N',null,'N','N','N','datetimepicker','审批时间',28,NULL,'','approvedate',null,'~',23,'7758c536-9a80-497f-af3d-03b29aeb830c','/common-ref/','-99',null,'N',null,null,null,'2021-06-23 14:36:45',null,'Y',null);
        go

        insert into pub_form_property(pk_form_property,areaid,classid,code,colnum,color,creationtime,creator,datatype,dataval,defaultvalue,defaultvar,define1,define2,define3,disabled,dr,editformula,hyperlinkflag,iscode,isdefined,ismultiselectedenabled,isnextrow,isrevise,istotal,itemtype,label,maxlength,metadataproperty,metaid,metapath,modifiedtime,modifier,position,proid,refcode,refname,relatemeta,required,resid,showformula,textrows,ts,validateformula,visible,width)
        values('0001ZZZZ4593a9fb8020','0001ZZZZ967aa3a69f81','005173a2-bb00-4ee5-88e5-8b32e0ef254d','approvestatus',null,'#111111',null,'~',203, '自由=-1,审批未通过=0,审批通过=1,审批进行中=2,提交=3', null,null,null,null,null,'N',0,null,'N','N','N',null,'N','N','N','select','审批状态',28,NULL,'','approvestatus',null,'~',21,'e09147c6-93e8-4301-a151-df49a3d8ff23','/common-ref/','-99',null,'N',null,null,null,'2021-06-23 14:36:45',null,'Y',null);
        go

        insert into pub_form_property(pk_form_property,areaid,classid,code,colnum,color,creationtime,creator,datatype,dataval,defaultvalue,defaultvar,define1,define2,define3,disabled,dr,editformula,hyperlinkflag,iscode,isdefined,ismultiselectedenabled,isnextrow,isrevise,istotal,itemtype,label,maxlength,metadataproperty,metaid,metapath,modifiedtime,modifier,position,proid,refcode,refname,relatemeta,required,resid,showformula,textrows,ts,validateformula,visible,width)
        values('0001ZZZZ4593a9fb8021','0001ZZZZ967aa3a69f81','005173a2-bb00-4ee5-88e5-8b32e0ef254d','region',null,'#111111',null,'~',1, null, null,null,null,null,null,'N',0,null,'N','N','N',null,'N','N','N','input','所属大区',28,NULL,'','region',null,'~',69,'ff3118fb-40f6-4e8c-b5b7-792ad3d3b04d','/common-ref/','-99',null,'N',null,null,null,'2021-06-23 14:36:45',null,'Y',null);
        go

        insert into pub_form_property(pk_form_property,areaid,classid,code,colnum,color,creationtime,creator,datatype,dataval,defaultvalue,defaultvar,define1,define2,define3,disabled,dr,editformula,hyperlinkflag,iscode,isdefined,ismultiselectedenabled,isnextrow,isrevise,istotal,itemtype,label,maxlength,metadataproperty,metaid,metapath,modifiedtime,modifier,position,proid,refcode,refname,relatemeta,required,resid,showformula,textrows,ts,validateformula,visible,width)
        values('0001ZZZZ4593a9fb8035','0001ZZZZ967aa3a69f81','005173a2-bb00-4ee5-88e5-8b32e0ef254d','proposer',null,'#111111',null,'~',204, '', null,null,null,null,null,'N',0,null,'N','N','N',null,'N','N','N','refer','申请人',28,NULL,'40d39c26-a2b6-4f16-a018-45664cac1a1f','proposer',null,'~',71,'103772c8-d3ed-4e43-ac2b-9a3d32f8648f','uapbd/refer/psninfo/PsndocRiartTreeGridRef/index','人员',null,'N',null,null,null,'2021-06-23 14:36:45',null,'Y',null);
        go

        insert into pub_form_property(pk_form_property,areaid,classid,code,colnum,color,creationtime,creator,datatype,dataval,defaultvalue,defaultvar,define1,define2,define3,disabled,dr,editformula,hyperlinkflag,iscode,isdefined,ismultiselectedenabled,isnextrow,isrevise,istotal,itemtype,label,maxlength,metadataproperty,metaid,metapath,modifiedtime,modifier,position,proid,refcode,refname,relatemeta,required,resid,showformula,textrows,ts,validateformula,visible,width)
        values('0001ZZZZ4593a9fb8037','0001ZZZZ967aa3a69f81','005173a2-bb00-4ee5-88e5-8b32e0ef254d','pk_org',null,'#111111',null,'~',204, '', null,null,null,null,null,'N',0,null,'N','N','N',null,'N','N','N','refer','组织',28,'uap.org.name','985be8a4-3a36-4778-8afe-2d8ed3902659','pk_org',null,'~',4,'7772113d-b7cc-49f6-98fb-560e73fd3fe1','uapbd/refer/org/BusinessUnitAndDeptTreeRef/index','业务单元及部门',null,'N',null,null,null,'2021-06-23 14:36:45',null,'Y',null);
        go

        insert into pub_form_property(pk_form_property,areaid,classid,code,colnum,color,creationtime,creator,datatype,dataval,defaultvalue,defaultvar,define1,define2,define3,disabled,dr,editformula,hyperlinkflag,iscode,isdefined,ismultiselectedenabled,isnextrow,isrevise,istotal,itemtype,label,maxlength,metadataproperty,metaid,metapath,modifiedtime,modifier,position,proid,refcode,refname,relatemeta,required,resid,showformula,textrows,ts,validateformula,visible,width)
        values('0001ZZZZ4593a9fb8038','0001ZZZZ967aa3a69f81','005173a2-bb00-4ee5-88e5-8b32e0ef254d','pk_org_v',null,'#111111',null,'~',204, '', null,null,null,null,null,'N',0,null,'N','N','N',null,'N','N','N','refer','组织版本',28,'uap.org_v.name','da7bba89-9a59-42d6-a262-c13ef459dbd9','pk_org_v',null,'~',5,'bdb892f4-3f2d-4778-b2f6-e4575a955662','uapbd/refer/orgv/BusinessUnitVersionDefaultAllTreeRef/index','业务单元版本(所有)',null,'N',null,null,null,'2021-06-23 14:36:45',null,'N',null);
        go

        insert into pub_form_property(pk_form_property,areaid,classid,code,colnum,color,creationtime,creator,datatype,dataval,defaultvalue,defaultvar,define1,define2,define3,disabled,dr,editformula,hyperlinkflag,iscode,isdefined,ismultiselectedenabled,isnextrow,isrevise,istotal,itemtype,label,maxlength,metadataproperty,metaid,metapath,modifiedtime,modifier,position,proid,refcode,refname,relatemeta,required,resid,showformula,textrows,ts,validateformula,visible,width)
        values('0001ZZZZ4593a9fb8069','0001ZZZZ967aa3a69f81','005173a2-bb00-4ee5-88e5-8b32e0ef254d','address',null,'#111111',null,'~',1, null, null,null,null,null,null,'N',0,null,'N','N','N',null,'N','N','N','input','详细地址',28,NULL,'','address',null,'~',70,'4d9e74d3-78d3-4032-8caa-54db1c385917','/common-ref/','-99',null,'N',null,null,null,'2021-06-23 14:36:45',null,'Y',null);
        go

        insert into pub_form_property(pk_form_property,areaid,classid,code,colnum,color,creationtime,creator,datatype,dataval,defaultvalue,defaultvar,define1,define2,define3,disabled,dr,editformula,hyperlinkflag,iscode,isdefined,ismultiselectedenabled,isnextrow,isrevise,istotal,itemtype,label,maxlength,metadataproperty,metaid,metapath,modifiedtime,modifier,position,proid,refcode,refname,relatemeta,required,resid,showformula,textrows,ts,validateformula,visible,width)
        values('0001ZZZZ4593a9fb8070','0001ZZZZ967aa3a69f81','005173a2-bb00-4ee5-88e5-8b32e0ef254d','pk_group',null,'#111111',null,'~',204, '', null,null,null,null,null,'N',0,null,'N','N','N',null,'N','N','N','refer','集团',28,'uap.group.name','3b6dd171-2900-47f3-bfbe-41e4483a2a65','pk_group',null,'~',3,'3b14a77b-d4ad-40f7-8f80-6dd309d943f1','uap/refer/riart/groupTreeRef/index','集团',null,'N',null,null,null,'2021-06-23 14:36:45',null,'Y',null);
        go








            insert into pub_form_property(pk_form_property,areaid,classid,code,colnum,color,creationtime,creator,datatype,dataval,defaultvalue,defaultvar,define1,define2,define3,disabled,dr,editformula,hyperlinkflag,iscode,isdefined,ismultiselectedenabled,isnextrow,isrevise,istotal,itemtype,label,maxlength,metadataproperty,metaid,metapath,modifiedtime,modifier,position,proid,refcode,refname,relatemeta,required,resid,showformula,textrows,ts,validateformula,visible,width)
            values('0001ZZZZ4d9b231b9000','0001ZZZZ4975ed5c6fff','005173a2-bb00-4ee5-88e5-8b32e0ef254d','pk_busitype','1','#111111',null,'~',204,'' , null,null,null,null,null,'N',0,null,'N','N','N',null,'N','N','N','refer','业务类型',28,'uap.BusitypeVO.businame','','pk_busitype',null,'~',9,'6d478254-0064-4b21-abce-58d16d0be1f5','uap/refer/riart/busitype/index','业务流程',null,'N',null,null,null,'2021-06-23 14:36:45',null,'Y',null);
            go
            insert into pub_form_property(pk_form_property,areaid,classid,code,colnum,color,creationtime,creator,datatype,dataval,defaultvalue,defaultvar,define1,define2,define3,disabled,dr,editformula,hyperlinkflag,iscode,isdefined,ismultiselectedenabled,isnextrow,isrevise,istotal,itemtype,label,maxlength,metadataproperty,metaid,metapath,modifiedtime,modifier,position,proid,refcode,refname,relatemeta,required,resid,showformula,textrows,ts,validateformula,visible,width)
            values('0001ZZZZ4d9b231b9001','0001ZZZZ4975ed5c6fff','005173a2-bb00-4ee5-88e5-8b32e0ef254d','pk_transtype','1','#111111',null,'~',204,'' , null,null,null,null,null,'N',0,null,'N','N','N',null,'N','N','N','refer','交易类型',28,'uap.BilltypeVO.billtypename','','pk_transtype',null,'~',13,'c71d7593-909b-4ba9-a397-fcb76d87971a','uap/refer/riart/transtype/index','影响因素交 易类型',null,'N',null,null,null,'2021-06-23 14:36:45',null,'Y',null);
            go
            insert into pub_form_property(pk_form_property,areaid,classid,code,colnum,color,creationtime,creator,datatype,dataval,defaultvalue,defaultvar,define1,define2,define3,disabled,dr,editformula,hyperlinkflag,iscode,isdefined,ismultiselectedenabled,isnextrow,isrevise,istotal,itemtype,label,maxlength,metadataproperty,metaid,metapath,modifiedtime,modifier,position,proid,refcode,refname,relatemeta,required,resid,showformula,textrows,ts,validateformula,visible,width)
            values('0001ZZZZ4d9b231b9002','0001ZZZZ4975ed5c6fff','005173a2-bb00-4ee5-88e5-8b32e0ef254d','transtypecode','1','#111111',null,'~',1,null, null,null,null,null,null,'N',0,null,'N','N','N',null,'N','N','N','input','交易类型编码',28,NULL,'','transtypecode',null,'~',12,'78270add-7adf-4f04-b104-eb9ba7c533a4','/common-ref/','-99',null,'N',null,null,null,'2021-06-23 14:36:45',null,'Y',null);
            go
            insert into pub_form_property(pk_form_property,areaid,classid,code,colnum,color,creationtime,creator,datatype,dataval,defaultvalue,defaultvar,define1,define2,define3,disabled,dr,editformula,hyperlinkflag,iscode,isdefined,ismultiselectedenabled,isnextrow,isrevise,istotal,itemtype,label,maxlength,metadataproperty,metaid,metapath,modifiedtime,modifier,position,proid,refcode,refname,relatemeta,required,resid,showformula,textrows,ts,validateformula,visible,width)
            values('0001ZZZZdf1c51f872f1','0001ZZZZ4a0af02ecc08','005173a2-bb00-4ee5-88e5-8b32e0ef254d','modifier','1','#111111',null,'~',204,'', null,null,null,null,null,'N',0,null,'N','N','N',null,'N','N','N','refer','修改人',28,NULL,'','modifier',null,'~',18,'a4802805-847e-4575-ba95-83f56bf5737f','uap/refer/riart/userDefaultRefer/index','用户',null,'N',null,null,null,'2021-06-23 14:36:45',null,'Y',null);
            go
            insert into pub_form_property(pk_form_property,areaid,classid,code,colnum,color,creationtime,creator,datatype,dataval,defaultvalue,defaultvar,define1,define2,define3,disabled,dr,editformula,hyperlinkflag,iscode,isdefined,ismultiselectedenabled,isnextrow,isrevise,istotal,itemtype,label,maxlength,metadataproperty,metaid,metapath,modifiedtime,modifier,position,proid,refcode,refname,relatemeta,required,resid,showformula,textrows,ts,validateformula,visible,width)
            values('0001ZZZZ9bbe5e633072','0001ZZZZ4a0af02ecc08','005173a2-bb00-4ee5-88e5-8b32e0ef254d','modifiedtime','1','#111111',null,'~',34,null, null,null,null,null,null,'N',0,null,'N','N','N',null,'N','N','N','datetimepicker','修改时间',28,NULL,'','modifiedtime',null,'~',19,'8f068a25-bbd2-498a-ace4-5b18096483f1','/common-ref/','-99',null,'N',null,null,null,'2021-06-23 14:36:45',null,'Y',null);
            go
            insert into pub_form_property(pk_form_property,areaid,classid,code,colnum,color,creationtime,creator,datatype,dataval,defaultvalue,defaultvar,define1,define2,define3,disabled,dr,editformula,hyperlinkflag,iscode,isdefined,ismultiselectedenabled,isnextrow,isrevise,istotal,itemtype,label,maxlength,metadataproperty,metaid,metapath,modifiedtime,modifier,position,proid,refcode,refname,relatemeta,required,resid,showformula,textrows,ts,validateformula,visible,width)
            values('0001ZZZZ7258118c930b','0001ZZZZ4a0af02ecc08','005173a2-bb00-4ee5-88e5-8b32e0ef254d','creator','1','#111111',null,'~',204,'', null,null,null,null,null,'N',0,null,'N','N','N',null,'N','N','N','refer','创建人',28,NULL,'','creator',null,'~',16,'ffe202d6-089c-4864-8c14-4079a15d37aa','uap/refer/riart/userDefaultRefer/index','用户',null,'N',null,null,null,'2021-06-23 14:36:45',null,'Y',null);
            go
            insert into pub_form_property(pk_form_property,areaid,classid,code,colnum,color,creationtime,creator,datatype,dataval,defaultvalue,defaultvar,define1,define2,define3,disabled,dr,editformula,hyperlinkflag,iscode,isdefined,ismultiselectedenabled,isnextrow,isrevise,istotal,itemtype,label,maxlength,metadataproperty,metaid,metapath,modifiedtime,modifier,position,proid,refcode,refname,relatemeta,required,resid,showformula,textrows,ts,validateformula,visible,width)
            values('0001ZZZZ37cb78373150','0001ZZZZ4a0af02ecc08','005173a2-bb00-4ee5-88e5-8b32e0ef254d','creationtime','1','#111111',null,'~',34,null, null,null,null,null,null,'N',0,null,'N','N','N',null,'N','N','N','datetimepicker','创建时间',28,NULL,'','creationtime',null,'~',17,'cf565c79-b324-486f-a72b-31263215d5b1','/common-ref/','-99',null,'N',null,null,null,'2021-06-23 14:36:45',null,'Y',null);
            go
            insert into pub_form_property(pk_form_property,areaid,classid,code,colnum,color,creationtime,creator,datatype,dataval,defaultvalue,defaultvar,define1,define2,define3,disabled,dr,editformula,hyperlinkflag,iscode,isdefined,ismultiselectedenabled,isnextrow,isrevise,istotal,itemtype,label,maxlength,metadataproperty,metaid,metapath,modifiedtime,modifier,position,proid,refcode,refname,relatemeta,required,resid,showformula,textrows,ts,validateformula,visible,width)
            values('0001ZZZZ4d9b231b9007','0001ZZZZ4975ed5c6fff','005173a2-bb00-4ee5-88e5-8b32e0ef254d','billmaker','1','#111111',null,'~',204,'' , null,null,null,null,null,'N',0,null,'N','N','N',null,'N','N','N','refer','制单人',28,NULL,'','billmaker',null,'~',14,'1418b356-ed7e-4775-b442-d4f0d2b926c5','uap/refer/riart/userDefaultRefer/index','用户',null,'N',null,null,null,'2021-06-23 14:36:45',null,'Y',null);
            go
            insert into pub_form_property(pk_form_property,areaid,classid,code,colnum,color,creationtime,creator,datatype,dataval,defaultvalue,defaultvar,define1,define2,define3,disabled,dr,editformula,hyperlinkflag,iscode,isdefined,ismultiselectedenabled,isnextrow,isrevise,istotal,itemtype,label,maxlength,metadataproperty,metaid,metapath,modifiedtime,modifier,position,proid,refcode,refname,relatemeta,required,resid,showformula,textrows,ts,validateformula,visible,width)
            values('0001ZZZZ4d9b231b9008','0001ZZZZ4975ed5c6fff','005173a2-bb00-4ee5-88e5-8b32e0ef254d','maketime','1','#111111',null,'~',33,null, null,null,null,null,null,'N',0,null,'N','N','N',null,'N','N','N','datepicker','制单时间',28,NULL,'','maketime',null,'~',15,'7ed880a9-c077-4030-8a9b-7ae18fdcf993','/common-ref/','-99',null,'N',null,null,null,'2021-06-23 14:36:45',null,'Y',null);
            go
            insert into pub_form_property(pk_form_property,areaid,classid,code,colnum,color,creationtime,creator,datatype,dataval,defaultvalue,defaultvar,define1,define2,define3,disabled,dr,editformula,hyperlinkflag,iscode,isdefined,ismultiselectedenabled,isnextrow,isrevise,istotal,itemtype,label,maxlength,metadataproperty,metaid,metapath,modifiedtime,modifier,position,proid,refcode,refname,relatemeta,required,resid,showformula,textrows,ts,validateformula,visible,width)
            values('0001ZZZZ4d9b231b9009','0001ZZZZ4975ed5c6fff','005173a2-bb00-4ee5-88e5-8b32e0ef254d','bill_no','1','#111111',null,'~',1,null, null,null,null,null,null,'Y',0,null,'N','N','N',null,'N','N','N','input','单据号',28,NULL,'','bill_no',null,'~',8,'24c3ea32-2933-4047-8215-f6e004c2af38','/common-ref/','-99',null,'N',null,null,null,'2021-06-23 14:36:45',null,'Y',null);
            go
            insert into pub_form_property(pk_form_property,areaid,classid,code,colnum,color,creationtime,creator,datatype,dataval,defaultvalue,defaultvar,define1,define2,define3,disabled,dr,editformula,hyperlinkflag,iscode,isdefined,ismultiselectedenabled,isnextrow,isrevise,istotal,itemtype,label,maxlength,metadataproperty,metaid,metapath,modifiedtime,modifier,position,proid,refcode,refname,relatemeta,required,resid,showformula,textrows,ts,validateformula,visible,width)
            values('0001ZZZZ4d9b231b9010','0001ZZZZ4975ed5c6fff','005173a2-bb00-4ee5-88e5-8b32e0ef254d','dbilldate','1','#111111',null,'~',33,null, null,null,null,null,null,'N',0,null,'N','N','N',null,'N','N','N','datepicker','单据日期',28,NULL,'','dbilldate',null,'~',6,'8407d7ac-4f16-44a3-b599-e8b908d02c3a','/common-ref/','-99',null,'N',null,null,null,'2021-06-23 14:36:45',null,'Y',null);
            go
            insert into pub_form_property(pk_form_property,areaid,classid,code,colnum,color,creationtime,creator,datatype,dataval,defaultvalue,defaultvar,define1,define2,define3,disabled,dr,editformula,hyperlinkflag,iscode,isdefined,ismultiselectedenabled,isnextrow,isrevise,istotal,itemtype,label,maxlength,metadataproperty,metaid,metapath,modifiedtime,modifier,position,proid,refcode,refname,relatemeta,required,resid,showformula,textrows,ts,validateformula,visible,width)
            values('0001ZZZZ4d9b231b9011','0001ZZZZ4975ed5c6fff','005173a2-bb00-4ee5-88e5-8b32e0ef254d','billstatus','1','#111111',null,'~',203,'自由=-1,审批未通过=0,审批通过=1,审批进行中=2,提交=3','-1',null,null,null,null,'Y',0,null,'N','N','N',null,'N','N','N','select','单据状态',28,NULL,'','billstatus',null,'~',7,'b2316e75-0e28-491a-a2ed-018e322708ae','/common-ref/','-99',null,'N',null,null,null,'2021-06-23 14:36:45',null,'Y',null);
            go
            insert into pub_form_property(pk_form_property,areaid,classid,code,colnum,color,creationtime,creator,datatype,dataval,defaultvalue,defaultvar,define1,define2,define3,disabled,dr,editformula,hyperlinkflag,iscode,isdefined,ismultiselectedenabled,isnextrow,isrevise,istotal,itemtype,label,maxlength,metadataproperty,metaid,metapath,modifiedtime,modifier,position,proid,refcode,refname,relatemeta,required,resid,showformula,textrows,ts,validateformula,visible,width)
            values('0001ZZZZ4d9b231b9012','0001ZZZZ4975ed5c6fff','005173a2-bb00-4ee5-88e5-8b32e0ef254d','pk_billtypeid','1','#111111',null,'~',204,'' , null,null,null,null,null,'N',0,null,'N','N','N',null,'N','N','N','refer','单据类型',28,'uap.BilltypeVO.billtypename','','pk_billtypeid',null,'~',10,'78f4ebf5-16c8-496f-8ea8-0626ffa63358','uap/refer/riart/billtype/index','影响因素单据类型',null,'N',null,null,null,'2021-06-23 14:36:45',null,'Y',null);
            go
            insert into pub_form_property(pk_form_property,areaid,classid,code,colnum,color,creationtime,creator,datatype,dataval,defaultvalue,defaultvar,define1,define2,define3,disabled,dr,editformula,hyperlinkflag,iscode,isdefined,ismultiselectedenabled,isnextrow,isrevise,istotal,itemtype,label,maxlength,metadataproperty,metaid,metapath,modifiedtime,modifier,position,proid,refcode,refname,relatemeta,required,resid,showformula,textrows,ts,validateformula,visible,width)
            values('0001ZZZZ4d9b231b9013','0001ZZZZ4975ed5c6fff','005173a2-bb00-4ee5-88e5-8b32e0ef254d','billtype','1','#111111',null,'~',1,null, null,null,null,null,null,'N',0,null,'N','N','N',null,'N','N','N','input','单据类型编码',28,NULL,'','billtype',null,'~',11,'f4297af8-0d9b-4b7d-b8a9-92d53d05b3cc','/common-ref/','-99',null,'N',null,null,null,'2021-06-23 14:36:45',null,'Y',null);
            go
            insert into pub_form_property(pk_form_property,areaid,classid,code,colnum,color,creationtime,creator,datatype,dataval,defaultvalue,defaultvar,define1,define2,define3,disabled,dr,editformula,hyperlinkflag,iscode,isdefined,ismultiselectedenabled,isnextrow,isrevise,istotal,itemtype,label,maxlength,metadataproperty,metaid,metapath,modifiedtime,modifier,position,proid,refcode,refname,relatemeta,required,resid,showformula,textrows,ts,validateformula,visible,width)
            values('0001ZZZZ4d9b231b9014','0001ZZZZ4975ed5c6fff','005173a2-bb00-4ee5-88e5-8b32e0ef254d','vnote','1','#111111',null,'~',1,null, null,null,null,null,null,'N',0,null,'N','N','N',null,'N','N','N','input','备注',28,NULL,'','vnote',null,'~',24,'f315bc32-96a9-4c18-9624-92cf0f4f2f3e','/common-ref/','-99',null,'N',null,null,null,'2021-06-23 14:36:45',null,'Y',null);
            go
            insert into pub_form_property(pk_form_property,areaid,classid,code,colnum,color,creationtime,creator,datatype,dataval,defaultvalue,defaultvar,define1,define2,define3,disabled,dr,editformula,hyperlinkflag,iscode,isdefined,ismultiselectedenabled,isnextrow,isrevise,istotal,itemtype,label,maxlength,metadataproperty,metaid,metapath,modifiedtime,modifier,position,proid,refcode,refname,relatemeta,required,resid,showformula,textrows,ts,validateformula,visible,width)
            values('0001ZZZZ4d9b231b9015','0001ZZZZ4975ed5c6fff','005173a2-bb00-4ee5-88e5-8b32e0ef254d','school','1','#111111',null,'~',1,null, null,null,null,null,null,'N',0,null,'N','N','N',null,'N','N','N','input','学校名称',28,NULL,'','school',null,'~',68,'5378f6a6-a7d2-4fca-8d7d-dd50a7c73485','/common-ref/','-99',null,'N',null,null,null,'2021-06-23 14:36:45',null,'Y',null);
            go
            insert into pub_form_property(pk_form_property,areaid,classid,code,colnum,color,creationtime,creator,datatype,dataval,defaultvalue,defaultvar,define1,define2,define3,disabled,dr,editformula,hyperlinkflag,iscode,isdefined,ismultiselectedenabled,isnextrow,isrevise,istotal,itemtype,label,maxlength,metadataproperty,metaid,metapath,modifiedtime,modifier,position,proid,refcode,refname,relatemeta,required,resid,showformula,textrows,ts,validateformula,visible,width)
            values('0001ZZZZ4d9b231b9016','0001ZZZZ4975ed5c6fff','005173a2-bb00-4ee5-88e5-8b32e0ef254d','pk_schoolf','1','#111111',null,'~',1,null, null,null,null,null,null,'N',0,null,'N','N','N',null,'N','N','N','input','学校申请单主键',28,NULL,'','pk_schoolf',null,'~',1,'837b8371-1a11-4796-a1f0-d554206d49af','/common-ref/','-99',null,'Y',null,null,null,'2021-06-23 14:36:45',null,'N',null);
            go
            insert into pub_form_property(pk_form_property,areaid,classid,code,colnum,color,creationtime,creator,datatype,dataval,defaultvalue,defaultvar,define1,define2,define3,disabled,dr,editformula,hyperlinkflag,iscode,isdefined,ismultiselectedenabled,isnextrow,isrevise,istotal,itemtype,label,maxlength,metadataproperty,metaid,metapath,modifiedtime,modifier,position,proid,refcode,refname,relatemeta,required,resid,showformula,textrows,ts,validateformula,visible,width)
            values('0001ZZZZ6eb0b7552f8d','0001ZZZZ4a0af02ecc08','005173a2-bb00-4ee5-88e5-8b32e0ef254d','approver','1','#111111',null,'~',204,'', null,null,null,null,null,'N',0,null,'N','N','N',null,'N','N','N','refer','审批人',28,NULL,'','approver',null,'~',20,'4acd13e3-b4f7-421c-b907-1b92e8d45469','uap/refer/riart/userDefaultRefer/index','用户',null,'N',null,null,null,'2021-06-23 14:36:45',null,'Y',null);
            go
            insert into pub_form_property(pk_form_property,areaid,classid,code,colnum,color,creationtime,creator,datatype,dataval,defaultvalue,defaultvar,define1,define2,define3,disabled,dr,editformula,hyperlinkflag,iscode,isdefined,ismultiselectedenabled,isnextrow,isrevise,istotal,itemtype,label,maxlength,metadataproperty,metaid,metapath,modifiedtime,modifier,position,proid,refcode,refname,relatemeta,required,resid,showformula,textrows,ts,validateformula,visible,width)
            values('0001ZZZZ3c3d09fa9d1c','0001ZZZZ4a0af02ecc08','005173a2-bb00-4ee5-88e5-8b32e0ef254d','approvenote','1','#111111',null,'~',1,null, null,null,null,null,null,'N',0,null,'N','N','N',null,'N','N','N','input','审批批语',28,NULL,'','approvenote',null,'~',22,'563f20ca-fc67-42ca-a6fd-7f46dab17556','/common-ref/','-99',null,'N',null,null,null,'2021-06-23 14:36:45',null,'Y',null);
            go
            insert into pub_form_property(pk_form_property,areaid,classid,code,colnum,color,creationtime,creator,datatype,dataval,defaultvalue,defaultvar,define1,define2,define3,disabled,dr,editformula,hyperlinkflag,iscode,isdefined,ismultiselectedenabled,isnextrow,isrevise,istotal,itemtype,label,maxlength,metadataproperty,metaid,metapath,modifiedtime,modifier,position,proid,refcode,refname,relatemeta,required,resid,showformula,textrows,ts,validateformula,visible,width)
            values('0001ZZZZ8c1cf4565921','0001ZZZZ4a0af02ecc08','005173a2-bb00-4ee5-88e5-8b32e0ef254d','approvedate','1','#111111',null,'~',34,null, null,null,null,null,null,'N',0,null,'N','N','N',null,'N','N','N','datetimepicker','审批时间',28,NULL,'','approvedate',null,'~',23,'aecd7dfe-6d3f-435f-8b36-456da733a734','/common-ref/','-99',null,'N',null,null,null,'2021-06-23 14:36:45',null,'Y',null);
            go
            insert into pub_form_property(pk_form_property,areaid,classid,code,colnum,color,creationtime,creator,datatype,dataval,defaultvalue,defaultvar,define1,define2,define3,disabled,dr,editformula,hyperlinkflag,iscode,isdefined,ismultiselectedenabled,isnextrow,isrevise,istotal,itemtype,label,maxlength,metadataproperty,metaid,metapath,modifiedtime,modifier,position,proid,refcode,refname,relatemeta,required,resid,showformula,textrows,ts,validateformula,visible,width)
            values('0001ZZZZ4d9b231b9020','0001ZZZZ4975ed5c6fff','005173a2-bb00-4ee5-88e5-8b32e0ef254d','approvestatus','1','#111111',null,'~',203,'自由=-1,审批未通过=0,审批通过=1,审批进行中=2,提交=3', null,null,null,null,null,'N',0,null,'N','N','N',null,'N','N','N','select','审批状态',28,NULL,'','approvestatus',null,'~',21,'c6244f99-b154-4101-800d-5d8f22bfffe5','/common-ref/','-99',null,'N',null,null,null,'2021-06-23 14:36:45',null,'Y',null);
            go
            insert into pub_form_property(pk_form_property,areaid,classid,code,colnum,color,creationtime,creator,datatype,dataval,defaultvalue,defaultvar,define1,define2,define3,disabled,dr,editformula,hyperlinkflag,iscode,isdefined,ismultiselectedenabled,isnextrow,isrevise,istotal,itemtype,label,maxlength,metadataproperty,metaid,metapath,modifiedtime,modifier,position,proid,refcode,refname,relatemeta,required,resid,showformula,textrows,ts,validateformula,visible,width)
            values('0001ZZZZ4d9b231b9021','0001ZZZZ4975ed5c6fff','005173a2-bb00-4ee5-88e5-8b32e0ef254d','region','1','#111111',null,'~',1,null, null,null,null,null,null,'N',0,null,'N','N','N',null,'N','N','N','input','所属大区',28,NULL,'','region',null,'~',69,'d3017b0c-f19d-4b87-9405-c97f84d0de11','/common-ref/','-99',null,'N',null,null,null,'2021-06-23 14:36:45',null,'Y',null);
            go
            insert into pub_form_property(pk_form_property,areaid,classid,code,colnum,color,creationtime,creator,datatype,dataval,defaultvalue,defaultvar,define1,define2,define3,disabled,dr,editformula,hyperlinkflag,iscode,isdefined,ismultiselectedenabled,isnextrow,isrevise,istotal,itemtype,label,maxlength,metadataproperty,metaid,metapath,modifiedtime,modifier,position,proid,refcode,refname,relatemeta,required,resid,showformula,textrows,ts,validateformula,visible,width)
            values('0001ZZZZ4d9b231b9035','0001ZZZZ4975ed5c6fff','005173a2-bb00-4ee5-88e5-8b32e0ef254d','proposer','1','#111111',null,'~',204,'' , null,null,null,null,null,'N',0,null,'N','N','N',null,'N','N','N','refer','申请人',28,NULL,'','proposer',null,'~',71,'3cd6df60-37d8-425c-970f-e253d91ef62a','uapbd/refer/psninfo/PsndocRiartTreeGridRef/index','人员',null,'N',null,null,null,'2021-06-23 14:36:45',null,'Y',null);
            go
            insert into pub_form_property(pk_form_property,areaid,classid,code,colnum,color,creationtime,creator,datatype,dataval,defaultvalue,defaultvar,define1,define2,define3,disabled,dr,editformula,hyperlinkflag,iscode,isdefined,ismultiselectedenabled,isnextrow,isrevise,istotal,itemtype,label,maxlength,metadataproperty,metaid,metapath,modifiedtime,modifier,position,proid,refcode,refname,relatemeta,required,resid,showformula,textrows,ts,validateformula,visible,width)
            values('0001ZZZZ4d9b231b9037','0001ZZZZ4975ed5c6fff','005173a2-bb00-4ee5-88e5-8b32e0ef254d','pk_org','1','#111111',null,'~',204,'' , null,null,null,null,null,'N',0,null,'N','N','N',null,'N','N','N','refer','组织',28,'uap.org.name','','pk_org',null,'~',4,'3a03ea8c-db2e-41f1-a027-185e66310f89','uapbd/refer/org/BusinessUnitAndDeptTreeRef/index','业务单元及部门',null,'N',null,null,null,'2021-06-23 14:36:45',null,'Y',null);
            go
            insert into pub_form_property(pk_form_property,areaid,classid,code,colnum,color,creationtime,creator,datatype,dataval,defaultvalue,defaultvar,define1,define2,define3,disabled,dr,editformula,hyperlinkflag,iscode,isdefined,ismultiselectedenabled,isnextrow,isrevise,istotal,itemtype,label,maxlength,metadataproperty,metaid,metapath,modifiedtime,modifier,position,proid,refcode,refname,relatemeta,required,resid,showformula,textrows,ts,validateformula,visible,width)
            values('0001ZZZZ4d9b231b9038','0001ZZZZ4975ed5c6fff','005173a2-bb00-4ee5-88e5-8b32e0ef254d','pk_org_v','1','#111111',null,'~',204,'' , null,null,null,null,null,'N',0,null,'N','N','N',null,'N','N','N','refer','组织版本',28,'uap.org_v.name','','pk_org_v',null,'~',5,'76fa72ca-ce7b-4b04-8bb0-a2ae7d750d32','uapbd/refer/orgv/BusinessUnitVersionDefaultAllTreeRef/index','业务单元版本(所有)',null,'N',null,null,null,'2021-06-23 14:36:45',null,'N',null);
            go
            insert into pub_form_property(pk_form_property,areaid,classid,code,colnum,color,creationtime,creator,datatype,dataval,defaultvalue,defaultvar,define1,define2,define3,disabled,dr,editformula,hyperlinkflag,iscode,isdefined,ismultiselectedenabled,isnextrow,isrevise,istotal,itemtype,label,maxlength,metadataproperty,metaid,metapath,modifiedtime,modifier,position,proid,refcode,refname,relatemeta,required,resid,showformula,textrows,ts,validateformula,visible,width)
            values('0001ZZZZ4d9b231b9069','0001ZZZZ4975ed5c6fff','005173a2-bb00-4ee5-88e5-8b32e0ef254d','address','1','#111111',null,'~',1,null, null,null,null,null,null,'N',0,null,'N','N','N',null,'N','N','N','input','详细地址',28,NULL,'','address',null,'~',70,'cf543450-3e21-45ae-acb1-0d30ab018748','/common-ref/','-99',null,'N',null,null,null,'2021-06-23 14:36:45',null,'Y',null);
            go
            insert into pub_form_property(pk_form_property,areaid,classid,code,colnum,color,creationtime,creator,datatype,dataval,defaultvalue,defaultvar,define1,define2,define3,disabled,dr,editformula,hyperlinkflag,iscode,isdefined,ismultiselectedenabled,isnextrow,isrevise,istotal,itemtype,label,maxlength,metadataproperty,metaid,metapath,modifiedtime,modifier,position,proid,refcode,refname,relatemeta,required,resid,showformula,textrows,ts,validateformula,visible,width)
            values('0001ZZZZ4d9b231b9070','0001ZZZZ4975ed5c6fff','005173a2-bb00-4ee5-88e5-8b32e0ef254d','pk_group','1','#111111',null,'~',204,'' , null,null,null,null,null,'N',0,null,'N','N','N',null,'N','N','N','refer','集团',28,'uap.group.name','','pk_group',null,'~',3,'9ed9a2fb-f2e0-464f-93b5-228db3fb2297','uap/refer/riart/groupTreeRef/index','集团',null,'N',null,null,null,'2021-06-23 14:36:45',null,'Y',null);
            go






            insert into pub_form_property(pk_form_property,areaid,classid,code,colnum,color,creationtime,creator,datatype,dataval,defaultvalue,defaultvar,define1,define2,define3,disabled,dr,editformula,hyperlinkflag,iscode,isdefined,ismultiselectedenabled,isnextrow,isrevise,istotal,itemtype,label,maxlength,metadataproperty,metaid,metapath,modifiedtime,modifier,position,proid,refcode,refname,relatemeta,required,resid,showformula,textrows,ts,validateformula,visible,width)
            values('0001ZZZZ0b2a7de13001','0001ZZZZ2db4f8c7637f','5010bec2-04c9-46bc-bb86-57fec4903197','pk_detail','1','#111111',null,'~',1,null, null,null,null,null,null,'N',0,null,'N','N','N',null,'N','N','N','input','明细主键',28,NULL,'','id_schoolformdetailvo.pk_detail',null,'~',1,'c86424fd-1c27-4187-a872-42a4e724b41a',null,null,null,'Y',null,null,null,'2021-06-23 14:36:45',null,'N',null);
            go
            insert into pub_form_property(pk_form_property,areaid,classid,code,colnum,color,creationtime,creator,datatype,dataval,defaultvalue,defaultvar,define1,define2,define3,disabled,dr,editformula,hyperlinkflag,iscode,isdefined,ismultiselectedenabled,isnextrow,isrevise,istotal,itemtype,label,maxlength,metadataproperty,metaid,metapath,modifiedtime,modifier,position,proid,refcode,refname,relatemeta,required,resid,showformula,textrows,ts,validateformula,visible,width)
            values('0001ZZZZ0b2a7de13002','0001ZZZZ2db4f8c7637f','5010bec2-04c9-46bc-bb86-57fec4903197','rowno','1','#111111',null,'~',1,null, null,null,null,null,null,'N',0,null,'N','N','N',null,'N','N','N','input','行号',28,NULL,'','id_schoolformdetailvo.rowno',null,'~',2,'ce470064-349a-4765-9c53-fdee7051f162',null,null,null,'N',null,null,null,'2021-06-23 14:36:45',null,'Y',null);
            go

            insert into pub_form_property(pk_form_property,areaid,classid,code,colnum,color,creationtime,creator,datatype,dataval,defaultvalue,defaultvar,define1,define2,define3,disabled,dr,editformula,hyperlinkflag,iscode,isdefined,ismultiselectedenabled,isnextrow,isrevise,istotal,itemtype,label,maxlength,metadataproperty,metaid,metapath,modifiedtime,modifier,position,proid,refcode,refname,relatemeta,required,resid,showformula,textrows,ts,validateformula,visible,width)
            values('0001ZZZZ8887ff46b001','0001ZZZZ25b198a8c99b','5010bec2-04c9-46bc-bb86-57fec4903197','pk_detail','1','#111111',null,'~',1,null, null,null,null,null,null,'N',0,null,'N','N','N',null,'N','N','N','input','明细主键',28,NULL,'','id_schoolformdetailvo.pk_detail',null,'~',1,'b7d720c1-e352-426e-91b6-9eec4d1a19e0',null,null,null,'Y',null,null,null,'2021-06-23 14:36:45',null,'N',null);
            go
            insert into pub_form_property(pk_form_property,areaid,classid,code,colnum,color,creationtime,creator,datatype,dataval,defaultvalue,defaultvar,define1,define2,define3,disabled,dr,editformula,hyperlinkflag,iscode,isdefined,ismultiselectedenabled,isnextrow,isrevise,istotal,itemtype,label,maxlength,metadataproperty,metaid,metapath,modifiedtime,modifier,position,proid,refcode,refname,relatemeta,required,resid,showformula,textrows,ts,validateformula,visible,width)
            values('0001ZZZZ8887ff46b002','0001ZZZZ25b198a8c99b','5010bec2-04c9-46bc-bb86-57fec4903197','rowno','1','#111111',null,'~',1,null, null,null,null,null,null,'N',0,null,'N','N','N',null,'N','N','N','input','行号',28,NULL,'','id_schoolformdetailvo.rowno',null,'~',2,'ef0d452d-006c-43f3-9c2d-4ed2a9def9a1',null,null,null,'N',null,null,null,'2021-06-23 14:36:45',null,'Y',null);
            go

            insert into pub_form_property(pk_form_property,areaid,classid,code,colnum,color,creationtime,creator,datatype,dataval,defaultvalue,defaultvar,define1,define2,define3,disabled,dr,editformula,hyperlinkflag,iscode,isdefined,ismultiselectedenabled,isnextrow,isrevise,istotal,itemtype,label,maxlength,metadataproperty,metaid,metapath,modifiedtime,modifier,position,proid,refcode,refname,relatemeta,required,resid,showformula,textrows,ts,validateformula,visible,width)
            values('0001ZZZZ65195cc8b001','0001ZZZZ17c40203610d','5010bec2-04c9-46bc-bb86-57fec4903197','pk_detail','1','#111111',null,'~',1,null, null,null,null,null,null,'N',0,null,'N','N','N',null,'N','N','N','input','明细主键',28,NULL,'','id_schoolformdetailvo.pk_detail',null,'~',1,'9d83a1d0-9cb1-4051-a73c-bdf90e815b00',null,null,null,'Y',null,null,null,'2021-06-23 14:36:45',null,'N',null);
            go
            insert into pub_form_property(pk_form_property,areaid,classid,code,colnum,color,creationtime,creator,datatype,dataval,defaultvalue,defaultvar,define1,define2,define3,disabled,dr,editformula,hyperlinkflag,iscode,isdefined,ismultiselectedenabled,isnextrow,isrevise,istotal,itemtype,label,maxlength,metadataproperty,metaid,metapath,modifiedtime,modifier,position,proid,refcode,refname,relatemeta,required,resid,showformula,textrows,ts,validateformula,visible,width)
            values('0001ZZZZ65195cc8b002','0001ZZZZ17c40203610d','5010bec2-04c9-46bc-bb86-57fec4903197','rowno','1','#111111',null,'~',1,null, null,null,null,null,null,'N',0,null,'N','N','N',null,'N','N','N','input','行号',28,NULL,'','id_schoolformdetailvo.rowno',null,'~',2,'a7845df0-7f64-4740-af37-bf0395d5feb3',null,null,null,'N',null,null,null,'2021-06-23 14:36:45',null,'Y',null);
            go











            insert into pub_form_property(pk_form_property,areaid,classid,code,colnum,color,creationtime,creator,datatype,dataval,defaultvalue,defaultvar,define1,define2,define3,disabled,dr,editformula,hyperlinkflag,iscode,isdefined,ismultiselectedenabled,isnextrow,isrevise,istotal,itemtype,label,maxlength,metadataproperty,metaid,metapath,modifiedtime,modifier,position,proid,refcode,refname,relatemeta,required,resid,showformula,textrows,ts,validateformula,visible,width)
            values('0001ZZZZ645f7eb06000','0001ZZZZeaa70bf6e83b','005173a2-bb00-4ee5-88e5-8b32e0ef254d','pk_busitype','1','#111111',null,'~',204,null, null,null,null,null,null,'N',0,null,'N','N','N',null,'N','N','N','refer','业务类型',28,'uap.BusitypeVO.businame','','pk_busitype',null,'~',9,'1777d338-6d72-478c-97c9-b7ad97bb46b8','uap/refer/riart/busitype/index','业务流程',null,'N',null,null,null,'2021-06-23 14:36:45',null,'Y',null);
            go
            insert into pub_form_property(pk_form_property,areaid,classid,code,colnum,color,creationtime,creator,datatype,dataval,defaultvalue,defaultvar,define1,define2,define3,disabled,dr,editformula,hyperlinkflag,iscode,isdefined,ismultiselectedenabled,isnextrow,isrevise,istotal,itemtype,label,maxlength,metadataproperty,metaid,metapath,modifiedtime,modifier,position,proid,refcode,refname,relatemeta,required,resid,showformula,textrows,ts,validateformula,visible,width)
            values('0001ZZZZ645f7eb06001','0001ZZZZeaa70bf6e83b','005173a2-bb00-4ee5-88e5-8b32e0ef254d','pk_transtype','1','#111111',null,'~',204,null, null,null,null,null,null,'N',0,null,'N','N','N',null,'N','N','N','refer','交易类型',28,'uap.BilltypeVO.billtypename','','pk_transtype',null,'~',13,'8d50de22-9d5f-4a50-98d9-c72c692e9326','uap/refer/riart/transtype/index','影响因素交 易类型',null,'N',null,null,null,'2021-06-23 14:36:45',null,'Y',null);
            go
            insert into pub_form_property(pk_form_property,areaid,classid,code,colnum,color,creationtime,creator,datatype,dataval,defaultvalue,defaultvar,define1,define2,define3,disabled,dr,editformula,hyperlinkflag,iscode,isdefined,ismultiselectedenabled,isnextrow,isrevise,istotal,itemtype,label,maxlength,metadataproperty,metaid,metapath,modifiedtime,modifier,position,proid,refcode,refname,relatemeta,required,resid,showformula,textrows,ts,validateformula,visible,width)
            values('0001ZZZZ645f7eb06002','0001ZZZZeaa70bf6e83b','005173a2-bb00-4ee5-88e5-8b32e0ef254d','transtypecode','1','#111111',null,'~',1,null, null,null,null,null,null,'N',0,null,'N','N','N',null,'N','N','N','input','交易类型编码',28,NULL,'','transtypecode',null,'~',12,'92a61bdf-9033-4978-ba75-f93d2a260f77','/common-ref/','-99',null,'N',null,null,null,'2021-06-23 14:36:45',null,'Y',null);
            go
            insert into pub_form_property(pk_form_property,areaid,classid,code,colnum,color,creationtime,creator,datatype,dataval,defaultvalue,defaultvar,define1,define2,define3,disabled,dr,editformula,hyperlinkflag,iscode,isdefined,ismultiselectedenabled,isnextrow,isrevise,istotal,itemtype,label,maxlength,metadataproperty,metaid,metapath,modifiedtime,modifier,position,proid,refcode,refname,relatemeta,required,resid,showformula,textrows,ts,validateformula,visible,width)
            values('0001ZZZZec2c13e71a55','0001ZZZZ924704e4089d','005173a2-bb00-4ee5-88e5-8b32e0ef254d','modifier','1','#111111',null,'~',204,null, null,null,null,null,null,'N',0,null,'N','N','N',null,'N','N','N','refer','修改人',28,NULL,'','modifier',null,'~',18,'6511e8c9-5d01-42f6-a418-9083c3df3a3a','uap/refer/riart/userDefaultRefer/index','用户',null,'N',null,null,null,'2021-06-23 14:36:45',null,'Y',null);
            go
            insert into pub_form_property(pk_form_property,areaid,classid,code,colnum,color,creationtime,creator,datatype,dataval,defaultvalue,defaultvar,define1,define2,define3,disabled,dr,editformula,hyperlinkflag,iscode,isdefined,ismultiselectedenabled,isnextrow,isrevise,istotal,itemtype,label,maxlength,metadataproperty,metaid,metapath,modifiedtime,modifier,position,proid,refcode,refname,relatemeta,required,resid,showformula,textrows,ts,validateformula,visible,width)
            values('0001ZZZZf575461f441e','0001ZZZZ924704e4089d','005173a2-bb00-4ee5-88e5-8b32e0ef254d','modifiedtime','1','#111111',null,'~',34,null, null,null,null,null,null,'N',0,null,'N','N','N',null,'N','N','N','datetimepicker','修改时间',28,NULL,'','modifiedtime',null,'~',19,'e617acbb-0a6c-4f82-a259-915173b17689','/common-ref/','-99',null,'N',null,null,null,'2021-06-23 14:36:45',null,'Y',null);
            go
            insert into pub_form_property(pk_form_property,areaid,classid,code,colnum,color,creationtime,creator,datatype,dataval,defaultvalue,defaultvar,define1,define2,define3,disabled,dr,editformula,hyperlinkflag,iscode,isdefined,ismultiselectedenabled,isnextrow,isrevise,istotal,itemtype,label,maxlength,metadataproperty,metaid,metapath,modifiedtime,modifier,position,proid,refcode,refname,relatemeta,required,resid,showformula,textrows,ts,validateformula,visible,width)
            values('0001ZZZZ5229ddde6aa2','0001ZZZZ924704e4089d','005173a2-bb00-4ee5-88e5-8b32e0ef254d','creator','1','#111111',null,'~',204,null, null,null,null,null,null,'N',0,null,'N','N','N',null,'N','N','N','refer','创建人',28,NULL,'','creator',null,'~',16,'0c4ab371-9151-40a2-bab3-e39bba160fa6','uap/refer/riart/userDefaultRefer/index','用户',null,'N',null,null,null,'2021-06-23 14:36:45',null,'Y',null);
            go
            insert into pub_form_property(pk_form_property,areaid,classid,code,colnum,color,creationtime,creator,datatype,dataval,defaultvalue,defaultvar,define1,define2,define3,disabled,dr,editformula,hyperlinkflag,iscode,isdefined,ismultiselectedenabled,isnextrow,isrevise,istotal,itemtype,label,maxlength,metadataproperty,metaid,metapath,modifiedtime,modifier,position,proid,refcode,refname,relatemeta,required,resid,showformula,textrows,ts,validateformula,visible,width)
            values('0001ZZZZbf2e0b55e11d','0001ZZZZ924704e4089d','005173a2-bb00-4ee5-88e5-8b32e0ef254d','creationtime','1','#111111',null,'~',34,null, null,null,null,null,null,'N',0,null,'N','N','N',null,'N','N','N','datetimepicker','创建时间',28,NULL,'','creationtime',null,'~',17,'b56d4e1c-3b01-43a7-bfdf-01438da4310c','/common-ref/','-99',null,'N',null,null,null,'2021-06-23 14:36:45',null,'Y',null);
            go
            insert into pub_form_property(pk_form_property,areaid,classid,code,colnum,color,creationtime,creator,datatype,dataval,defaultvalue,defaultvar,define1,define2,define3,disabled,dr,editformula,hyperlinkflag,iscode,isdefined,ismultiselectedenabled,isnextrow,isrevise,istotal,itemtype,label,maxlength,metadataproperty,metaid,metapath,modifiedtime,modifier,position,proid,refcode,refname,relatemeta,required,resid,showformula,textrows,ts,validateformula,visible,width)
            values('0001ZZZZ645f7eb06007','0001ZZZZeaa70bf6e83b','005173a2-bb00-4ee5-88e5-8b32e0ef254d','billmaker','1','#111111',null,'~',204,null, null,null,null,null,null,'N',0,null,'N','N','N',null,'N','N','N','refer','制单人',28,NULL,'','billmaker',null,'~',14,'387b7145-87a7-4a46-a96e-b22261353358','uap/refer/riart/userDefaultRefer/index','用户',null,'N',null,null,null,'2021-06-23 14:36:45',null,'Y',null);
            go
            insert into pub_form_property(pk_form_property,areaid,classid,code,colnum,color,creationtime,creator,datatype,dataval,defaultvalue,defaultvar,define1,define2,define3,disabled,dr,editformula,hyperlinkflag,iscode,isdefined,ismultiselectedenabled,isnextrow,isrevise,istotal,itemtype,label,maxlength,metadataproperty,metaid,metapath,modifiedtime,modifier,position,proid,refcode,refname,relatemeta,required,resid,showformula,textrows,ts,validateformula,visible,width)
            values('0001ZZZZ645f7eb06008','0001ZZZZeaa70bf6e83b','005173a2-bb00-4ee5-88e5-8b32e0ef254d','maketime','1','#111111',null,'~',33,null, null,null,null,null,null,'N',0,null,'N','N','N',null,'N','N','N','datepicker','制单时间',28,NULL,'','maketime',null,'~',15,'10e85edc-3280-4e45-9c9e-8ed13797005b','/common-ref/','-99',null,'N',null,null,null,'2021-06-23 14:36:45',null,'Y',null);
            go
            insert into pub_form_property(pk_form_property,areaid,classid,code,colnum,color,creationtime,creator,datatype,dataval,defaultvalue,defaultvar,define1,define2,define3,disabled,dr,editformula,hyperlinkflag,iscode,isdefined,ismultiselectedenabled,isnextrow,isrevise,istotal,itemtype,label,maxlength,metadataproperty,metaid,metapath,modifiedtime,modifier,position,proid,refcode,refname,relatemeta,required,resid,showformula,textrows,ts,validateformula,visible,width)
            values('0001ZZZZ645f7eb06009','0001ZZZZeaa70bf6e83b','005173a2-bb00-4ee5-88e5-8b32e0ef254d','bill_no','1','#111111',null,'~',1,null, null,null,null,null,null,'Y',0,null,'N','N','N',null,'N','N','N','input','单据号',28,NULL,'','bill_no',null,'~',8,'8ce10cbf-45a5-4b42-bde7-b88440c74f05','/common-ref/','-99',null,'N',null,null,null,'2021-06-23 14:36:45',null,'Y',null);
            go
            insert into pub_form_property(pk_form_property,areaid,classid,code,colnum,color,creationtime,creator,datatype,dataval,defaultvalue,defaultvar,define1,define2,define3,disabled,dr,editformula,hyperlinkflag,iscode,isdefined,ismultiselectedenabled,isnextrow,isrevise,istotal,itemtype,label,maxlength,metadataproperty,metaid,metapath,modifiedtime,modifier,position,proid,refcode,refname,relatemeta,required,resid,showformula,textrows,ts,validateformula,visible,width)
            values('0001ZZZZ645f7eb06010','0001ZZZZeaa70bf6e83b','005173a2-bb00-4ee5-88e5-8b32e0ef254d','dbilldate','1','#111111',null,'~',33,null, null,null,null,null,null,'N',0,null,'N','N','N',null,'N','N','N','datepicker','单据日期',28,NULL,'','dbilldate',null,'~',6,'7369c68f-72a8-476e-bd33-507ac4c3662e','/common-ref/','-99',null,'N',null,null,null,'2021-06-23 14:36:45',null,'Y',null);
            go
            insert into pub_form_property(pk_form_property,areaid,classid,code,colnum,color,creationtime,creator,datatype,dataval,defaultvalue,defaultvar,define1,define2,define3,disabled,dr,editformula,hyperlinkflag,iscode,isdefined,ismultiselectedenabled,isnextrow,isrevise,istotal,itemtype,label,maxlength,metadataproperty,metaid,metapath,modifiedtime,modifier,position,proid,refcode,refname,relatemeta,required,resid,showformula,textrows,ts,validateformula,visible,width)
            values('0001ZZZZ645f7eb06011','0001ZZZZeaa70bf6e83b','005173a2-bb00-4ee5-88e5-8b32e0ef254d','billstatus','1','#111111',null,'~',203,'自由=-1,审批未通过=0,审批通过=1,审批进行中=2,提交=3','-1',null,null,null,null,'Y',0,null,'N','N','N',null,'N','N','N','select','单据状态',28,NULL,'','billstatus',null,'~',7,'1b0ceb6b-1b32-4dd9-b274-d89c64c9eaad','/common-ref/','-99',null,'N',null,null,null,'2021-06-23 14:36:45',null,'Y',null);
            go
            insert into pub_form_property(pk_form_property,areaid,classid,code,colnum,color,creationtime,creator,datatype,dataval,defaultvalue,defaultvar,define1,define2,define3,disabled,dr,editformula,hyperlinkflag,iscode,isdefined,ismultiselectedenabled,isnextrow,isrevise,istotal,itemtype,label,maxlength,metadataproperty,metaid,metapath,modifiedtime,modifier,position,proid,refcode,refname,relatemeta,required,resid,showformula,textrows,ts,validateformula,visible,width)
            values('0001ZZZZ645f7eb06012','0001ZZZZeaa70bf6e83b','005173a2-bb00-4ee5-88e5-8b32e0ef254d','pk_billtypeid','1','#111111',null,'~',204,null, null,null,null,null,null,'N',0,null,'N','N','N',null,'N','N','N','refer','单据类型',28,'uap.BilltypeVO.billtypename','','pk_billtypeid',null,'~',10,'71ffd8c6-a0c5-4375-b373-07ce6b1eadfe','uap/refer/riart/billtype/index','影响因素单据类型',null,'N',null,null,null,'2021-06-23 14:36:45',null,'Y',null);
            go
            insert into pub_form_property(pk_form_property,areaid,classid,code,colnum,color,creationtime,creator,datatype,dataval,defaultvalue,defaultvar,define1,define2,define3,disabled,dr,editformula,hyperlinkflag,iscode,isdefined,ismultiselectedenabled,isnextrow,isrevise,istotal,itemtype,label,maxlength,metadataproperty,metaid,metapath,modifiedtime,modifier,position,proid,refcode,refname,relatemeta,required,resid,showformula,textrows,ts,validateformula,visible,width)
            values('0001ZZZZ645f7eb06013','0001ZZZZeaa70bf6e83b','005173a2-bb00-4ee5-88e5-8b32e0ef254d','billtype','1','#111111',null,'~',1,null, null,null,null,null,null,'N',0,null,'N','N','N',null,'N','N','N','input','单据类型编码',28,NULL,'','billtype',null,'~',11,'95495e0a-0f60-4021-b931-e636717ad8bf','/common-ref/','-99',null,'N',null,null,null,'2021-06-23 14:36:45',null,'Y',null);
            go
            insert into pub_form_property(pk_form_property,areaid,classid,code,colnum,color,creationtime,creator,datatype,dataval,defaultvalue,defaultvar,define1,define2,define3,disabled,dr,editformula,hyperlinkflag,iscode,isdefined,ismultiselectedenabled,isnextrow,isrevise,istotal,itemtype,label,maxlength,metadataproperty,metaid,metapath,modifiedtime,modifier,position,proid,refcode,refname,relatemeta,required,resid,showformula,textrows,ts,validateformula,visible,width)
            values('0001ZZZZ645f7eb06014','0001ZZZZeaa70bf6e83b','005173a2-bb00-4ee5-88e5-8b32e0ef254d','vnote','1','#111111',null,'~',1,null, null,null,null,null,null,'N',0,null,'N','N','N',null,'N','N','N','input','备注',28,NULL,'','vnote',null,'~',24,'a1f2c2a7-bed1-4aa8-bac4-583ba57b381c','/common-ref/','-99',null,'N',null,null,null,'2021-06-23 14:36:45',null,'Y',null);
            go
            insert into pub_form_property(pk_form_property,areaid,classid,code,colnum,color,creationtime,creator,datatype,dataval,defaultvalue,defaultvar,define1,define2,define3,disabled,dr,editformula,hyperlinkflag,iscode,isdefined,ismultiselectedenabled,isnextrow,isrevise,istotal,itemtype,label,maxlength,metadataproperty,metaid,metapath,modifiedtime,modifier,position,proid,refcode,refname,relatemeta,required,resid,showformula,textrows,ts,validateformula,visible,width)
            values('0001ZZZZ645f7eb06015','0001ZZZZeaa70bf6e83b','005173a2-bb00-4ee5-88e5-8b32e0ef254d','school','1','#111111',null,'~',1,null, null,null,null,null,null,'N',0,null,'N','N','N',null,'N','N','N','input','学校名称',28,NULL,'','school',null,'~',68,'879715e3-d869-4a23-a8e1-62187678fbd5','/common-ref/','-99',null,'N',null,null,null,'2021-06-23 14:36:45',null,'Y',null);
            go
            insert into pub_form_property(pk_form_property,areaid,classid,code,colnum,color,creationtime,creator,datatype,dataval,defaultvalue,defaultvar,define1,define2,define3,disabled,dr,editformula,hyperlinkflag,iscode,isdefined,ismultiselectedenabled,isnextrow,isrevise,istotal,itemtype,label,maxlength,metadataproperty,metaid,metapath,modifiedtime,modifier,position,proid,refcode,refname,relatemeta,required,resid,showformula,textrows,ts,validateformula,visible,width)
            values('0001ZZZZ645f7eb06016','0001ZZZZeaa70bf6e83b','005173a2-bb00-4ee5-88e5-8b32e0ef254d','pk_schoolf','1','#111111',null,'~',1,null, null,null,null,null,null,'N',0,null,'N','N','N',null,'N','N','N','input','学校申请单主键',28,NULL,'','pk_schoolf',null,'~',1,'adb8ba75-d3f8-4f28-b13d-ea88fbec9201','/common-ref/','-99',null,'Y',null,null,null,'2021-06-23 14:36:45',null,'N',null);
            go
            insert into pub_form_property(pk_form_property,areaid,classid,code,colnum,color,creationtime,creator,datatype,dataval,defaultvalue,defaultvar,define1,define2,define3,disabled,dr,editformula,hyperlinkflag,iscode,isdefined,ismultiselectedenabled,isnextrow,isrevise,istotal,itemtype,label,maxlength,metadataproperty,metaid,metapath,modifiedtime,modifier,position,proid,refcode,refname,relatemeta,required,resid,showformula,textrows,ts,validateformula,visible,width)
            values('0001ZZZZ7aa8d141b38e','0001ZZZZ924704e4089d','005173a2-bb00-4ee5-88e5-8b32e0ef254d','approver','1','#111111',null,'~',204,null, null,null,null,null,null,'N',0,null,'N','N','N',null,'N','N','N','refer','审批人',28,NULL,'','approver',null,'~',20,'11071f0f-8469-406d-90ae-0fbe3ba846e0','uap/refer/riart/userDefaultRefer/index','用户',null,'N',null,null,null,'2021-06-23 14:36:45',null,'Y',null);
            go
            insert into pub_form_property(pk_form_property,areaid,classid,code,colnum,color,creationtime,creator,datatype,dataval,defaultvalue,defaultvar,define1,define2,define3,disabled,dr,editformula,hyperlinkflag,iscode,isdefined,ismultiselectedenabled,isnextrow,isrevise,istotal,itemtype,label,maxlength,metadataproperty,metaid,metapath,modifiedtime,modifier,position,proid,refcode,refname,relatemeta,required,resid,showformula,textrows,ts,validateformula,visible,width)
            values('0001ZZZZa5499b5c2e6f','0001ZZZZ924704e4089d','005173a2-bb00-4ee5-88e5-8b32e0ef254d','approvenote','1','#111111',null,'~',1,null, null,null,null,null,null,'N',0,null,'N','N','N',null,'N','N','N','input','审批批语',28,NULL,'','approvenote',null,'~',22,'d09a622a-4998-4fb0-a2fe-b2a849b35d09','/common-ref/','-99',null,'N',null,null,null,'2021-06-23 14:36:45',null,'Y',null);
            go
            insert into pub_form_property(pk_form_property,areaid,classid,code,colnum,color,creationtime,creator,datatype,dataval,defaultvalue,defaultvar,define1,define2,define3,disabled,dr,editformula,hyperlinkflag,iscode,isdefined,ismultiselectedenabled,isnextrow,isrevise,istotal,itemtype,label,maxlength,metadataproperty,metaid,metapath,modifiedtime,modifier,position,proid,refcode,refname,relatemeta,required,resid,showformula,textrows,ts,validateformula,visible,width)
            values('0001ZZZZ8ef8f2a372be','0001ZZZZ924704e4089d','005173a2-bb00-4ee5-88e5-8b32e0ef254d','approvedate','1','#111111',null,'~',34,null, null,null,null,null,null,'N',0,null,'N','N','N',null,'N','N','N','datetimepicker','审批时间',28,NULL,'','approvedate',null,'~',23,'247344d2-c8ed-4d02-a1a6-f11a84478f33','/common-ref/','-99',null,'N',null,null,null,'2021-06-23 14:36:45',null,'Y',null);
            go
            insert into pub_form_property(pk_form_property,areaid,classid,code,colnum,color,creationtime,creator,datatype,dataval,defaultvalue,defaultvar,define1,define2,define3,disabled,dr,editformula,hyperlinkflag,iscode,isdefined,ismultiselectedenabled,isnextrow,isrevise,istotal,itemtype,label,maxlength,metadataproperty,metaid,metapath,modifiedtime,modifier,position,proid,refcode,refname,relatemeta,required,resid,showformula,textrows,ts,validateformula,visible,width)
            values('0001ZZZZ645f7eb06020','0001ZZZZeaa70bf6e83b','005173a2-bb00-4ee5-88e5-8b32e0ef254d','approvestatus','1','#111111',null,'~',203,'自由=-1,审批未通过=0,审批通过=1,审批进行中=2,提交=3', null,null,null,null,null,'N',0,null,'N','N','N',null,'N','N','N','select','审批状态',28,NULL,'','approvestatus',null,'~',21,'402f011a-d7eb-42e4-9da4-e69cea3445da','/common-ref/','-99',null,'N',null,null,null,'2021-06-23 14:36:45',null,'Y',null);
            go
            insert into pub_form_property(pk_form_property,areaid,classid,code,colnum,color,creationtime,creator,datatype,dataval,defaultvalue,defaultvar,define1,define2,define3,disabled,dr,editformula,hyperlinkflag,iscode,isdefined,ismultiselectedenabled,isnextrow,isrevise,istotal,itemtype,label,maxlength,metadataproperty,metaid,metapath,modifiedtime,modifier,position,proid,refcode,refname,relatemeta,required,resid,showformula,textrows,ts,validateformula,visible,width)
            values('0001ZZZZ645f7eb06021','0001ZZZZeaa70bf6e83b','005173a2-bb00-4ee5-88e5-8b32e0ef254d','region','1','#111111',null,'~',1,null, null,null,null,null,null,'N',0,null,'N','N','N',null,'N','N','N','input','所属大区',28,NULL,'','region',null,'~',69,'cf157eca-0528-4f22-957d-d5a3f558700c','/common-ref/','-99',null,'N',null,null,null,'2021-06-23 14:36:45',null,'Y',null);
            go
            insert into pub_form_property(pk_form_property,areaid,classid,code,colnum,color,creationtime,creator,datatype,dataval,defaultvalue,defaultvar,define1,define2,define3,disabled,dr,editformula,hyperlinkflag,iscode,isdefined,ismultiselectedenabled,isnextrow,isrevise,istotal,itemtype,label,maxlength,metadataproperty,metaid,metapath,modifiedtime,modifier,position,proid,refcode,refname,relatemeta,required,resid,showformula,textrows,ts,validateformula,visible,width)
            values('0001ZZZZ645f7eb06035','0001ZZZZeaa70bf6e83b','005173a2-bb00-4ee5-88e5-8b32e0ef254d','proposer','1','#111111',null,'~',204,null, null,null,null,null,null,'N',0,null,'N','N','N',null,'N','N','N','refer','申请人',28,NULL,'','proposer',null,'~',71,'09f05d04-1aa9-4f14-93ac-66f7f005b83c','uapbd/refer/psninfo/PsndocRiartTreeGridRef/index','人员',null,'N',null,null,null,'2021-06-23 14:36:45',null,'Y',null);
            go
            insert into pub_form_property(pk_form_property,areaid,classid,code,colnum,color,creationtime,creator,datatype,dataval,defaultvalue,defaultvar,define1,define2,define3,disabled,dr,editformula,hyperlinkflag,iscode,isdefined,ismultiselectedenabled,isnextrow,isrevise,istotal,itemtype,label,maxlength,metadataproperty,metaid,metapath,modifiedtime,modifier,position,proid,refcode,refname,relatemeta,required,resid,showformula,textrows,ts,validateformula,visible,width)
            values('0001ZZZZ645f7eb06037','0001ZZZZeaa70bf6e83b','005173a2-bb00-4ee5-88e5-8b32e0ef254d','pk_org','1','#111111',null,'~',204,null, null,null,null,null,null,'N',0,null,'N','N','N',null,'N','N','N','refer','组织',28,'uap.org.name','','pk_org',null,'~',4,'567918b8-efac-4414-b6a6-b5f7846dca26','uapbd/refer/org/BusinessUnitAndDeptTreeRef/index','业务单元及部门',null,'N',null,null,null,'2021-06-23 14:36:45',null,'Y',null);
            go
            insert into pub_form_property(pk_form_property,areaid,classid,code,colnum,color,creationtime,creator,datatype,dataval,defaultvalue,defaultvar,define1,define2,define3,disabled,dr,editformula,hyperlinkflag,iscode,isdefined,ismultiselectedenabled,isnextrow,isrevise,istotal,itemtype,label,maxlength,metadataproperty,metaid,metapath,modifiedtime,modifier,position,proid,refcode,refname,relatemeta,required,resid,showformula,textrows,ts,validateformula,visible,width)
            values('0001ZZZZ645f7eb06038','0001ZZZZeaa70bf6e83b','005173a2-bb00-4ee5-88e5-8b32e0ef254d','pk_org_v','1','#111111',null,'~',204,null, null,null,null,null,null,'N',0,null,'N','N','N',null,'N','N','N','refer','组织版本',28,'uap.org_v.name','','pk_org_v',null,'~',5,'ca9435b4-364d-47fc-962e-e75600025999','uapbd/refer/orgv/BusinessUnitVersionDefaultAllTreeRef/index','业务单元版本(所有)',null,'N',null,null,null,'2021-06-23 14:36:45',null,'N',null);
            go
            insert into pub_form_property(pk_form_property,areaid,classid,code,colnum,color,creationtime,creator,datatype,dataval,defaultvalue,defaultvar,define1,define2,define3,disabled,dr,editformula,hyperlinkflag,iscode,isdefined,ismultiselectedenabled,isnextrow,isrevise,istotal,itemtype,label,maxlength,metadataproperty,metaid,metapath,modifiedtime,modifier,position,proid,refcode,refname,relatemeta,required,resid,showformula,textrows,ts,validateformula,visible,width)
            values('0001ZZZZ645f7eb06069','0001ZZZZeaa70bf6e83b','005173a2-bb00-4ee5-88e5-8b32e0ef254d','address','1','#111111',null,'~',1,null, null,null,null,null,null,'N',0,null,'N','N','N',null,'N','N','N','input','详细地址',28,NULL,'','address',null,'~',70,'89c48fbe-c1bf-49a8-bfe6-d039a0dd6b64','/common-ref/','-99',null,'N',null,null,null,'2021-06-23 14:36:45',null,'Y',null);
            go
            insert into pub_form_property(pk_form_property,areaid,classid,code,colnum,color,creationtime,creator,datatype,dataval,defaultvalue,defaultvar,define1,define2,define3,disabled,dr,editformula,hyperlinkflag,iscode,isdefined,ismultiselectedenabled,isnextrow,isrevise,istotal,itemtype,label,maxlength,metadataproperty,metaid,metapath,modifiedtime,modifier,position,proid,refcode,refname,relatemeta,required,resid,showformula,textrows,ts,validateformula,visible,width)
            values('0001ZZZZ645f7eb06070','0001ZZZZeaa70bf6e83b','005173a2-bb00-4ee5-88e5-8b32e0ef254d','pk_group','1','#111111',null,'~',204,null, null,null,null,null,null,'N',0,null,'N','N','N',null,'N','N','N','refer','集团',28,'uap.group.name','','pk_group',null,'~',3,'4a5aca61-3ed7-4ebe-999d-ec63f9f9339b','uap/refer/riart/groupTreeRef/index','集团',null,'N',null,null,null,'2021-06-23 14:36:45',null,'Y',null);
            go




            insert into pub_form_property(pk_form_property,areaid,classid,code,colnum,color,creationtime,creator,datatype,dataval,defaultvalue,defaultvar,define1,define2,define3,disabled,dr,editformula,hyperlinkflag,iscode,isdefined,ismultiselectedenabled,isnextrow,isrevise,istotal,itemtype,label,maxlength,metadataproperty,metaid,metapath,modifiedtime,modifier,position,proid,refcode,refname,relatemeta,required,resid,showformula,textrows,ts,validateformula,visible,width)
            values('0001ZZZZ4fb009100001','0001ZZZZ58150db2dab2','5010bec2-04c9-46bc-bb86-57fec4903197','pk_detail','1','#111111',null,'~',1,null, null,null,null,null,null,'N',0,null,'N','N','N',null,'N','N','N','input','明细主键',28,NULL,'','id_schoolformdetailvo.pk_detail',null,'~',1,'b5b9adb1-6309-4a29-b684-867f761e06eb',null,null,null,'Y',null,null,null,'2021-06-23 14:36:45',null,'N',null);
            go
            insert into pub_form_property(pk_form_property,areaid,classid,code,colnum,color,creationtime,creator,datatype,dataval,defaultvalue,defaultvar,define1,define2,define3,disabled,dr,editformula,hyperlinkflag,iscode,isdefined,ismultiselectedenabled,isnextrow,isrevise,istotal,itemtype,label,maxlength,metadataproperty,metaid,metapath,modifiedtime,modifier,position,proid,refcode,refname,relatemeta,required,resid,showformula,textrows,ts,validateformula,visible,width)
            values('0001ZZZZ4fb009100002','0001ZZZZ58150db2dab2','5010bec2-04c9-46bc-bb86-57fec4903197','rowno','1','#111111',null,'~',1,null, null,null,null,null,null,'N',0,null,'N','N','N',null,'N','N','N','input','行号',28,NULL,'','id_schoolformdetailvo.rowno',null,'~',2,'c31365cc-378b-46b0-b01b-ea83763c38d3',null,null,null,'N',null,null,null,'2021-06-23 14:36:45',null,'Y',null);
            go

            insert into pub_form_property(pk_form_property,areaid,classid,code,colnum,color,creationtime,creator,datatype,dataval,defaultvalue,defaultvar,define1,define2,define3,disabled,dr,editformula,hyperlinkflag,iscode,isdefined,ismultiselectedenabled,isnextrow,isrevise,istotal,itemtype,label,maxlength,metadataproperty,metaid,metapath,modifiedtime,modifier,position,proid,refcode,refname,relatemeta,required,resid,showformula,textrows,ts,validateformula,visible,width)
            values('0001ZZZZ939ccf1f8001','0001ZZZZa5daa84d7c8c','5010bec2-04c9-46bc-bb86-57fec4903197','pk_detail','1','#111111',null,'~',1,null, null,null,null,null,null,'N',0,null,'N','N','N',null,'N','N','N','input','明细主键',28,NULL,'','id_schoolformdetailvo.pk_detail',null,'~',1,'f45062b2-6565-463e-b40a-aab82e7caedb',null,null,null,'Y',null,null,null,'2021-06-23 14:36:45',null,'N',null);
            go
            insert into pub_form_property(pk_form_property,areaid,classid,code,colnum,color,creationtime,creator,datatype,dataval,defaultvalue,defaultvar,define1,define2,define3,disabled,dr,editformula,hyperlinkflag,iscode,isdefined,ismultiselectedenabled,isnextrow,isrevise,istotal,itemtype,label,maxlength,metadataproperty,metaid,metapath,modifiedtime,modifier,position,proid,refcode,refname,relatemeta,required,resid,showformula,textrows,ts,validateformula,visible,width)
            values('0001ZZZZ939ccf1f8002','0001ZZZZa5daa84d7c8c','5010bec2-04c9-46bc-bb86-57fec4903197','rowno','1','#111111',null,'~',1,null, null,null,null,null,null,'N',0,null,'N','N','N',null,'N','N','N','input','行号',28,NULL,'','id_schoolformdetailvo.rowno',null,'~',2,'0017f6e9-c746-4aa2-9e09-f37c7e778c23',null,null,null,'N',null,null,null,'2021-06-23 14:36:45',null,'Y',null);
            go

            insert into pub_form_property(pk_form_property,areaid,classid,code,colnum,color,creationtime,creator,datatype,dataval,defaultvalue,defaultvar,define1,define2,define3,disabled,dr,editformula,hyperlinkflag,iscode,isdefined,ismultiselectedenabled,isnextrow,isrevise,istotal,itemtype,label,maxlength,metadataproperty,metaid,metapath,modifiedtime,modifier,position,proid,refcode,refname,relatemeta,required,resid,showformula,textrows,ts,validateformula,visible,width)
            values('0001ZZZZce3189957001','0001ZZZZaca3ef2ddeea','5010bec2-04c9-46bc-bb86-57fec4903197','pk_detail','1','#111111',null,'~',1,null, null,null,null,null,null,'N',0,null,'N','N','N',null,'N','N','N','input','明细主键',28,NULL,'','id_schoolformdetailvo.pk_detail',null,'~',1,'50a3079a-abcd-4f2c-9f1a-4e251d529690',null,null,null,'Y',null,null,null,'2021-06-23 14:36:45',null,'N',null);
            go
            insert into pub_form_property(pk_form_property,areaid,classid,code,colnum,color,creationtime,creator,datatype,dataval,defaultvalue,defaultvar,define1,define2,define3,disabled,dr,editformula,hyperlinkflag,iscode,isdefined,ismultiselectedenabled,isnextrow,isrevise,istotal,itemtype,label,maxlength,metadataproperty,metaid,metapath,modifiedtime,modifier,position,proid,refcode,refname,relatemeta,required,resid,showformula,textrows,ts,validateformula,visible,width)
            values('0001ZZZZce3189957002','0001ZZZZaca3ef2ddeea','5010bec2-04c9-46bc-bb86-57fec4903197','rowno','1','#111111',null,'~',1,null, null,null,null,null,null,'N',0,null,'N','N','N',null,'N','N','N','input','行号',28,NULL,'','id_schoolformdetailvo.rowno',null,'~',2,'ac2604a3-2752-4129-be20-09cc09e95b9c',null,null,null,'N',null,null,null,'2021-06-23 14:36:45',null,'Y',null);
            go







            insert into pub_form_property(pk_form_property,areaid,classid,code,colnum,color,creationtime,creator,datatype,dataval,defaultvalue,defaultvar,define1,define2,define3,disabled,dr,editformula,hyperlinkflag,iscode,isdefined,ismultiselectedenabled,isnextrow,isrevise,istotal,itemtype,label,maxlength,metadataproperty,metaid,metapath,modifiedtime,modifier,position,proid,refcode,refname,relatemeta,required,resid,showformula,textrows,ts,validateformula,visible,width)
            values('0001ZZZZ0bb02428a000','0001ZZZZ0df4f3513df8','005173a2-bb00-4ee5-88e5-8b32e0ef254d','pk_busitype','1','#111111',null,'~',204,null, null,null,null,null,null,'N',0,null,'N','N','N',null,'N','N','N','refer','业务类型',28,'uap.BusitypeVO.businame','','pk_busitype',null,'~',9,'78034033-efad-483f-a8b0-16311f1f5f81','uap/refer/riart/busitype/index','业务流程',null,'N',null,null,null,'2021-06-23 14:36:45',null,'Y',null);
            go
            insert into pub_form_property(pk_form_property,areaid,classid,code,colnum,color,creationtime,creator,datatype,dataval,defaultvalue,defaultvar,define1,define2,define3,disabled,dr,editformula,hyperlinkflag,iscode,isdefined,ismultiselectedenabled,isnextrow,isrevise,istotal,itemtype,label,maxlength,metadataproperty,metaid,metapath,modifiedtime,modifier,position,proid,refcode,refname,relatemeta,required,resid,showformula,textrows,ts,validateformula,visible,width)
            values('0001ZZZZ0bb02428a001','0001ZZZZ0df4f3513df8','005173a2-bb00-4ee5-88e5-8b32e0ef254d','pk_transtype','1','#111111',null,'~',204,null, null,null,null,null,null,'N',0,null,'N','N','N',null,'N','N','N','refer','交易类型',28,'uap.BilltypeVO.billtypename','','pk_transtype',null,'~',13,'2ce09a0b-85dc-4299-8bf1-8494257587b0','uap/refer/riart/transtype/index','影响因素交 易类型',null,'N',null,null,null,'2021-06-23 14:36:45',null,'Y',null);
            go
            insert into pub_form_property(pk_form_property,areaid,classid,code,colnum,color,creationtime,creator,datatype,dataval,defaultvalue,defaultvar,define1,define2,define3,disabled,dr,editformula,hyperlinkflag,iscode,isdefined,ismultiselectedenabled,isnextrow,isrevise,istotal,itemtype,label,maxlength,metadataproperty,metaid,metapath,modifiedtime,modifier,position,proid,refcode,refname,relatemeta,required,resid,showformula,textrows,ts,validateformula,visible,width)
            values('0001ZZZZ0bb02428a002','0001ZZZZ0df4f3513df8','005173a2-bb00-4ee5-88e5-8b32e0ef254d','transtypecode','1','#111111',null,'~',1,null, null,null,null,null,null,'N',0,null,'N','N','N',null,'N','N','N','input','交易类型编码',28,NULL,'','transtypecode',null,'~',12,'b4d40934-1a05-45c5-96a9-970f6b627aa1','/common-ref/','-99',null,'N',null,null,null,'2021-06-23 14:36:45',null,'Y',null);
            go
            insert into pub_form_property(pk_form_property,areaid,classid,code,colnum,color,creationtime,creator,datatype,dataval,defaultvalue,defaultvar,define1,define2,define3,disabled,dr,editformula,hyperlinkflag,iscode,isdefined,ismultiselectedenabled,isnextrow,isrevise,istotal,itemtype,label,maxlength,metadataproperty,metaid,metapath,modifiedtime,modifier,position,proid,refcode,refname,relatemeta,required,resid,showformula,textrows,ts,validateformula,visible,width)
            values('0001ZZZZ2fcbe807405e','0001ZZZZb0d62c8a2dac','005173a2-bb00-4ee5-88e5-8b32e0ef254d','modifier','1','#111111',null,'~',204,null, null,null,null,null,null,'N',0,null,'N','N','N',null,'N','N','N','refer','修改人',28,NULL,'','modifier',null,'~',18,'bdf71c7f-e913-4910-a5fd-97910ca71b39','uap/refer/riart/userDefaultRefer/index','用户',null,'N',null,null,null,'2021-06-23 14:36:45',null,'Y',null);
            go
            insert into pub_form_property(pk_form_property,areaid,classid,code,colnum,color,creationtime,creator,datatype,dataval,defaultvalue,defaultvar,define1,define2,define3,disabled,dr,editformula,hyperlinkflag,iscode,isdefined,ismultiselectedenabled,isnextrow,isrevise,istotal,itemtype,label,maxlength,metadataproperty,metaid,metapath,modifiedtime,modifier,position,proid,refcode,refname,relatemeta,required,resid,showformula,textrows,ts,validateformula,visible,width)
            values('0001ZZZZe652f894d422','0001ZZZZb0d62c8a2dac','005173a2-bb00-4ee5-88e5-8b32e0ef254d','modifiedtime','1','#111111',null,'~',34,null, null,null,null,null,null,'N',0,null,'N','N','N',null,'N','N','N','datetimepicker','修改时间',28,NULL,'','modifiedtime',null,'~',19,'97895ac4-f5ce-459b-bca1-02ae473c613d','/common-ref/','-99',null,'N',null,null,null,'2021-06-23 14:36:45',null,'Y',null);
            go
            insert into pub_form_property(pk_form_property,areaid,classid,code,colnum,color,creationtime,creator,datatype,dataval,defaultvalue,defaultvar,define1,define2,define3,disabled,dr,editformula,hyperlinkflag,iscode,isdefined,ismultiselectedenabled,isnextrow,isrevise,istotal,itemtype,label,maxlength,metadataproperty,metaid,metapath,modifiedtime,modifier,position,proid,refcode,refname,relatemeta,required,resid,showformula,textrows,ts,validateformula,visible,width)
            values('0001ZZZZ0ebae1135c00','0001ZZZZb0d62c8a2dac','005173a2-bb00-4ee5-88e5-8b32e0ef254d','creator','1','#111111',null,'~',204,null, null,null,null,null,null,'N',0,null,'N','N','N',null,'N','N','N','refer','创建人',28,NULL,'','creator',null,'~',16,'06bf2767-0bfd-4367-9cc6-19e8744efaeb','uap/refer/riart/userDefaultRefer/index','用户',null,'N',null,null,null,'2021-06-23 14:36:45',null,'Y',null);
            go
            insert into pub_form_property(pk_form_property,areaid,classid,code,colnum,color,creationtime,creator,datatype,dataval,defaultvalue,defaultvar,define1,define2,define3,disabled,dr,editformula,hyperlinkflag,iscode,isdefined,ismultiselectedenabled,isnextrow,isrevise,istotal,itemtype,label,maxlength,metadataproperty,metaid,metapath,modifiedtime,modifier,position,proid,refcode,refname,relatemeta,required,resid,showformula,textrows,ts,validateformula,visible,width)
            values('0001ZZZZ7ba3fa86123f','0001ZZZZb0d62c8a2dac','005173a2-bb00-4ee5-88e5-8b32e0ef254d','creationtime','1','#111111',null,'~',34,null, null,null,null,null,null,'N',0,null,'N','N','N',null,'N','N','N','datetimepicker','创建时间',28,NULL,'','creationtime',null,'~',17,'141fd535-bd50-4701-aa34-039bc7a34dcc','/common-ref/','-99',null,'N',null,null,null,'2021-06-23 14:36:45',null,'Y',null);
            go
            insert into pub_form_property(pk_form_property,areaid,classid,code,colnum,color,creationtime,creator,datatype,dataval,defaultvalue,defaultvar,define1,define2,define3,disabled,dr,editformula,hyperlinkflag,iscode,isdefined,ismultiselectedenabled,isnextrow,isrevise,istotal,itemtype,label,maxlength,metadataproperty,metaid,metapath,modifiedtime,modifier,position,proid,refcode,refname,relatemeta,required,resid,showformula,textrows,ts,validateformula,visible,width)
            values('0001ZZZZ0bb02428a007','0001ZZZZ0df4f3513df8','005173a2-bb00-4ee5-88e5-8b32e0ef254d','billmaker','1','#111111',null,'~',204,null, null,null,null,null,null,'N',0,null,'N','N','N',null,'N','N','N','refer','制单人',28,NULL,'','billmaker',null,'~',14,'dbab5a76-77d1-4dda-af65-438c6e34543f','uap/refer/riart/userDefaultRefer/index','用户',null,'N',null,null,null,'2021-06-23 14:36:45',null,'Y',null);
            go
            insert into pub_form_property(pk_form_property,areaid,classid,code,colnum,color,creationtime,creator,datatype,dataval,defaultvalue,defaultvar,define1,define2,define3,disabled,dr,editformula,hyperlinkflag,iscode,isdefined,ismultiselectedenabled,isnextrow,isrevise,istotal,itemtype,label,maxlength,metadataproperty,metaid,metapath,modifiedtime,modifier,position,proid,refcode,refname,relatemeta,required,resid,showformula,textrows,ts,validateformula,visible,width)
            values('0001ZZZZ0bb02428a008','0001ZZZZ0df4f3513df8','005173a2-bb00-4ee5-88e5-8b32e0ef254d','maketime','1','#111111',null,'~',33,null, null,null,null,null,null,'N',0,null,'N','N','N',null,'N','N','N','datepicker','制单时间',28,NULL,'','maketime',null,'~',15,'f23b98b6-912d-4d2a-9094-b572a247f57c','/common-ref/','-99',null,'N',null,null,null,'2021-06-23 14:36:45',null,'Y',null);
            go
            insert into pub_form_property(pk_form_property,areaid,classid,code,colnum,color,creationtime,creator,datatype,dataval,defaultvalue,defaultvar,define1,define2,define3,disabled,dr,editformula,hyperlinkflag,iscode,isdefined,ismultiselectedenabled,isnextrow,isrevise,istotal,itemtype,label,maxlength,metadataproperty,metaid,metapath,modifiedtime,modifier,position,proid,refcode,refname,relatemeta,required,resid,showformula,textrows,ts,validateformula,visible,width)
            values('0001ZZZZ0bb02428a009','0001ZZZZ0df4f3513df8','005173a2-bb00-4ee5-88e5-8b32e0ef254d','bill_no','1','#111111',null,'~',1,null, null,null,null,null,null,'Y',0,null,'N','N','N',null,'N','N','N','input','单据号',28,NULL,'','bill_no',null,'~',8,'172a33e5-ad67-4be8-bf20-d2898792184c','/common-ref/','-99',null,'N',null,null,null,'2021-06-23 14:36:45',null,'Y',null);
            go
            insert into pub_form_property(pk_form_property,areaid,classid,code,colnum,color,creationtime,creator,datatype,dataval,defaultvalue,defaultvar,define1,define2,define3,disabled,dr,editformula,hyperlinkflag,iscode,isdefined,ismultiselectedenabled,isnextrow,isrevise,istotal,itemtype,label,maxlength,metadataproperty,metaid,metapath,modifiedtime,modifier,position,proid,refcode,refname,relatemeta,required,resid,showformula,textrows,ts,validateformula,visible,width)
            values('0001ZZZZ0bb02428a010','0001ZZZZ0df4f3513df8','005173a2-bb00-4ee5-88e5-8b32e0ef254d','dbilldate','1','#111111',null,'~',33,null, null,null,null,null,null,'N',0,null,'N','N','N',null,'N','N','N','datepicker','单据日期',28,NULL,'','dbilldate',null,'~',6,'3773566f-2774-4ae5-90ea-5f939b407622','/common-ref/','-99',null,'N',null,null,null,'2021-06-23 14:36:45',null,'Y',null);
            go
            insert into pub_form_property(pk_form_property,areaid,classid,code,colnum,color,creationtime,creator,datatype,dataval,defaultvalue,defaultvar,define1,define2,define3,disabled,dr,editformula,hyperlinkflag,iscode,isdefined,ismultiselectedenabled,isnextrow,isrevise,istotal,itemtype,label,maxlength,metadataproperty,metaid,metapath,modifiedtime,modifier,position,proid,refcode,refname,relatemeta,required,resid,showformula,textrows,ts,validateformula,visible,width)
            values('0001ZZZZ0bb02428a011','0001ZZZZ0df4f3513df8','005173a2-bb00-4ee5-88e5-8b32e0ef254d','billstatus','1','#111111',null,'~',203,'自由=-1,审批未通过=0,审批通过=1,审批进行中=2,提交=3','-1',null,null,null,null,'Y',0,null,'N','N','N',null,'N','N','N','select','单据状态',28,NULL,'','billstatus',null,'~',7,'95f951bb-095a-4f37-99a4-5eb6459277f6','/common-ref/','-99',null,'N',null,null,null,'2021-06-23 14:36:45',null,'Y',null);
            go
            insert into pub_form_property(pk_form_property,areaid,classid,code,colnum,color,creationtime,creator,datatype,dataval,defaultvalue,defaultvar,define1,define2,define3,disabled,dr,editformula,hyperlinkflag,iscode,isdefined,ismultiselectedenabled,isnextrow,isrevise,istotal,itemtype,label,maxlength,metadataproperty,metaid,metapath,modifiedtime,modifier,position,proid,refcode,refname,relatemeta,required,resid,showformula,textrows,ts,validateformula,visible,width)
            values('0001ZZZZ0bb02428a012','0001ZZZZ0df4f3513df8','005173a2-bb00-4ee5-88e5-8b32e0ef254d','pk_billtypeid','1','#111111',null,'~',204,null, null,null,null,null,null,'N',0,null,'N','N','N',null,'N','N','N','refer','单据类型',28,'uap.BilltypeVO.billtypename','','pk_billtypeid',null,'~',10,'4b6a502e-9b14-48c8-98a7-4cd53ea4b966','uap/refer/riart/billtype/index','影响因素单据类型',null,'N',null,null,null,'2021-06-23 14:36:45',null,'Y',null);
            go
            insert into pub_form_property(pk_form_property,areaid,classid,code,colnum,color,creationtime,creator,datatype,dataval,defaultvalue,defaultvar,define1,define2,define3,disabled,dr,editformula,hyperlinkflag,iscode,isdefined,ismultiselectedenabled,isnextrow,isrevise,istotal,itemtype,label,maxlength,metadataproperty,metaid,metapath,modifiedtime,modifier,position,proid,refcode,refname,relatemeta,required,resid,showformula,textrows,ts,validateformula,visible,width)
            values('0001ZZZZ0bb02428a013','0001ZZZZ0df4f3513df8','005173a2-bb00-4ee5-88e5-8b32e0ef254d','billtype','1','#111111',null,'~',1,null, null,null,null,null,null,'N',0,null,'N','N','N',null,'N','N','N','input','单据类型编码',28,NULL,'','billtype',null,'~',11,'7b4e6cf1-d629-49da-8fff-d685df4d1f6b','/common-ref/','-99',null,'N',null,null,null,'2021-06-23 14:36:45',null,'Y',null);
            go
            insert into pub_form_property(pk_form_property,areaid,classid,code,colnum,color,creationtime,creator,datatype,dataval,defaultvalue,defaultvar,define1,define2,define3,disabled,dr,editformula,hyperlinkflag,iscode,isdefined,ismultiselectedenabled,isnextrow,isrevise,istotal,itemtype,label,maxlength,metadataproperty,metaid,metapath,modifiedtime,modifier,position,proid,refcode,refname,relatemeta,required,resid,showformula,textrows,ts,validateformula,visible,width)
            values('0001ZZZZ0bb02428a014','0001ZZZZ0df4f3513df8','005173a2-bb00-4ee5-88e5-8b32e0ef254d','vnote','1','#111111',null,'~',1,null, null,null,null,null,null,'N',0,null,'N','N','N',null,'N','N','N','input','备注',28,NULL,'','vnote',null,'~',24,'6d4149a5-8b59-4fd2-81b8-9e7f18bc64de','/common-ref/','-99',null,'N',null,null,null,'2021-06-23 14:36:45',null,'Y',null);
            go
            insert into pub_form_property(pk_form_property,areaid,classid,code,colnum,color,creationtime,creator,datatype,dataval,defaultvalue,defaultvar,define1,define2,define3,disabled,dr,editformula,hyperlinkflag,iscode,isdefined,ismultiselectedenabled,isnextrow,isrevise,istotal,itemtype,label,maxlength,metadataproperty,metaid,metapath,modifiedtime,modifier,position,proid,refcode,refname,relatemeta,required,resid,showformula,textrows,ts,validateformula,visible,width)
            values('0001ZZZZ0bb02428a015','0001ZZZZ0df4f3513df8','005173a2-bb00-4ee5-88e5-8b32e0ef254d','school','1','#111111',null,'~',1,null, null,null,null,null,null,'N',0,null,'N','N','N',null,'N','N','N','input','学校名称',28,NULL,'','school',null,'~',68,'50f3b8b1-17fc-4864-bbef-1b2063d31c60','/common-ref/','-99',null,'N',null,null,null,'2021-06-23 14:36:45',null,'Y',null);
            go
            insert into pub_form_property(pk_form_property,areaid,classid,code,colnum,color,creationtime,creator,datatype,dataval,defaultvalue,defaultvar,define1,define2,define3,disabled,dr,editformula,hyperlinkflag,iscode,isdefined,ismultiselectedenabled,isnextrow,isrevise,istotal,itemtype,label,maxlength,metadataproperty,metaid,metapath,modifiedtime,modifier,position,proid,refcode,refname,relatemeta,required,resid,showformula,textrows,ts,validateformula,visible,width)
            values('0001ZZZZ0bb02428a016','0001ZZZZ0df4f3513df8','005173a2-bb00-4ee5-88e5-8b32e0ef254d','pk_schoolf','1','#111111',null,'~',1,null, null,null,null,null,null,'N',0,null,'N','N','N',null,'N','N','N','input','学校申请单主键',28,NULL,'','pk_schoolf',null,'~',1,'3b95866c-d68e-4029-ab2a-df9cd3f83d96','/common-ref/','-99',null,'Y',null,null,null,'2021-06-23 14:36:45',null,'N',null);
            go
            insert into pub_form_property(pk_form_property,areaid,classid,code,colnum,color,creationtime,creator,datatype,dataval,defaultvalue,defaultvar,define1,define2,define3,disabled,dr,editformula,hyperlinkflag,iscode,isdefined,ismultiselectedenabled,isnextrow,isrevise,istotal,itemtype,label,maxlength,metadataproperty,metaid,metapath,modifiedtime,modifier,position,proid,refcode,refname,relatemeta,required,resid,showformula,textrows,ts,validateformula,visible,width)
            values('0001ZZZZc4c8899e7201','0001ZZZZb0d62c8a2dac','005173a2-bb00-4ee5-88e5-8b32e0ef254d','approver','1','#111111',null,'~',204,null, null,null,null,null,null,'N',0,null,'N','N','N',null,'N','N','N','refer','审批人',28,NULL,'','approver',null,'~',20,'f6ecaea1-a3e1-4a8d-a6c8-b5f132fd44c3','uap/refer/riart/userDefaultRefer/index','用户',null,'N',null,null,null,'2021-06-23 14:36:45',null,'Y',null);
            go
            insert into pub_form_property(pk_form_property,areaid,classid,code,colnum,color,creationtime,creator,datatype,dataval,defaultvalue,defaultvar,define1,define2,define3,disabled,dr,editformula,hyperlinkflag,iscode,isdefined,ismultiselectedenabled,isnextrow,isrevise,istotal,itemtype,label,maxlength,metadataproperty,metaid,metapath,modifiedtime,modifier,position,proid,refcode,refname,relatemeta,required,resid,showformula,textrows,ts,validateformula,visible,width)
            values('0001ZZZZ320635c33370','0001ZZZZb0d62c8a2dac','005173a2-bb00-4ee5-88e5-8b32e0ef254d','approvenote','1','#111111',null,'~',1,null, null,null,null,null,null,'N',0,null,'N','N','N',null,'N','N','N','input','审批批语',28,NULL,'','approvenote',null,'~',22,'2d6828e4-9c0f-426f-8334-c68cb5d47dff','/common-ref/','-99',null,'N',null,null,null,'2021-06-23 14:36:45',null,'Y',null);
            go
            insert into pub_form_property(pk_form_property,areaid,classid,code,colnum,color,creationtime,creator,datatype,dataval,defaultvalue,defaultvar,define1,define2,define3,disabled,dr,editformula,hyperlinkflag,iscode,isdefined,ismultiselectedenabled,isnextrow,isrevise,istotal,itemtype,label,maxlength,metadataproperty,metaid,metapath,modifiedtime,modifier,position,proid,refcode,refname,relatemeta,required,resid,showformula,textrows,ts,validateformula,visible,width)
            values('0001ZZZZ749ba8816381','0001ZZZZb0d62c8a2dac','005173a2-bb00-4ee5-88e5-8b32e0ef254d','approvedate','1','#111111',null,'~',34,null, null,null,null,null,null,'N',0,null,'N','N','N',null,'N','N','N','datetimepicker','审批时间',28,NULL,'','approvedate',null,'~',23,'d1bb02bf-7044-4a85-a987-297297735a74','/common-ref/','-99',null,'N',null,null,null,'2021-06-23 14:36:45',null,'Y',null);
            go
            insert into pub_form_property(pk_form_property,areaid,classid,code,colnum,color,creationtime,creator,datatype,dataval,defaultvalue,defaultvar,define1,define2,define3,disabled,dr,editformula,hyperlinkflag,iscode,isdefined,ismultiselectedenabled,isnextrow,isrevise,istotal,itemtype,label,maxlength,metadataproperty,metaid,metapath,modifiedtime,modifier,position,proid,refcode,refname,relatemeta,required,resid,showformula,textrows,ts,validateformula,visible,width)
            values('0001ZZZZ0bb02428a020','0001ZZZZ0df4f3513df8','005173a2-bb00-4ee5-88e5-8b32e0ef254d','approvestatus','1','#111111',null,'~',203,'自由=-1,审批未通过=0,审批通过=1,审批进行中=2,提交=3', null,null,null,null,null,'N',0,null,'N','N','N',null,'N','N','N','select','审批状态',28,NULL,'','approvestatus',null,'~',21,'e65216e1-2515-4d57-8cdc-f171435d062c','/common-ref/','-99',null,'N',null,null,null,'2021-06-23 14:36:45',null,'Y',null);
            go
            insert into pub_form_property(pk_form_property,areaid,classid,code,colnum,color,creationtime,creator,datatype,dataval,defaultvalue,defaultvar,define1,define2,define3,disabled,dr,editformula,hyperlinkflag,iscode,isdefined,ismultiselectedenabled,isnextrow,isrevise,istotal,itemtype,label,maxlength,metadataproperty,metaid,metapath,modifiedtime,modifier,position,proid,refcode,refname,relatemeta,required,resid,showformula,textrows,ts,validateformula,visible,width)
            values('0001ZZZZ0bb02428a021','0001ZZZZ0df4f3513df8','005173a2-bb00-4ee5-88e5-8b32e0ef254d','region','1','#111111',null,'~',1,null, null,null,null,null,null,'N',0,null,'N','N','N',null,'N','N','N','input','所属大区',28,NULL,'','region',null,'~',69,'ede8ca31-19f9-4150-af05-3f9ef72e5fda','/common-ref/','-99',null,'N',null,null,null,'2021-06-23 14:36:45',null,'Y',null);
            go
            insert into pub_form_property(pk_form_property,areaid,classid,code,colnum,color,creationtime,creator,datatype,dataval,defaultvalue,defaultvar,define1,define2,define3,disabled,dr,editformula,hyperlinkflag,iscode,isdefined,ismultiselectedenabled,isnextrow,isrevise,istotal,itemtype,label,maxlength,metadataproperty,metaid,metapath,modifiedtime,modifier,position,proid,refcode,refname,relatemeta,required,resid,showformula,textrows,ts,validateformula,visible,width)
            values('0001ZZZZ0bb02428a035','0001ZZZZ0df4f3513df8','005173a2-bb00-4ee5-88e5-8b32e0ef254d','proposer','1','#111111',null,'~',204,null, null,null,null,null,null,'N',0,null,'N','N','N',null,'N','N','N','refer','申请人',28,NULL,'','proposer',null,'~',71,'f92e78ba-52c8-4af8-ae5b-3edb8e5fdc27','uapbd/refer/psninfo/PsndocRiartTreeGridRef/index','人员',null,'N',null,null,null,'2021-06-23 14:36:45',null,'Y',null);
            go
            insert into pub_form_property(pk_form_property,areaid,classid,code,colnum,color,creationtime,creator,datatype,dataval,defaultvalue,defaultvar,define1,define2,define3,disabled,dr,editformula,hyperlinkflag,iscode,isdefined,ismultiselectedenabled,isnextrow,isrevise,istotal,itemtype,label,maxlength,metadataproperty,metaid,metapath,modifiedtime,modifier,position,proid,refcode,refname,relatemeta,required,resid,showformula,textrows,ts,validateformula,visible,width)
            values('0001ZZZZ0bb02428a037','0001ZZZZ0df4f3513df8','005173a2-bb00-4ee5-88e5-8b32e0ef254d','pk_org','1','#111111',null,'~',204,null, null,null,null,null,null,'N',0,null,'N','N','N',null,'N','N','N','refer','组织',28,'uap.org.name','','pk_org',null,'~',4,'d125cd68-22ff-4152-9506-1dccfb84c958','uapbd/refer/org/BusinessUnitAndDeptTreeRef/index','业务单元及部门',null,'N',null,null,null,'2021-06-23 14:36:45',null,'Y',null);
            go
            insert into pub_form_property(pk_form_property,areaid,classid,code,colnum,color,creationtime,creator,datatype,dataval,defaultvalue,defaultvar,define1,define2,define3,disabled,dr,editformula,hyperlinkflag,iscode,isdefined,ismultiselectedenabled,isnextrow,isrevise,istotal,itemtype,label,maxlength,metadataproperty,metaid,metapath,modifiedtime,modifier,position,proid,refcode,refname,relatemeta,required,resid,showformula,textrows,ts,validateformula,visible,width)
            values('0001ZZZZ0bb02428a038','0001ZZZZ0df4f3513df8','005173a2-bb00-4ee5-88e5-8b32e0ef254d','pk_org_v','1','#111111',null,'~',204,null, null,null,null,null,null,'N',0,null,'N','N','N',null,'N','N','N','refer','组织版本',28,'uap.org_v.name','','pk_org_v',null,'~',5,'4f2a10b9-b426-4658-bc38-a43eb4d5aa9e','uapbd/refer/orgv/BusinessUnitVersionDefaultAllTreeRef/index','业务单元版本(所有)',null,'N',null,null,null,'2021-06-23 14:36:45',null,'N',null);
            go
            insert into pub_form_property(pk_form_property,areaid,classid,code,colnum,color,creationtime,creator,datatype,dataval,defaultvalue,defaultvar,define1,define2,define3,disabled,dr,editformula,hyperlinkflag,iscode,isdefined,ismultiselectedenabled,isnextrow,isrevise,istotal,itemtype,label,maxlength,metadataproperty,metaid,metapath,modifiedtime,modifier,position,proid,refcode,refname,relatemeta,required,resid,showformula,textrows,ts,validateformula,visible,width)
            values('0001ZZZZ0bb02428a069','0001ZZZZ0df4f3513df8','005173a2-bb00-4ee5-88e5-8b32e0ef254d','address','1','#111111',null,'~',1,null, null,null,null,null,null,'N',0,null,'N','N','N',null,'N','N','N','input','详细地址',28,NULL,'','address',null,'~',70,'60e796ed-b778-422e-8574-f0f92f6382d0','/common-ref/','-99',null,'N',null,null,null,'2021-06-23 14:36:45',null,'Y',null);
            go
            insert into pub_form_property(pk_form_property,areaid,classid,code,colnum,color,creationtime,creator,datatype,dataval,defaultvalue,defaultvar,define1,define2,define3,disabled,dr,editformula,hyperlinkflag,iscode,isdefined,ismultiselectedenabled,isnextrow,isrevise,istotal,itemtype,label,maxlength,metadataproperty,metaid,metapath,modifiedtime,modifier,position,proid,refcode,refname,relatemeta,required,resid,showformula,textrows,ts,validateformula,visible,width)
            values('0001ZZZZ0bb02428a070','0001ZZZZ0df4f3513df8','005173a2-bb00-4ee5-88e5-8b32e0ef254d','pk_group','1','#111111',null,'~',204,null, null,null,null,null,null,'N',0,null,'N','N','N',null,'N','N','N','refer','集团',28,'uap.group.name','','pk_group',null,'~',3,'5d52bb77-f2b5-41f9-b845-850fb4c4e2b7','uap/refer/riart/groupTreeRef/index','集团',null,'N',null,null,null,'2021-06-23 14:36:45',null,'Y',null);
            go




            insert into pub_form_property(pk_form_property,areaid,classid,code,colnum,color,creationtime,creator,datatype,dataval,defaultvalue,defaultvar,define1,define2,define3,disabled,dr,editformula,hyperlinkflag,iscode,isdefined,ismultiselectedenabled,isnextrow,isrevise,istotal,itemtype,label,maxlength,metadataproperty,metaid,metapath,modifiedtime,modifier,position,proid,refcode,refname,relatemeta,required,resid,showformula,textrows,ts,validateformula,visible,width)
            values('0001ZZZZab770283d001','0001ZZZZa003a0207603','5010bec2-04c9-46bc-bb86-57fec4903197','pk_detail','1','#111111',null,'~',1,null, null,null,null,null,null,'N',0,null,'N','N','N',null,'N','N','N','input','明细主键',28,NULL,'','id_schoolformdetailvo.pk_detail',null,'~',1,'4dbf2b58-9759-47a9-82cd-d74a0950a0c3',null,null,null,'Y',null,null,null,'2021-06-23 14:36:45',null,'N',null);
            go
            insert into pub_form_property(pk_form_property,areaid,classid,code,colnum,color,creationtime,creator,datatype,dataval,defaultvalue,defaultvar,define1,define2,define3,disabled,dr,editformula,hyperlinkflag,iscode,isdefined,ismultiselectedenabled,isnextrow,isrevise,istotal,itemtype,label,maxlength,metadataproperty,metaid,metapath,modifiedtime,modifier,position,proid,refcode,refname,relatemeta,required,resid,showformula,textrows,ts,validateformula,visible,width)
            values('0001ZZZZab770283d002','0001ZZZZa003a0207603','5010bec2-04c9-46bc-bb86-57fec4903197','rowno','1','#111111',null,'~',1,null, null,null,null,null,null,'N',0,null,'N','N','N',null,'N','N','N','input','行号',28,NULL,'','id_schoolformdetailvo.rowno',null,'~',2,'04f6f239-0520-4132-a224-454711f87989',null,null,null,'N',null,null,null,'2021-06-23 14:36:45',null,'Y',null);
            go

            insert into pub_form_property(pk_form_property,areaid,classid,code,colnum,color,creationtime,creator,datatype,dataval,defaultvalue,defaultvar,define1,define2,define3,disabled,dr,editformula,hyperlinkflag,iscode,isdefined,ismultiselectedenabled,isnextrow,isrevise,istotal,itemtype,label,maxlength,metadataproperty,metaid,metapath,modifiedtime,modifier,position,proid,refcode,refname,relatemeta,required,resid,showformula,textrows,ts,validateformula,visible,width)
            values('0001ZZZZ8ea0671b5001','0001ZZZZf4660e7b2863','5010bec2-04c9-46bc-bb86-57fec4903197','pk_detail','1','#111111',null,'~',1,null, null,null,null,null,null,'N',0,null,'N','N','N',null,'N','N','N','input','明细主键',28,NULL,'','id_schoolformdetailvo.pk_detail',null,'~',1,'6cf10109-41ab-402c-a3f8-ca7a86d8184f',null,null,null,'Y',null,null,null,'2021-06-23 14:36:45',null,'N',null);
            go
            insert into pub_form_property(pk_form_property,areaid,classid,code,colnum,color,creationtime,creator,datatype,dataval,defaultvalue,defaultvar,define1,define2,define3,disabled,dr,editformula,hyperlinkflag,iscode,isdefined,ismultiselectedenabled,isnextrow,isrevise,istotal,itemtype,label,maxlength,metadataproperty,metaid,metapath,modifiedtime,modifier,position,proid,refcode,refname,relatemeta,required,resid,showformula,textrows,ts,validateformula,visible,width)
            values('0001ZZZZ8ea0671b5002','0001ZZZZf4660e7b2863','5010bec2-04c9-46bc-bb86-57fec4903197','rowno','1','#111111',null,'~',1,null, null,null,null,null,null,'N',0,null,'N','N','N',null,'N','N','N','input','行号',28,NULL,'','id_schoolformdetailvo.rowno',null,'~',2,'f38cd196-e11a-4ff1-9387-4cd707769746',null,null,null,'N',null,null,null,'2021-06-23 14:36:45',null,'Y',null);
            go

            insert into pub_form_property(pk_form_property,areaid,classid,code,colnum,color,creationtime,creator,datatype,dataval,defaultvalue,defaultvar,define1,define2,define3,disabled,dr,editformula,hyperlinkflag,iscode,isdefined,ismultiselectedenabled,isnextrow,isrevise,istotal,itemtype,label,maxlength,metadataproperty,metaid,metapath,modifiedtime,modifier,position,proid,refcode,refname,relatemeta,required,resid,showformula,textrows,ts,validateformula,visible,width)
            values('0001ZZZZ702912103001','0001ZZZZc6f1f5ce62ca','5010bec2-04c9-46bc-bb86-57fec4903197','pk_detail','1','#111111',null,'~',1,null, null,null,null,null,null,'N',0,null,'N','N','N',null,'N','N','N','input','明细主键',28,NULL,'','id_schoolformdetailvo.pk_detail',null,'~',1,'f0872a8f-83f6-43bf-94f0-a1f97fdf2985',null,null,null,'Y',null,null,null,'2021-06-23 14:36:45',null,'N',null);
            go
            insert into pub_form_property(pk_form_property,areaid,classid,code,colnum,color,creationtime,creator,datatype,dataval,defaultvalue,defaultvar,define1,define2,define3,disabled,dr,editformula,hyperlinkflag,iscode,isdefined,ismultiselectedenabled,isnextrow,isrevise,istotal,itemtype,label,maxlength,metadataproperty,metaid,metapath,modifiedtime,modifier,position,proid,refcode,refname,relatemeta,required,resid,showformula,textrows,ts,validateformula,visible,width)
            values('0001ZZZZ702912103002','0001ZZZZc6f1f5ce62ca','5010bec2-04c9-46bc-bb86-57fec4903197','rowno','1','#111111',null,'~',1,null, null,null,null,null,null,'N',0,null,'N','N','N',null,'N','N','N','input','行号',28,NULL,'','id_schoolformdetailvo.rowno',null,'~',2,'b51d6753-7e04-4db3-ac5b-9566d5042c41',null,null,null,'N',null,null,null,'2021-06-23 14:36:45',null,'Y',null);
            go
