insert into pub_page_templet(pk_page_templet,appcode,clazz,code,creationtime,creator,dr,headcode,isdefault,metaid,modifiedtime,modifier,name,pagecode,parentid,pk_group,pk_org,resid,resmodule,templetdesc,ts)
values('0001ZZZZ0b681672e2fb','81H10120','nc.vo.cy.classfilexz.AggClassxzHVO','81H10120_LIST',null,'~',0,'list_head','Y',null,null,'~','班级档案（行政列表','81H10120_LIST','root',null,null,null,null,'班级档案（行政列表页面','2021-07-19 13:38:50');
go

insert into pub_page_templet(pk_page_templet,appcode,clazz,code,creationtime,creator,dr,headcode,isdefault,metaid,modifiedtime,modifier,name,pagecode,parentid,pk_group,pk_org,resid,resmodule,templetdesc,ts)
values('0001ZZZZa9de3ba5cd20','81H10120','nc.vo.cy.classfilexz.AggClassxzHVO','81H10120_CARD',null,'~',0,'card_head','N',null,null,'~','班级档案（行政卡片','81H10120_CARD','root',null,null,null,null,'班级档案（行政卡片页面','2021-07-19 13:38:50');
go

insert into pub_page_templet(pk_page_templet,appcode,clazz,code,creationtime,creator,dr,headcode,isdefault,metaid,modifiedtime,modifier,name,pagecode,parentid,pk_group,pk_org,resid,resmodule,templetdesc,ts)
values('0001ZZZZ17b24f62dd75','81H10120','nc.vo.cy.classfilexz.AggClassxzHVO','81H10120L_CARD',null,'~',0,'card_head','N',null,null,'~','班级档案（行政联查卡片','81H10120L_CARD','root',null,null,null,null,'班级档案（行政联查卡片页面','2021-07-19 13:38:50');
go

insert into pub_page_templet(pk_page_templet,appcode,clazz,code,creationtime,creator,dr,headcode,isdefault,metaid,modifiedtime,modifier,name,pagecode,parentid,pk_group,pk_org,resid,resmodule,templetdesc,ts)
values('0001ZZZZd4e48a3b54d5','81H10120A','nc.vo.cy.classfilexz.AggClassxzHVO','81H10120A_CARD',null,'~',0,'card_head','N',null,null,'~','班级档案（行政审批卡片','81H10120A_CARD','root',null,null,null,null,'班级档案（行政审批卡片页面','2021-07-19 13:38:50');
go







insert into pub_area(pk_area,areadesc,areastatus,areatype,clazz,code,creationtime,creator,dr,isunfold,metaid,metaname,metaspace,modifiedtime,modifier,name,pagination,position,relationcode,resid,templetid,ts)
values('0001ZZZZ423071bee074',null,'browse',0,'nc.vo.cy.classfilexz.ClassxzHVO','list_query',null,'~',0,null,'acc447ba-b19e-4c03-8794-124a37aaa4c4','行政班级档案',null,null,'~','查询区',null,2,null,'','0001ZZZZ0b681672e2fb','2021-07-19 13:38:50');
go
insert into pub_area(pk_area,areadesc,areastatus,areatype,clazz,code,creationtime,creator,dr,isunfold,metaid,metaname,metaspace,modifiedtime,modifier,name,pagination,position,relationcode,resid,templetid,ts)
values('0001ZZZZ45415b7e0991',null,'browse',2,'nc.vo.cy.classfilexz.ClassxzHVO','list_head',null,'~',0,null,'acc447ba-b19e-4c03-8794-124a37aaa4c4','行政班级档案',null,null,'~','表头',null,1,null,'','0001ZZZZ0b681672e2fb','2021-07-19 13:38:50');
go




insert into pub_area(pk_area,areadesc,areastatus,areatype,clazz,code,creationtime,creator,dr,isunfold,metaid,metaname,metaspace,modifiedtime,modifier,name,pagination,position,relationcode,resid,templetid,ts)
values('0001ZZZZbf901a21db9b',null,'browse',1,'nc.vo.cy.classfilexz.ClassxzHVO','card_head',null,'~',0,null,'acc447ba-b19e-4c03-8794-124a37aaa4c4','行政班级档案','cy.classfilexz',null,'~','行政班级档案',null,1,null,null,'0001ZZZZa9de3ba5cd20','2021-07-19 13:38:50');
go
insert into pub_area(pk_area,areadesc,areastatus,areatype,clazz,code,creationtime,creator,dr,isunfold,metaid,metaname,metaspace,modifiedtime,modifier,name,pagination,position,relationcode,resid,templetid,ts)
values('0001ZZZZ85b3597965e6',null,'browse',1,'nc.vo.cy.classfilexz.ClassxzHVO','card_operate',null,'~',0,null,'acc447ba-b19e-4c03-8794-124a37aaa4c4','行政班级档案','cy.classfilexz',null,'~','操作信息',null,2,'card_head',null,'0001ZZZZa9de3ba5cd20','2021-07-19 13:38:50');
go
insert into pub_area(pk_area,areadesc,areastatus,areatype,clazz,code,creationtime,creator,dr,isunfold,metaid,metaname,metaspace,modifiedtime,modifier,name,pagination,position,relationcode,resid,templetid,ts)
values('0001ZZZZb6befdb673bf',null,'browse',2,'nc.vo.cy.classfilexz.ClassxzcVO','card_body',null,'~',0,null,'acc447ba-b19e-4c03-8794-124a37aaa4c4','行政班级档案','cy.classfilexz',null,'~','行政班级档案子表',null,3,null,null,'0001ZZZZa9de3ba5cd20','2021-07-19 13:38:50');
go
insert into pub_area(pk_area,areadesc,areastatus,areatype,clazz,code,creationtime,creator,dr,isunfold,metaid,metaname,metaspace,modifiedtime,modifier,name,pagination,position,relationcode,resid,templetid,ts)
values('0001ZZZZ7cb71934324a',null,'edit',1,'nc.vo.cy.classfilexz.ClassxzcVO','card_body_edit',null,'~',0,null,'acc447ba-b19e-4c03-8794-124a37aaa4c4','行政班级档案','cy.classfilexz',null,'~','行政班级档案子表',null,4,'card_body',null,'0001ZZZZa9de3ba5cd20','2021-07-19 13:38:50');
go
insert into pub_area(pk_area,areadesc,areastatus,areatype,clazz,code,creationtime,creator,dr,isunfold,metaid,metaname,metaspace,modifiedtime,modifier,name,pagination,position,relationcode,resid,templetid,ts)
values('0001ZZZZb8ff20c15320',null,'browse',1,'nc.vo.cy.classfilexz.ClassxzcVO','card_body_browse',null,'~',0,null,'acc447ba-b19e-4c03-8794-124a37aaa4c4','行政班级档案','cy.classfilexz',null,'~','行政班级档案子表',null,5,'card_body',null,'0001ZZZZa9de3ba5cd20','2021-07-19 13:38:50');
go


insert into pub_area(pk_area,areadesc,areastatus,areatype,clazz,code,creationtime,creator,dr,isunfold,metaid,metaname,metaspace,modifiedtime,modifier,name,pagination,position,relationcode,resid,templetid,ts)
values('0001ZZZZ7b123977df63',null,'browse',1,'nc.vo.cy.classfilexz.ClassxzHVO','card_head',null,'~',0,null,'acc447ba-b19e-4c03-8794-124a37aaa4c4','行政班级档案','cy.classfilexz',null,'~','行政班级档案',null,1,null,null,'0001ZZZZ17b24f62dd75','2021-07-19 13:38:50');
go
insert into pub_area(pk_area,areadesc,areastatus,areatype,clazz,code,creationtime,creator,dr,isunfold,metaid,metaname,metaspace,modifiedtime,modifier,name,pagination,position,relationcode,resid,templetid,ts)
values('0001ZZZZ708eba1daa5a',null,'browse',1,'nc.vo.cy.classfilexz.ClassxzHVO','card_operate',null,'~',0,null,'acc447ba-b19e-4c03-8794-124a37aaa4c4','行政班级档案','cy.classfilexz',null,'~','操作信息',null,2,'card_head',null,'0001ZZZZ17b24f62dd75','2021-07-19 13:38:50');
go
insert into pub_area(pk_area,areadesc,areastatus,areatype,clazz,code,creationtime,creator,dr,isunfold,metaid,metaname,metaspace,modifiedtime,modifier,name,pagination,position,relationcode,resid,templetid,ts)
values('0001ZZZZc0769a004563',null,'browse',2,'nc.vo.cy.classfilexz.ClassxzcVO','card_body',null,'~',0,null,'acc447ba-b19e-4c03-8794-124a37aaa4c4','行政班级档案','cy.classfilexz',null,'~','行政班级档案子表',null,3,null,null,'0001ZZZZ17b24f62dd75','2021-07-19 13:38:50');
go
insert into pub_area(pk_area,areadesc,areastatus,areatype,clazz,code,creationtime,creator,dr,isunfold,metaid,metaname,metaspace,modifiedtime,modifier,name,pagination,position,relationcode,resid,templetid,ts)
values('0001ZZZZ2736742018f5',null,'edit',1,'nc.vo.cy.classfilexz.ClassxzcVO','card_body_edit',null,'~',0,null,'acc447ba-b19e-4c03-8794-124a37aaa4c4','行政班级档案','cy.classfilexz',null,'~','行政班级档案子表',null,4,'card_body',null,'0001ZZZZ17b24f62dd75','2021-07-19 13:38:50');
go
insert into pub_area(pk_area,areadesc,areastatus,areatype,clazz,code,creationtime,creator,dr,isunfold,metaid,metaname,metaspace,modifiedtime,modifier,name,pagination,position,relationcode,resid,templetid,ts)
values('0001ZZZZeb1e0b333547',null,'browse',1,'nc.vo.cy.classfilexz.ClassxzcVO','card_body_browse',null,'~',0,null,'acc447ba-b19e-4c03-8794-124a37aaa4c4','行政班级档案','cy.classfilexz',null,'~','行政班级档案子表',null,5,'card_body',null,'0001ZZZZ17b24f62dd75','2021-07-19 13:38:50');
go

insert into pub_area(pk_area,areadesc,areastatus,areatype,clazz,code,creationtime,creator,dr,isunfold,metaid,metaname,metaspace,modifiedtime,modifier,name,pagination,position,relationcode,resid,templetid,ts)
values('0001ZZZZe2bb0912ca2d',null,'browse',1,'nc.vo.cy.classfilexz.ClassxzHVO','card_head',null,'~',0,null,'acc447ba-b19e-4c03-8794-124a37aaa4c4','行政班级档案','cy.classfilexz',null,'~','行政班级档案',null,1,null,null,'0001ZZZZd4e48a3b54d5','2021-07-19 13:38:50');
go
insert into pub_area(pk_area,areadesc,areastatus,areatype,clazz,code,creationtime,creator,dr,isunfold,metaid,metaname,metaspace,modifiedtime,modifier,name,pagination,position,relationcode,resid,templetid,ts)
values('0001ZZZZ49271a699f54',null,'browse',1,'nc.vo.cy.classfilexz.ClassxzHVO','card_operate',null,'~',0,null,'acc447ba-b19e-4c03-8794-124a37aaa4c4','行政班级档案','cy.classfilexz',null,'~','操作信息',null,2,'card_head',null,'0001ZZZZd4e48a3b54d5','2021-07-19 13:38:50');
go
insert into pub_area(pk_area,areadesc,areastatus,areatype,clazz,code,creationtime,creator,dr,isunfold,metaid,metaname,metaspace,modifiedtime,modifier,name,pagination,position,relationcode,resid,templetid,ts)
values('0001ZZZZ7742e6e5f92d',null,'browse',2,'nc.vo.cy.classfilexz.ClassxzcVO','card_body',null,'~',0,null,'acc447ba-b19e-4c03-8794-124a37aaa4c4','行政班级档案','cy.classfilexz',null,'~','行政班级档案子表',null,3,null,null,'0001ZZZZd4e48a3b54d5','2021-07-19 13:38:50');
go
insert into pub_area(pk_area,areadesc,areastatus,areatype,clazz,code,creationtime,creator,dr,isunfold,metaid,metaname,metaspace,modifiedtime,modifier,name,pagination,position,relationcode,resid,templetid,ts)
values('0001ZZZZ82c3ae7bc094',null,'edit',1,'nc.vo.cy.classfilexz.ClassxzcVO','card_body_edit',null,'~',0,null,'acc447ba-b19e-4c03-8794-124a37aaa4c4','行政班级档案','cy.classfilexz',null,'~','行政班级档案子表',null,4,'card_body',null,'0001ZZZZd4e48a3b54d5','2021-07-19 13:38:50');
go
insert into pub_area(pk_area,areadesc,areastatus,areatype,clazz,code,creationtime,creator,dr,isunfold,metaid,metaname,metaspace,modifiedtime,modifier,name,pagination,position,relationcode,resid,templetid,ts)
values('0001ZZZZ64782a6295a4',null,'browse',1,'nc.vo.cy.classfilexz.ClassxzcVO','card_body_browse',null,'~',0,null,'acc447ba-b19e-4c03-8794-124a37aaa4c4','行政班级档案','cy.classfilexz',null,'~','行政班级档案子表',null,5,'card_body',null,'0001ZZZZd4e48a3b54d5','2021-07-19 13:38:50');
go




            insert into pub_query_property(pk_query_property,areaid,classid,code,containlower,creationtime,creator,datatype,dataval,defaultvalue,define1,define2,define3,define4,define5,disabled,dr,isbeyondorg,ischeck,isdefined,isfixedcondition,ismultiselectedenabled,isnotmeta,isquerycondition,isuse,itemtype,label,maxlength,metadataproperty,metapath,opersign,opersignname,position,proid,querytablename,refcode,refname,required,resid,returntype,showtype,tablecode,ts,usefunc,visible,visibleposition,width)
            values('0001ZZZZ7f182fcf6054','0001ZZZZ423071bee074','acc447ba-b19e-4c03-8794-124a37aaa4c4','pk_busitype',null,null,'~',204,'','','','','','','','N',0,'N','N','N','N','N','N','Y','Y','refer','业务类型',20,NULL,'pk_busitype','=@','等于@',8,'670c45a4-1431-4801-9b68-3fb12f837624','','uap/refer/riart/busitype/index','业务流程','N','','refpk',1,'','2021-07-19 13:38:50','N','Y',null,1);
            go
            insert into pub_query_property(pk_query_property,areaid,classid,code,containlower,creationtime,creator,datatype,dataval,defaultvalue,define1,define2,define3,define4,define5,disabled,dr,isbeyondorg,ischeck,isdefined,isfixedcondition,ismultiselectedenabled,isnotmeta,isquerycondition,isuse,itemtype,label,maxlength,metadataproperty,metapath,opersign,opersignname,position,proid,querytablename,refcode,refname,required,resid,returntype,showtype,tablecode,ts,usefunc,visible,visibleposition,width)
            values('0001ZZZZ7f82e7187073','0001ZZZZ423071bee074','acc447ba-b19e-4c03-8794-124a37aaa4c4','bill_no',null,null,'~',1,'','','','','','','','Y',0,'N','N','N','N','N','N','Y','Y','input','单据号',50,NULL,'bill_no','=@','等于@',7,'98175134-cd56-4c1c-9f50-5e41b12f2c3a','','/common-ref/','-99','N','','refpk',1,'','2021-07-19 13:38:50','N','Y',null,1);
            go
            insert into pub_query_property(pk_query_property,areaid,classid,code,containlower,creationtime,creator,datatype,dataval,defaultvalue,define1,define2,define3,define4,define5,disabled,dr,isbeyondorg,ischeck,isdefined,isfixedcondition,ismultiselectedenabled,isnotmeta,isquerycondition,isuse,itemtype,label,maxlength,metadataproperty,metapath,opersign,opersignname,position,proid,querytablename,refcode,refname,required,resid,returntype,showtype,tablecode,ts,usefunc,visible,visibleposition,width)
            values('0001ZZZZc3223621ab4b','0001ZZZZ423071bee074','acc447ba-b19e-4c03-8794-124a37aaa4c4','dbilldate',null,null,'~',33,'','','','','','','','N',0,'N','N','N','N','N','N','Y','Y','datepicker','单据日期',19,NULL,'dbilldate','=@','等于@',5,'f586004e-273e-488c-b35f-d83041eec453','','/common-ref/','-99','N','','refpk',1,'','2021-07-19 13:38:50','N','Y',null,1);
            go
            insert into pub_query_property(pk_query_property,areaid,classid,code,containlower,creationtime,creator,datatype,dataval,defaultvalue,define1,define2,define3,define4,define5,disabled,dr,isbeyondorg,ischeck,isdefined,isfixedcondition,ismultiselectedenabled,isnotmeta,isquerycondition,isuse,itemtype,label,maxlength,metadataproperty,metapath,opersign,opersignname,position,proid,querytablename,refcode,refname,required,resid,returntype,showtype,tablecode,ts,usefunc,visible,visibleposition,width)
            values('0001ZZZZe29ebbe8709a','0001ZZZZ423071bee074','acc447ba-b19e-4c03-8794-124a37aaa4c4','billstatus',null,null,'~',203,'自由=-1,审批未通过=0,审批通过=1,审批进行中=2,提交=3','','','','','','','N',0,'N','N','N','N','N','N','Y','Y','select','单据状态',50,NULL,'billstatus','=@','等于@',6,'1e3216d3-fbeb-4b2f-b6d1-11f1be86adf8','','/common-ref/','-99','N','','refpk',1,'','2021-07-19 13:38:50','N','Y',null,1);
            go
            insert into pub_query_property(pk_query_property,areaid,classid,code,containlower,creationtime,creator,datatype,dataval,defaultvalue,define1,define2,define3,define4,define5,disabled,dr,isbeyondorg,ischeck,isdefined,isfixedcondition,ismultiselectedenabled,isnotmeta,isquerycondition,isuse,itemtype,label,maxlength,metadataproperty,metapath,opersign,opersignname,position,proid,querytablename,refcode,refname,required,resid,returntype,showtype,tablecode,ts,usefunc,visible,visibleposition,width)
            values('0001ZZZZad66a4851a73','0001ZZZZ423071bee074','acc447ba-b19e-4c03-8794-124a37aaa4c4','pk_billtypeid',null,null,'~',204,'0001Z0100BILLTYPEZJ7,code=N','','','','','','','N',0,'N','N','N','N','N','N','Y','Y','refer','单据类型',20,'uap.BilltypeVO.billtypename','pk_billtypeid','=@','等于@',9,'74ba05ec-b850-414c-9d61-121d61101298','','uap/refer/riart/billtype/index','影响因素单据类型','N','','refpk',1,'','2021-07-19 13:38:50','N','Y',null,1);
            go
            insert into pub_query_property(pk_query_property,areaid,classid,code,containlower,creationtime,creator,datatype,dataval,defaultvalue,define1,define2,define3,define4,define5,disabled,dr,isbeyondorg,ischeck,isdefined,isfixedcondition,ismultiselectedenabled,isnotmeta,isquerycondition,isuse,itemtype,label,maxlength,metadataproperty,metapath,opersign,opersignname,position,proid,querytablename,refcode,refname,required,resid,returntype,showtype,tablecode,ts,usefunc,visible,visibleposition,width)
            values('0001ZZZZbb03b8f1c073','0001ZZZZ423071bee074','acc447ba-b19e-4c03-8794-124a37aaa4c4','region',null,null,'~',1,'','','','','','','','N',0,'N','N','N','N','N','N','Y','Y','input','大区',50,NULL,'region','=@','等于@',68,'0903a392-2477-4106-918b-c1d43fd4c766','','/common-ref/','-99','N','','refpk',1,'','2021-07-19 13:38:50','N','Y',null,1);
            go
            insert into pub_query_property(pk_query_property,areaid,classid,code,containlower,creationtime,creator,datatype,dataval,defaultvalue,define1,define2,define3,define4,define5,disabled,dr,isbeyondorg,ischeck,isdefined,isfixedcondition,ismultiselectedenabled,isnotmeta,isquerycondition,isuse,itemtype,label,maxlength,metadataproperty,metapath,opersign,opersignname,position,proid,querytablename,refcode,refname,required,resid,returntype,showtype,tablecode,ts,usefunc,visible,visibleposition,width)
            values('0001ZZZZ8edbec5c58e5','0001ZZZZ423071bee074','acc447ba-b19e-4c03-8794-124a37aaa4c4','school',null,null,'~',1,'','','','','','','','N',0,'N','N','N','N','N','N','Y','Y','input','学校',50,NULL,'school','=@','等于@',67,'3399f40f-ca9c-413e-bb51-cce0ac7c8a3c','','/common-ref/','-99','N','','refpk',1,'','2021-07-19 13:38:50','N','Y',null,1);
            go
            insert into pub_query_property(pk_query_property,areaid,classid,code,containlower,creationtime,creator,datatype,dataval,defaultvalue,define1,define2,define3,define4,define5,disabled,dr,isbeyondorg,ischeck,isdefined,isfixedcondition,ismultiselectedenabled,isnotmeta,isquerycondition,isuse,itemtype,label,maxlength,metadataproperty,metapath,opersign,opersignname,position,proid,querytablename,refcode,refname,required,resid,returntype,showtype,tablecode,ts,usefunc,visible,visibleposition,width)
            values('0001ZZZZfa4327a09f1d','0001ZZZZ423071bee074','acc447ba-b19e-4c03-8794-124a37aaa4c4','openclas',null,null,'~',1,'','','','','','','','N',0,'N','N','N','N','N','N','Y','Y','input','开班年级',50,NULL,'openclas','=@','等于@',71,'2121e3d4-9f18-4a61-b807-8f533805dadc','','/common-ref/','-99','N','','refpk',1,'','2021-07-19 13:38:50','N','Y',null,1);
            go
            insert into pub_query_property(pk_query_property,areaid,classid,code,containlower,creationtime,creator,datatype,dataval,defaultvalue,define1,define2,define3,define4,define5,disabled,dr,isbeyondorg,ischeck,isdefined,isfixedcondition,ismultiselectedenabled,isnotmeta,isquerycondition,isuse,itemtype,label,maxlength,metadataproperty,metapath,opersign,opersignname,position,proid,querytablename,refcode,refname,required,resid,returntype,showtype,tablecode,ts,usefunc,visible,visibleposition,width)
            values('0001ZZZZf6c6fc38bba4','0001ZZZZ423071bee074','acc447ba-b19e-4c03-8794-124a37aaa4c4','clasname',null,null,'~',1,'','','','','','','','N',0,'N','N','N','N','N','N','Y','Y','input','班级名称',50,NULL,'clasname','=@','等于@',69,'926a6235-7451-48b4-9c64-b1cd5872b42d','','/common-ref/','-99','N','','refpk',1,'','2021-07-19 13:38:50','N','Y',null,1);
            go
            insert into pub_query_property(pk_query_property,areaid,classid,code,containlower,creationtime,creator,datatype,dataval,defaultvalue,define1,define2,define3,define4,define5,disabled,dr,isbeyondorg,ischeck,isdefined,isfixedcondition,ismultiselectedenabled,isnotmeta,isquerycondition,isuse,itemtype,label,maxlength,metadataproperty,metapath,opersign,opersignname,position,proid,querytablename,refcode,refname,required,resid,returntype,showtype,tablecode,ts,usefunc,visible,visibleposition,width)
            values('0001ZZZZa348fd857f8c','0001ZZZZ423071bee074','acc447ba-b19e-4c03-8794-124a37aaa4c4','pk_org',null,null,'~',204,'0001Z01000000001BVPS,code=N','','','','','','','N',0,'N','N','N','N','N','N','Y','Y','refer','组织',20,'uap.org.name','pk_org','=@','等于@',3,'421bec79-7b76-4e8e-a104-e26b676d2b7b','','uapbd/refer/org/BusinessUnitAndDeptTreeRef/index','业务单元及部门','N','','refpk',1,'','2021-07-19 13:38:50','N','Y',null,1);
            go
            insert into pub_query_property(pk_query_property,areaid,classid,code,containlower,creationtime,creator,datatype,dataval,defaultvalue,define1,define2,define3,define4,define5,disabled,dr,isbeyondorg,ischeck,isdefined,isfixedcondition,ismultiselectedenabled,isnotmeta,isquerycondition,isuse,itemtype,label,maxlength,metadataproperty,metapath,opersign,opersignname,position,proid,querytablename,refcode,refname,required,resid,returntype,showtype,tablecode,ts,usefunc,visible,visibleposition,width)
            values('0001ZZZZcce28ebce0c9','0001ZZZZ423071bee074','acc447ba-b19e-4c03-8794-124a37aaa4c4','pk_group',null,null,'~',204,'0001Z010000000000ZKS,code=N','','','','','','','N',0,'N','N','N','N','N','N','Y','Y','refer','集团',20,'uap.group.name','pk_group','=@','等于@',2,'6573c039-3951-42fa-a3f8-7e947c139078','','uap/refer/riart/groupTreeRef/index','集团','N','','refpk',1,'','2021-07-19 13:38:50','N','Y',null,1);
            go


        insert into pub_form_property(pk_form_property,areaid,classid,code,colnum,color,creationtime,creator,datatype,dataval,defaultvalue,defaultvar,define1,define2,define3,disabled,dr,editformula,hyperlinkflag,iscode,isdefined,ismultiselectedenabled,isnextrow,isrevise,istotal,itemtype,label,maxlength,metadataproperty,metaid,metapath,modifiedtime,modifier,position,proid,refcode,refname,relatemeta,required,resid,showformula,textrows,ts,validateformula,visible,width)
        values('0001ZZZZd68dce0b9000','0001ZZZZ45415b7e0991','acc447ba-b19e-4c03-8794-124a37aaa4c4','pk_busitype',null,'#111111',null,'~',204, '', null,null,null,null,null,'N',0,null,'N','N','N',null,'N','N','N','refer','业务类型',28,NULL,'7717f1a3-b777-454e-abb5-ef8705a0f0c2','pk_busitype',null,'~',8,'523f96de-d515-4845-a817-45578b3f0281','uap/refer/riart/busitype/index','业务流程',null,'N',null,null,null,'2021-07-19 13:38:50',null,'Y',null);
        go

        insert into pub_form_property(pk_form_property,areaid,classid,code,colnum,color,creationtime,creator,datatype,dataval,defaultvalue,defaultvar,define1,define2,define3,disabled,dr,editformula,hyperlinkflag,iscode,isdefined,ismultiselectedenabled,isnextrow,isrevise,istotal,itemtype,label,maxlength,metadataproperty,metaid,metapath,modifiedtime,modifier,position,proid,refcode,refname,relatemeta,required,resid,showformula,textrows,ts,validateformula,visible,width)
        values('0001ZZZZd68dce0b9001','0001ZZZZ45415b7e0991','acc447ba-b19e-4c03-8794-124a37aaa4c4','pk_transtype',null,'#111111',null,'~',204, '0001Z0100BILLTYPEZJ8,code=N', null,null,null,null,null,'N',0,null,'N','N','N',null,'N','N','N','refer','交易类型',28,'uap.BilltypeVO.billtypename','b0fa41cd-a649-4309-b685-d341a5d1b0ed','pk_transtype',null,'~',12,'c9c6dc06-5220-4e64-ad00-d2371e3f88fd','uap/refer/riart/transtype/index','影响因素交 易类型',null,'N',null,null,null,'2021-07-19 13:38:50',null,'Y',null);
        go

        insert into pub_form_property(pk_form_property,areaid,classid,code,colnum,color,creationtime,creator,datatype,dataval,defaultvalue,defaultvar,define1,define2,define3,disabled,dr,editformula,hyperlinkflag,iscode,isdefined,ismultiselectedenabled,isnextrow,isrevise,istotal,itemtype,label,maxlength,metadataproperty,metaid,metapath,modifiedtime,modifier,position,proid,refcode,refname,relatemeta,required,resid,showformula,textrows,ts,validateformula,visible,width)
        values('0001ZZZZd68dce0b9002','0001ZZZZ45415b7e0991','acc447ba-b19e-4c03-8794-124a37aaa4c4','transtypecode',null,'#111111',null,'~',1, null, null,null,null,null,null,'N',0,null,'N','N','N',null,'N','N','N','input','交易类型编码',28,NULL,'','transtypecode',null,'~',11,'834dc30f-8906-4abb-94a8-d592c59d8fe8','/common-ref/','-99',null,'N',null,null,null,'2021-07-19 13:38:50',null,'Y',null);
        go

        insert into pub_form_property(pk_form_property,areaid,classid,code,colnum,color,creationtime,creator,datatype,dataval,defaultvalue,defaultvar,define1,define2,define3,disabled,dr,editformula,hyperlinkflag,iscode,isdefined,ismultiselectedenabled,isnextrow,isrevise,istotal,itemtype,label,maxlength,metadataproperty,metaid,metapath,modifiedtime,modifier,position,proid,refcode,refname,relatemeta,required,resid,showformula,textrows,ts,validateformula,visible,width)
        values('0001ZZZZd68dce0b9003','0001ZZZZ45415b7e0991','acc447ba-b19e-4c03-8794-124a37aaa4c4','modifier',null,'#111111',null,'~',204, '0001Z01000000001BVPB,code=N', null,null,null,null,null,'N',0,null,'N','N','N',null,'N','N','N','refer','修改人',28,'uap.user.user_name','f6f9a473-56c0-432f-8bc7-fbf8fde54fee','modifier',null,'~',17,'398ce8f4-b2ee-4449-bd42-50785e7ec7aa','uap/refer/riart/userDefaultRefer/index','用户',null,'N',null,null,null,'2021-07-19 13:38:50',null,'Y',null);
        go

        insert into pub_form_property(pk_form_property,areaid,classid,code,colnum,color,creationtime,creator,datatype,dataval,defaultvalue,defaultvar,define1,define2,define3,disabled,dr,editformula,hyperlinkflag,iscode,isdefined,ismultiselectedenabled,isnextrow,isrevise,istotal,itemtype,label,maxlength,metadataproperty,metaid,metapath,modifiedtime,modifier,position,proid,refcode,refname,relatemeta,required,resid,showformula,textrows,ts,validateformula,visible,width)
        values('0001ZZZZd68dce0b9004','0001ZZZZ45415b7e0991','acc447ba-b19e-4c03-8794-124a37aaa4c4','modifiedtime',null,'#111111',null,'~',34, null, null,null,null,null,null,'N',0,null,'N','N','N',null,'N','N','N','datetimepicker','修改时间',28,NULL,'','modifiedtime',null,'~',18,'3e4d58ba-57e9-412e-adb7-dcbbfd68a72c','/common-ref/','-99',null,'N',null,null,null,'2021-07-19 13:38:50',null,'Y',null);
        go

        insert into pub_form_property(pk_form_property,areaid,classid,code,colnum,color,creationtime,creator,datatype,dataval,defaultvalue,defaultvar,define1,define2,define3,disabled,dr,editformula,hyperlinkflag,iscode,isdefined,ismultiselectedenabled,isnextrow,isrevise,istotal,itemtype,label,maxlength,metadataproperty,metaid,metapath,modifiedtime,modifier,position,proid,refcode,refname,relatemeta,required,resid,showformula,textrows,ts,validateformula,visible,width)
        values('0001ZZZZd68dce0b9005','0001ZZZZ45415b7e0991','acc447ba-b19e-4c03-8794-124a37aaa4c4','creator',null,'#111111',null,'~',204, '0001Z01000000001BVPB,code=N', null,null,null,null,null,'N',0,null,'N','N','N',null,'N','N','N','refer','创建人',28,'uap.user.user_name','f6f9a473-56c0-432f-8bc7-fbf8fde54fee','creator',null,'~',15,'c1df8535-de7b-408a-b3a9-23b207bb9c46','uap/refer/riart/userDefaultRefer/index','用户',null,'N',null,null,null,'2021-07-19 13:38:50',null,'Y',null);
        go

        insert into pub_form_property(pk_form_property,areaid,classid,code,colnum,color,creationtime,creator,datatype,dataval,defaultvalue,defaultvar,define1,define2,define3,disabled,dr,editformula,hyperlinkflag,iscode,isdefined,ismultiselectedenabled,isnextrow,isrevise,istotal,itemtype,label,maxlength,metadataproperty,metaid,metapath,modifiedtime,modifier,position,proid,refcode,refname,relatemeta,required,resid,showformula,textrows,ts,validateformula,visible,width)
        values('0001ZZZZd68dce0b9006','0001ZZZZ45415b7e0991','acc447ba-b19e-4c03-8794-124a37aaa4c4','creationtime',null,'#111111',null,'~',34, null, null,null,null,null,null,'N',0,null,'N','N','N',null,'N','N','N','datetimepicker','创建时间',28,NULL,'','creationtime',null,'~',16,'c287d850-b890-4bbd-9d13-2c689725e75f','/common-ref/','-99',null,'N',null,null,null,'2021-07-19 13:38:50',null,'Y',null);
        go

        insert into pub_form_property(pk_form_property,areaid,classid,code,colnum,color,creationtime,creator,datatype,dataval,defaultvalue,defaultvar,define1,define2,define3,disabled,dr,editformula,hyperlinkflag,iscode,isdefined,ismultiselectedenabled,isnextrow,isrevise,istotal,itemtype,label,maxlength,metadataproperty,metaid,metapath,modifiedtime,modifier,position,proid,refcode,refname,relatemeta,required,resid,showformula,textrows,ts,validateformula,visible,width)
        values('0001ZZZZd68dce0b9007','0001ZZZZ45415b7e0991','acc447ba-b19e-4c03-8794-124a37aaa4c4','billmaker',null,'#111111',null,'~',204, '0001Z01000000001BVPB,code=N', null,null,null,null,null,'N',0,null,'N','N','N',null,'N','N','N','refer','制单人',28,'uap.user.user_name','f6f9a473-56c0-432f-8bc7-fbf8fde54fee','billmaker',null,'~',13,'b581b871-1398-46f5-a53d-7ca4f800552c','uap/refer/riart/userDefaultRefer/index','用户',null,'N',null,null,null,'2021-07-19 13:38:50',null,'Y',null);
        go

        insert into pub_form_property(pk_form_property,areaid,classid,code,colnum,color,creationtime,creator,datatype,dataval,defaultvalue,defaultvar,define1,define2,define3,disabled,dr,editformula,hyperlinkflag,iscode,isdefined,ismultiselectedenabled,isnextrow,isrevise,istotal,itemtype,label,maxlength,metadataproperty,metaid,metapath,modifiedtime,modifier,position,proid,refcode,refname,relatemeta,required,resid,showformula,textrows,ts,validateformula,visible,width)
        values('0001ZZZZd68dce0b9008','0001ZZZZ45415b7e0991','acc447ba-b19e-4c03-8794-124a37aaa4c4','maketime',null,'#111111',null,'~',33, null, null,null,null,null,null,'N',0,null,'N','N','N',null,'N','N','N','datepicker','制单时间',28,NULL,'','maketime',null,'~',14,'d20ac92d-fb30-4c37-bab7-c89b735c840b','/common-ref/','-99',null,'N',null,null,null,'2021-07-19 13:38:50',null,'Y',null);
        go

        insert into pub_form_property(pk_form_property,areaid,classid,code,colnum,color,creationtime,creator,datatype,dataval,defaultvalue,defaultvar,define1,define2,define3,disabled,dr,editformula,hyperlinkflag,iscode,isdefined,ismultiselectedenabled,isnextrow,isrevise,istotal,itemtype,label,maxlength,metadataproperty,metaid,metapath,modifiedtime,modifier,position,proid,refcode,refname,relatemeta,required,resid,showformula,textrows,ts,validateformula,visible,width)
        values('0001ZZZZd68dce0b9009','0001ZZZZ45415b7e0991','acc447ba-b19e-4c03-8794-124a37aaa4c4','bill_no',null,'#111111',null,'~',1, null, null,null,null,null,null,'Y',0,null,'N','N','N',null,'N','N','N','input','单据号',28,NULL,'','bill_no',null,'~',7,'1132850b-4119-406c-9e8e-9a4066eb4cb0','/common-ref/','-99',null,'N',null,null,null,'2021-07-19 13:38:50',null,'Y',null);
        go

        insert into pub_form_property(pk_form_property,areaid,classid,code,colnum,color,creationtime,creator,datatype,dataval,defaultvalue,defaultvar,define1,define2,define3,disabled,dr,editformula,hyperlinkflag,iscode,isdefined,ismultiselectedenabled,isnextrow,isrevise,istotal,itemtype,label,maxlength,metadataproperty,metaid,metapath,modifiedtime,modifier,position,proid,refcode,refname,relatemeta,required,resid,showformula,textrows,ts,validateformula,visible,width)
        values('0001ZZZZd68dce0b9010','0001ZZZZ45415b7e0991','acc447ba-b19e-4c03-8794-124a37aaa4c4','dbilldate',null,'#111111',null,'~',33, null, null,null,null,null,null,'N',0,null,'N','N','N',null,'N','N','N','datepicker','单据日期',28,NULL,'','dbilldate',null,'~',5,'49768374-e4a8-462f-b7cc-a47a5c379ef6','/common-ref/','-99',null,'N',null,null,null,'2021-07-19 13:38:50',null,'Y',null);
        go

        insert into pub_form_property(pk_form_property,areaid,classid,code,colnum,color,creationtime,creator,datatype,dataval,defaultvalue,defaultvar,define1,define2,define3,disabled,dr,editformula,hyperlinkflag,iscode,isdefined,ismultiselectedenabled,isnextrow,isrevise,istotal,itemtype,label,maxlength,metadataproperty,metaid,metapath,modifiedtime,modifier,position,proid,refcode,refname,relatemeta,required,resid,showformula,textrows,ts,validateformula,visible,width)
        values('0001ZZZZd68dce0b9011','0001ZZZZ45415b7e0991','acc447ba-b19e-4c03-8794-124a37aaa4c4','billstatus',null,'#111111',null,'~',203, '自由=-1,审批未通过=0,审批通过=1,审批进行中=2,提交=3','-1',null,null,null,null,'N',0,null,'N','N','N',null,'N','N','N','select','单据状态',28,NULL,'','billstatus',null,'~',6,'8eeda0f0-31e4-4616-9ba3-38821b8a76b8','/common-ref/','-99',null,'N',null,null,null,'2021-07-19 13:38:50',null,'Y',null);
        go

        insert into pub_form_property(pk_form_property,areaid,classid,code,colnum,color,creationtime,creator,datatype,dataval,defaultvalue,defaultvar,define1,define2,define3,disabled,dr,editformula,hyperlinkflag,iscode,isdefined,ismultiselectedenabled,isnextrow,isrevise,istotal,itemtype,label,maxlength,metadataproperty,metaid,metapath,modifiedtime,modifier,position,proid,refcode,refname,relatemeta,required,resid,showformula,textrows,ts,validateformula,visible,width)
        values('0001ZZZZd68dce0b9012','0001ZZZZ45415b7e0991','acc447ba-b19e-4c03-8794-124a37aaa4c4','pk_billtypeid',null,'#111111',null,'~',204, '0001Z0100BILLTYPEZJ7,code=N', null,null,null,null,null,'N',0,null,'N','N','N',null,'N','N','N','refer','单据类型',28,'uap.BilltypeVO.billtypename','b0fa41cd-a649-4309-b685-d341a5d1b0ed','pk_billtypeid',null,'~',9,'32b96978-235d-4449-b403-bbf5e148bf57','uap/refer/riart/billtype/index','影响因素单据类型',null,'N',null,null,null,'2021-07-19 13:38:50',null,'Y',null);
        go

        insert into pub_form_property(pk_form_property,areaid,classid,code,colnum,color,creationtime,creator,datatype,dataval,defaultvalue,defaultvar,define1,define2,define3,disabled,dr,editformula,hyperlinkflag,iscode,isdefined,ismultiselectedenabled,isnextrow,isrevise,istotal,itemtype,label,maxlength,metadataproperty,metaid,metapath,modifiedtime,modifier,position,proid,refcode,refname,relatemeta,required,resid,showformula,textrows,ts,validateformula,visible,width)
        values('0001ZZZZd68dce0b9013','0001ZZZZ45415b7e0991','acc447ba-b19e-4c03-8794-124a37aaa4c4','billtype',null,'#111111',null,'~',1, null, null,null,null,null,null,'N',0,null,'N','N','N',null,'N','N','N','input','单据类型编码',28,NULL,'','billtype',null,'~',10,'cd3a71d6-ffde-4dd8-b853-8ff3c99ef274','/common-ref/','-99',null,'N',null,null,null,'2021-07-19 13:38:50',null,'Y',null);
        go

        insert into pub_form_property(pk_form_property,areaid,classid,code,colnum,color,creationtime,creator,datatype,dataval,defaultvalue,defaultvar,define1,define2,define3,disabled,dr,editformula,hyperlinkflag,iscode,isdefined,ismultiselectedenabled,isnextrow,isrevise,istotal,itemtype,label,maxlength,metadataproperty,metaid,metapath,modifiedtime,modifier,position,proid,refcode,refname,relatemeta,required,resid,showformula,textrows,ts,validateformula,visible,width)
        values('0001ZZZZd68dce0b9014','0001ZZZZ45415b7e0991','acc447ba-b19e-4c03-8794-124a37aaa4c4','vnote',null,'#111111',null,'~',1, null, null,null,null,null,null,'N',0,null,'N','N','N',null,'N','N','N','input','备注',28,NULL,'','vnote',null,'~',23,'0e359776-a33f-4bbb-9010-cb69c212c868','/common-ref/','-99',null,'N',null,null,null,'2021-07-19 13:38:50',null,'Y',null);
        go

        insert into pub_form_property(pk_form_property,areaid,classid,code,colnum,color,creationtime,creator,datatype,dataval,defaultvalue,defaultvar,define1,define2,define3,disabled,dr,editformula,hyperlinkflag,iscode,isdefined,ismultiselectedenabled,isnextrow,isrevise,istotal,itemtype,label,maxlength,metadataproperty,metaid,metapath,modifiedtime,modifier,position,proid,refcode,refname,relatemeta,required,resid,showformula,textrows,ts,validateformula,visible,width)
        values('0001ZZZZd68dce0b9015','0001ZZZZ45415b7e0991','acc447ba-b19e-4c03-8794-124a37aaa4c4','region',null,'#111111',null,'~',1, null, null,null,null,null,null,'N',0,null,'N','N','N',null,'N','N','N','input','大区',28,NULL,'','region',null,'~',68,'c9efe3a1-50d3-44a1-ac94-c46a793582e1','/common-ref/','-99',null,'N',null,null,null,'2021-07-19 13:38:50',null,'Y',null);
        go

        insert into pub_form_property(pk_form_property,areaid,classid,code,colnum,color,creationtime,creator,datatype,dataval,defaultvalue,defaultvar,define1,define2,define3,disabled,dr,editformula,hyperlinkflag,iscode,isdefined,ismultiselectedenabled,isnextrow,isrevise,istotal,itemtype,label,maxlength,metadataproperty,metaid,metapath,modifiedtime,modifier,position,proid,refcode,refname,relatemeta,required,resid,showformula,textrows,ts,validateformula,visible,width)
        values('0001ZZZZd68dce0b9016','0001ZZZZ45415b7e0991','acc447ba-b19e-4c03-8794-124a37aaa4c4','school',null,'#111111',null,'~',1, null, null,null,null,null,null,'N',0,null,'N','N','N',null,'N','N','N','input','学校',28,NULL,'','school',null,'~',67,'d20b8102-bf0d-4366-9dc4-8d578328ab89','/common-ref/','-99',null,'N',null,null,null,'2021-07-19 13:38:50',null,'Y',null);
        go

        insert into pub_form_property(pk_form_property,areaid,classid,code,colnum,color,creationtime,creator,datatype,dataval,defaultvalue,defaultvar,define1,define2,define3,disabled,dr,editformula,hyperlinkflag,iscode,isdefined,ismultiselectedenabled,isnextrow,isrevise,istotal,itemtype,label,maxlength,metadataproperty,metaid,metapath,modifiedtime,modifier,position,proid,refcode,refname,relatemeta,required,resid,showformula,textrows,ts,validateformula,visible,width)
        values('0001ZZZZd68dce0b9017','0001ZZZZ45415b7e0991','acc447ba-b19e-4c03-8794-124a37aaa4c4','approver',null,'#111111',null,'~',204, '0001Z01000000001BVPB,code=N', null,null,null,null,null,'N',0,null,'N','N','N',null,'N','N','N','refer','审批人',28,'uap.user.user_name','f6f9a473-56c0-432f-8bc7-fbf8fde54fee','approver',null,'~',19,'d030d33d-7d0e-47ff-83ed-62eae7930642','uap/refer/riart/userDefaultRefer/index','用户',null,'N',null,null,null,'2021-07-19 13:38:50',null,'Y',null);
        go

        insert into pub_form_property(pk_form_property,areaid,classid,code,colnum,color,creationtime,creator,datatype,dataval,defaultvalue,defaultvar,define1,define2,define3,disabled,dr,editformula,hyperlinkflag,iscode,isdefined,ismultiselectedenabled,isnextrow,isrevise,istotal,itemtype,label,maxlength,metadataproperty,metaid,metapath,modifiedtime,modifier,position,proid,refcode,refname,relatemeta,required,resid,showformula,textrows,ts,validateformula,visible,width)
        values('0001ZZZZd68dce0b9018','0001ZZZZ45415b7e0991','acc447ba-b19e-4c03-8794-124a37aaa4c4','approvenote',null,'#111111',null,'~',1, null, null,null,null,null,null,'N',0,null,'N','N','N',null,'N','N','N','input','审批批语',28,NULL,'','approvenote',null,'~',21,'f33ef4b7-f5a4-4265-854d-a746b4567475','/common-ref/','-99',null,'N',null,null,null,'2021-07-19 13:38:50',null,'Y',null);
        go

        insert into pub_form_property(pk_form_property,areaid,classid,code,colnum,color,creationtime,creator,datatype,dataval,defaultvalue,defaultvar,define1,define2,define3,disabled,dr,editformula,hyperlinkflag,iscode,isdefined,ismultiselectedenabled,isnextrow,isrevise,istotal,itemtype,label,maxlength,metadataproperty,metaid,metapath,modifiedtime,modifier,position,proid,refcode,refname,relatemeta,required,resid,showformula,textrows,ts,validateformula,visible,width)
        values('0001ZZZZd68dce0b9019','0001ZZZZ45415b7e0991','acc447ba-b19e-4c03-8794-124a37aaa4c4','approvedate',null,'#111111',null,'~',34, null, null,null,null,null,null,'N',0,null,'N','N','N',null,'N','N','N','datetimepicker','审批时间',28,NULL,'','approvedate',null,'~',22,'2a452f0b-c1ff-4b3b-bbe5-a0bc46fdf9f9','/common-ref/','-99',null,'N',null,null,null,'2021-07-19 13:38:50',null,'Y',null);
        go

        insert into pub_form_property(pk_form_property,areaid,classid,code,colnum,color,creationtime,creator,datatype,dataval,defaultvalue,defaultvar,define1,define2,define3,disabled,dr,editformula,hyperlinkflag,iscode,isdefined,ismultiselectedenabled,isnextrow,isrevise,istotal,itemtype,label,maxlength,metadataproperty,metaid,metapath,modifiedtime,modifier,position,proid,refcode,refname,relatemeta,required,resid,showformula,textrows,ts,validateformula,visible,width)
        values('0001ZZZZd68dce0b9020','0001ZZZZ45415b7e0991','acc447ba-b19e-4c03-8794-124a37aaa4c4','approvestatus',null,'#111111',null,'~',203, '自由=-1,审批未通过=0,审批通过=1,审批进行中=2,提交=3', null,null,null,null,null,'N',0,null,'N','N','N',null,'N','N','N','select','审批状态',28,NULL,'','approvestatus',null,'~',20,'cb711db6-9398-42eb-95d4-dd45cc14c4b2','/common-ref/','-99',null,'N',null,null,null,'2021-07-19 13:38:50',null,'Y',null);
        go

        insert into pub_form_property(pk_form_property,areaid,classid,code,colnum,color,creationtime,creator,datatype,dataval,defaultvalue,defaultvar,define1,define2,define3,disabled,dr,editformula,hyperlinkflag,iscode,isdefined,ismultiselectedenabled,isnextrow,isrevise,istotal,itemtype,label,maxlength,metadataproperty,metaid,metapath,modifiedtime,modifier,position,proid,refcode,refname,relatemeta,required,resid,showformula,textrows,ts,validateformula,visible,width)
        values('0001ZZZZd68dce0b9021','0001ZZZZ45415b7e0991','acc447ba-b19e-4c03-8794-124a37aaa4c4','openclas',null,'#111111',null,'~',1, null, null,null,null,null,null,'N',0,null,'N','N','N',null,'N','N','N','input','开班年级',28,NULL,'','openclas',null,'~',71,'6aad1644-1e0e-418c-863b-6c00e57e4520','/common-ref/','-99',null,'N',null,null,null,'2021-07-19 13:38:50',null,'Y',null);
        go

        insert into pub_form_property(pk_form_property,areaid,classid,code,colnum,color,creationtime,creator,datatype,dataval,defaultvalue,defaultvar,define1,define2,define3,disabled,dr,editformula,hyperlinkflag,iscode,isdefined,ismultiselectedenabled,isnextrow,isrevise,istotal,itemtype,label,maxlength,metadataproperty,metaid,metapath,modifiedtime,modifier,position,proid,refcode,refname,relatemeta,required,resid,showformula,textrows,ts,validateformula,visible,width)
        values('0001ZZZZd68dce0b9022','0001ZZZZ45415b7e0991','acc447ba-b19e-4c03-8794-124a37aaa4c4','isuseing',null,'#111111',null,'~',32, null, null,null,null,null,null,'N',0,null,'N','N','N',null,'N','N','N','checkbox_switch','是否启用',28,NULL,'','isuseing',null,'~',72,'8e9942ce-acb6-4a63-8907-a4d7f9ddab9d','/common-ref/','-99',null,'N',null,null,null,'2021-07-19 13:38:50',null,'Y',null);
        go

        insert into pub_form_property(pk_form_property,areaid,classid,code,colnum,color,creationtime,creator,datatype,dataval,defaultvalue,defaultvar,define1,define2,define3,disabled,dr,editformula,hyperlinkflag,iscode,isdefined,ismultiselectedenabled,isnextrow,isrevise,istotal,itemtype,label,maxlength,metadataproperty,metaid,metapath,modifiedtime,modifier,position,proid,refcode,refname,relatemeta,required,resid,showformula,textrows,ts,validateformula,visible,width)
        values('0001ZZZZd68dce0b9023','0001ZZZZ45415b7e0991','acc447ba-b19e-4c03-8794-124a37aaa4c4','srctrantype',null,'#111111',null,'~',1, null, null,null,null,null,null,'N',0,null,'N','N','N',null,'N','N','N','input','来源交易类型',28,NULL,'','srctrantype',null,'~',30,'d003e857-ce3f-4ccb-993b-25baf33dbd32','/common-ref/','-99',null,'N',null,null,null,'2021-07-19 13:38:50',null,'Y',null);
        go

        insert into pub_form_property(pk_form_property,areaid,classid,code,colnum,color,creationtime,creator,datatype,dataval,defaultvalue,defaultvar,define1,define2,define3,disabled,dr,editformula,hyperlinkflag,iscode,isdefined,ismultiselectedenabled,isnextrow,isrevise,istotal,itemtype,label,maxlength,metadataproperty,metaid,metapath,modifiedtime,modifier,position,proid,refcode,refname,relatemeta,required,resid,showformula,textrows,ts,validateformula,visible,width)
        values('0001ZZZZd68dce0b9026','0001ZZZZ45415b7e0991','acc447ba-b19e-4c03-8794-124a37aaa4c4','srccode',null,'#111111',null,'~',1, null, null,null,null,null,null,'N',0,null,'N','N','N',null,'N','N','N','input','来源单据号',28,NULL,'','srccode',null,'~',26,'3b8b8d42-c749-481d-9e0e-66c72d84042b','/common-ref/','-99',null,'N',null,null,null,'2021-07-19 13:38:50',null,'Y',null);
        go

        insert into pub_form_property(pk_form_property,areaid,classid,code,colnum,color,creationtime,creator,datatype,dataval,defaultvalue,defaultvar,define1,define2,define3,disabled,dr,editformula,hyperlinkflag,iscode,isdefined,ismultiselectedenabled,isnextrow,isrevise,istotal,itemtype,label,maxlength,metadataproperty,metaid,metapath,modifiedtime,modifier,position,proid,refcode,refname,relatemeta,required,resid,showformula,textrows,ts,validateformula,visible,width)
        values('0001ZZZZd68dce0b9028','0001ZZZZ45415b7e0991','acc447ba-b19e-4c03-8794-124a37aaa4c4','srcbilltype',null,'#111111',null,'~',1, null, null,null,null,null,null,'N',0,null,'N','N','N',null,'N','N','N','input','来源单据类型',28,NULL,'','srcbilltype',null,'~',24,'c36c7d5d-6706-4ffe-9d76-a5a07a030e7d','/common-ref/','-99',null,'N',null,null,null,'2021-07-19 13:38:50',null,'Y',null);
        go

        insert into pub_form_property(pk_form_property,areaid,classid,code,colnum,color,creationtime,creator,datatype,dataval,defaultvalue,defaultvar,define1,define2,define3,disabled,dr,editformula,hyperlinkflag,iscode,isdefined,ismultiselectedenabled,isnextrow,isrevise,istotal,itemtype,label,maxlength,metadataproperty,metaid,metapath,modifiedtime,modifier,position,proid,refcode,refname,relatemeta,required,resid,showformula,textrows,ts,validateformula,visible,width)
        values('0001ZZZZd68dce0b9029','0001ZZZZ45415b7e0991','acc447ba-b19e-4c03-8794-124a37aaa4c4','srcrowno',null,'#111111',null,'~',1, null, null,null,null,null,null,'N',0,null,'N','N','N',null,'N','N','N','input','来源单据行号',28,NULL,'','srcrowno',null,'~',29,'9355783f-5a9f-42db-a9b6-3201df409c16','/common-ref/','-99',null,'N',null,null,null,'2021-07-19 13:38:50',null,'Y',null);
        go

        insert into pub_form_property(pk_form_property,areaid,classid,code,colnum,color,creationtime,creator,datatype,dataval,defaultvalue,defaultvar,define1,define2,define3,disabled,dr,editformula,hyperlinkflag,iscode,isdefined,ismultiselectedenabled,isnextrow,isrevise,istotal,itemtype,label,maxlength,metadataproperty,metaid,metapath,modifiedtime,modifier,position,proid,refcode,refname,relatemeta,required,resid,showformula,textrows,ts,validateformula,visible,width)
        values('0001ZZZZd68dce0b9030','0001ZZZZ45415b7e0991','acc447ba-b19e-4c03-8794-124a37aaa4c4','vfirsttrantype',null,'#111111',null,'~',1, null, null,null,null,null,null,'N',0,null,'N','N','N',null,'N','N','N','input','源头交易类型',28,NULL,'','vfirsttrantype',null,'~',36,'9a18b8b8-eef1-45e1-9889-4f368d204e00','/common-ref/','-99',null,'N',null,null,null,'2021-07-19 13:38:50',null,'Y',null);
        go

        insert into pub_form_property(pk_form_property,areaid,classid,code,colnum,color,creationtime,creator,datatype,dataval,defaultvalue,defaultvar,define1,define2,define3,disabled,dr,editformula,hyperlinkflag,iscode,isdefined,ismultiselectedenabled,isnextrow,isrevise,istotal,itemtype,label,maxlength,metadataproperty,metaid,metapath,modifiedtime,modifier,position,proid,refcode,refname,relatemeta,required,resid,showformula,textrows,ts,validateformula,visible,width)
        values('0001ZZZZd68dce0b9032','0001ZZZZ45415b7e0991','acc447ba-b19e-4c03-8794-124a37aaa4c4','vfirstcode',null,'#111111',null,'~',1, null, null,null,null,null,null,'N',0,null,'N','N','N',null,'N','N','N','input','源头单据号',28,NULL,'','vfirstcode',null,'~',32,'3a1a8b3b-229f-4f6c-b2a6-58235e04a752','/common-ref/','-99',null,'N',null,null,null,'2021-07-19 13:38:50',null,'Y',null);
        go

        insert into pub_form_property(pk_form_property,areaid,classid,code,colnum,color,creationtime,creator,datatype,dataval,defaultvalue,defaultvar,define1,define2,define3,disabled,dr,editformula,hyperlinkflag,iscode,isdefined,ismultiselectedenabled,isnextrow,isrevise,istotal,itemtype,label,maxlength,metadataproperty,metaid,metapath,modifiedtime,modifier,position,proid,refcode,refname,relatemeta,required,resid,showformula,textrows,ts,validateformula,visible,width)
        values('0001ZZZZd68dce0b9034','0001ZZZZ45415b7e0991','acc447ba-b19e-4c03-8794-124a37aaa4c4','vfirsttype',null,'#111111',null,'~',1, null, null,null,null,null,null,'N',0,null,'N','N','N',null,'N','N','N','input','源头单据类型',28,NULL,'','vfirsttype',null,'~',31,'0b87b1b7-c3f4-4863-8ec8-ebe80d4f7d1d','/common-ref/','-99',null,'N',null,null,null,'2021-07-19 13:38:50',null,'Y',null);
        go

        insert into pub_form_property(pk_form_property,areaid,classid,code,colnum,color,creationtime,creator,datatype,dataval,defaultvalue,defaultvar,define1,define2,define3,disabled,dr,editformula,hyperlinkflag,iscode,isdefined,ismultiselectedenabled,isnextrow,isrevise,istotal,itemtype,label,maxlength,metadataproperty,metaid,metapath,modifiedtime,modifier,position,proid,refcode,refname,relatemeta,required,resid,showformula,textrows,ts,validateformula,visible,width)
        values('0001ZZZZd68dce0b9035','0001ZZZZ45415b7e0991','acc447ba-b19e-4c03-8794-124a37aaa4c4','vfirstrowno',null,'#111111',null,'~',1, null, null,null,null,null,null,'N',0,null,'N','N','N',null,'N','N','N','input','源头单据行号',28,NULL,'','vfirstrowno',null,'~',35,'35fbc5b9-06c3-4a74-b856-4306e6472fc6','/common-ref/','-99',null,'N',null,null,null,'2021-07-19 13:38:50',null,'Y',null);
        go

        insert into pub_form_property(pk_form_property,areaid,classid,code,colnum,color,creationtime,creator,datatype,dataval,defaultvalue,defaultvar,define1,define2,define3,disabled,dr,editformula,hyperlinkflag,iscode,isdefined,ismultiselectedenabled,isnextrow,isrevise,istotal,itemtype,label,maxlength,metadataproperty,metaid,metapath,modifiedtime,modifier,position,proid,refcode,refname,relatemeta,required,resid,showformula,textrows,ts,validateformula,visible,width)
        values('0001ZZZZd68dce0b9036','0001ZZZZ45415b7e0991','acc447ba-b19e-4c03-8794-124a37aaa4c4','applynum',null,'#111111',null,'~',4, null, null,null,null,null,null,'N',0,null,'N','N','N',null,'N','N','N','number','班级中的报名人数',28,NULL,'','applynum',null,'~',70,'46944c1a-0ed8-4098-a8b4-82acde62e80c','/common-ref/','-99',null,'N',null,null,null,'2021-07-19 13:38:50',null,'Y',null);
        go

        insert into pub_form_property(pk_form_property,areaid,classid,code,colnum,color,creationtime,creator,datatype,dataval,defaultvalue,defaultvar,define1,define2,define3,disabled,dr,editformula,hyperlinkflag,iscode,isdefined,ismultiselectedenabled,isnextrow,isrevise,istotal,itemtype,label,maxlength,metadataproperty,metaid,metapath,modifiedtime,modifier,position,proid,refcode,refname,relatemeta,required,resid,showformula,textrows,ts,validateformula,visible,width)
        values('0001ZZZZd68dce0b9038','0001ZZZZ45415b7e0991','acc447ba-b19e-4c03-8794-124a37aaa4c4','clasname',null,'#111111',null,'~',1, null, null,null,null,null,null,'N',0,null,'N','N','N',null,'N','N','N','input','班级名称',28,NULL,'','clasname',null,'~',69,'915fe1f1-4dc6-4f03-b1da-884a1424965f','/common-ref/','-99',null,'N',null,null,null,'2021-07-19 13:38:50',null,'Y',null);
        go

        insert into pub_form_property(pk_form_property,areaid,classid,code,colnum,color,creationtime,creator,datatype,dataval,defaultvalue,defaultvar,define1,define2,define3,disabled,dr,editformula,hyperlinkflag,iscode,isdefined,ismultiselectedenabled,isnextrow,isrevise,istotal,itemtype,label,maxlength,metadataproperty,metaid,metapath,modifiedtime,modifier,position,proid,refcode,refname,relatemeta,required,resid,showformula,textrows,ts,validateformula,visible,width)
        values('0001ZZZZd68dce0b9039','0001ZZZZ45415b7e0991','acc447ba-b19e-4c03-8794-124a37aaa4c4','pk_org',null,'#111111',null,'~',204, '0001Z01000000001BVPS,code=N', null,null,null,null,null,'N',0,null,'N','N','N',null,'N','N','N','refer','组织',28,'uap.org.name','985be8a4-3a36-4778-8afe-2d8ed3902659','pk_org',null,'~',3,'0877d2ef-d389-4cb3-a7d8-1625a0b974d5','uapbd/refer/org/BusinessUnitAndDeptTreeRef/index','业务单元及部门',null,'N',null,null,null,'2021-07-19 13:38:50',null,'Y',null);
        go

        insert into pub_form_property(pk_form_property,areaid,classid,code,colnum,color,creationtime,creator,datatype,dataval,defaultvalue,defaultvar,define1,define2,define3,disabled,dr,editformula,hyperlinkflag,iscode,isdefined,ismultiselectedenabled,isnextrow,isrevise,istotal,itemtype,label,maxlength,metadataproperty,metaid,metapath,modifiedtime,modifier,position,proid,refcode,refname,relatemeta,required,resid,showformula,textrows,ts,validateformula,visible,width)
        values('0001ZZZZd68dce0b9040','0001ZZZZ45415b7e0991','acc447ba-b19e-4c03-8794-124a37aaa4c4','pk_org_v',null,'#111111',null,'~',204, '', null,null,null,null,null,'N',0,null,'N','N','N',null,'N','N','N','refer','组织版本',28,NULL,'da7bba89-9a59-42d6-a262-c13ef459dbd9','pk_org_v',null,'~',4,'af451d50-4589-43f3-af7c-bc75dce9d3b6','uapbd/refer/orgv/BusinessUnitVersionDefaultAllTreeRef/index','业务单元版本(所有)',null,'N',null,null,null,'2021-07-19 13:38:50',null,'N',null);
        go

        insert into pub_form_property(pk_form_property,areaid,classid,code,colnum,color,creationtime,creator,datatype,dataval,defaultvalue,defaultvar,define1,define2,define3,disabled,dr,editformula,hyperlinkflag,iscode,isdefined,ismultiselectedenabled,isnextrow,isrevise,istotal,itemtype,label,maxlength,metadataproperty,metaid,metapath,modifiedtime,modifier,position,proid,refcode,refname,relatemeta,required,resid,showformula,textrows,ts,validateformula,visible,width)
        values('0001ZZZZd68dce0b9072','0001ZZZZ45415b7e0991','acc447ba-b19e-4c03-8794-124a37aaa4c4','pk_group',null,'#111111',null,'~',204, '0001Z010000000000ZKS,code=N', null,null,null,null,null,'N',0,null,'N','N','N',null,'N','N','N','refer','集团',28,'uap.group.name','3b6dd171-2900-47f3-bfbe-41e4483a2a65','pk_group',null,'~',2,'0f03a234-c90c-4db4-a655-90e2e1f72a09','uap/refer/riart/groupTreeRef/index','集团',null,'N',null,null,null,'2021-07-19 13:38:50',null,'Y',null);
        go








            insert into pub_form_property(pk_form_property,areaid,classid,code,colnum,color,creationtime,creator,datatype,dataval,defaultvalue,defaultvar,define1,define2,define3,disabled,dr,editformula,hyperlinkflag,iscode,isdefined,ismultiselectedenabled,isnextrow,isrevise,istotal,itemtype,label,maxlength,metadataproperty,metaid,metapath,modifiedtime,modifier,position,proid,refcode,refname,relatemeta,required,resid,showformula,textrows,ts,validateformula,visible,width)
            values('0001ZZZZda4d5171f000','0001ZZZZbf901a21db9b','acc447ba-b19e-4c03-8794-124a37aaa4c4','pk_busitype','1','#111111',null,'~',204,'' , null,null,null,null,null,'N',0,null,'N','N','N',null,'N','N','N','refer','业务类型',28,NULL,'','pk_busitype',null,'~',8,'4e43e8f6-599f-475f-b406-1a86cf5f33f9','uap/refer/riart/busitype/index','业务流程',null,'N',null,null,null,'2021-07-19 13:38:50',null,'Y',null);
            go
            insert into pub_form_property(pk_form_property,areaid,classid,code,colnum,color,creationtime,creator,datatype,dataval,defaultvalue,defaultvar,define1,define2,define3,disabled,dr,editformula,hyperlinkflag,iscode,isdefined,ismultiselectedenabled,isnextrow,isrevise,istotal,itemtype,label,maxlength,metadataproperty,metaid,metapath,modifiedtime,modifier,position,proid,refcode,refname,relatemeta,required,resid,showformula,textrows,ts,validateformula,visible,width)
            values('0001ZZZZda4d5171f001','0001ZZZZbf901a21db9b','acc447ba-b19e-4c03-8794-124a37aaa4c4','pk_transtype','1','#111111',null,'~',204,'0001Z0100BILLTYPEZJ8,code=N' , null,null,null,null,null,'N',0,null,'N','N','N',null,'N','N','N','refer','交易类型',28,'uap.BilltypeVO.billtypename','','pk_transtype',null,'~',12,'e975684b-3bb9-4673-b96b-6ba61c5c07e1','uap/refer/riart/transtype/index','影响因素交 易类型',null,'N',null,null,null,'2021-07-19 13:38:50',null,'Y',null);
            go
            insert into pub_form_property(pk_form_property,areaid,classid,code,colnum,color,creationtime,creator,datatype,dataval,defaultvalue,defaultvar,define1,define2,define3,disabled,dr,editformula,hyperlinkflag,iscode,isdefined,ismultiselectedenabled,isnextrow,isrevise,istotal,itemtype,label,maxlength,metadataproperty,metaid,metapath,modifiedtime,modifier,position,proid,refcode,refname,relatemeta,required,resid,showformula,textrows,ts,validateformula,visible,width)
            values('0001ZZZZda4d5171f002','0001ZZZZbf901a21db9b','acc447ba-b19e-4c03-8794-124a37aaa4c4','transtypecode','1','#111111',null,'~',1,null, null,null,null,null,null,'N',0,null,'N','N','N',null,'N','N','N','input','交易类型编码',28,NULL,'','transtypecode',null,'~',11,'5748c80a-6465-4834-8382-f21202b8b90b','/common-ref/','-99',null,'N',null,null,null,'2021-07-19 13:38:50',null,'Y',null);
            go
            insert into pub_form_property(pk_form_property,areaid,classid,code,colnum,color,creationtime,creator,datatype,dataval,defaultvalue,defaultvar,define1,define2,define3,disabled,dr,editformula,hyperlinkflag,iscode,isdefined,ismultiselectedenabled,isnextrow,isrevise,istotal,itemtype,label,maxlength,metadataproperty,metaid,metapath,modifiedtime,modifier,position,proid,refcode,refname,relatemeta,required,resid,showformula,textrows,ts,validateformula,visible,width)
            values('0001ZZZZ825889605526','0001ZZZZ85b3597965e6','acc447ba-b19e-4c03-8794-124a37aaa4c4','modifier','1','#111111',null,'~',204,'0001Z01000000001BVPB,code=N', null,null,null,null,null,'N',0,null,'N','N','N',null,'N','N','N','refer','修改人',28,'uap.user.user_name','','modifier',null,'~',17,'6b93d05e-699e-4017-9fc7-eb8d2a65de6c','uap/refer/riart/userDefaultRefer/index','用户',null,'N',null,null,null,'2021-07-19 13:38:50',null,'Y',null);
            go
            insert into pub_form_property(pk_form_property,areaid,classid,code,colnum,color,creationtime,creator,datatype,dataval,defaultvalue,defaultvar,define1,define2,define3,disabled,dr,editformula,hyperlinkflag,iscode,isdefined,ismultiselectedenabled,isnextrow,isrevise,istotal,itemtype,label,maxlength,metadataproperty,metaid,metapath,modifiedtime,modifier,position,proid,refcode,refname,relatemeta,required,resid,showformula,textrows,ts,validateformula,visible,width)
            values('0001ZZZZ893d175c21a7','0001ZZZZ85b3597965e6','acc447ba-b19e-4c03-8794-124a37aaa4c4','modifiedtime','1','#111111',null,'~',34,null, null,null,null,null,null,'N',0,null,'N','N','N',null,'N','N','N','datetimepicker','修改时间',28,NULL,'','modifiedtime',null,'~',18,'ac93a252-be3f-4904-87da-1888328983ba','/common-ref/','-99',null,'N',null,null,null,'2021-07-19 13:38:50',null,'Y',null);
            go
            insert into pub_form_property(pk_form_property,areaid,classid,code,colnum,color,creationtime,creator,datatype,dataval,defaultvalue,defaultvar,define1,define2,define3,disabled,dr,editformula,hyperlinkflag,iscode,isdefined,ismultiselectedenabled,isnextrow,isrevise,istotal,itemtype,label,maxlength,metadataproperty,metaid,metapath,modifiedtime,modifier,position,proid,refcode,refname,relatemeta,required,resid,showformula,textrows,ts,validateformula,visible,width)
            values('0001ZZZZ67ba99dba0bd','0001ZZZZ85b3597965e6','acc447ba-b19e-4c03-8794-124a37aaa4c4','creator','1','#111111',null,'~',204,'0001Z01000000001BVPB,code=N', null,null,null,null,null,'N',0,null,'N','N','N',null,'N','N','N','refer','创建人',28,'uap.user.user_name','','creator',null,'~',15,'b38919c7-9066-465b-b9f2-ad9e18f3e0c9','uap/refer/riart/userDefaultRefer/index','用户',null,'N',null,null,null,'2021-07-19 13:38:50',null,'Y',null);
            go
            insert into pub_form_property(pk_form_property,areaid,classid,code,colnum,color,creationtime,creator,datatype,dataval,defaultvalue,defaultvar,define1,define2,define3,disabled,dr,editformula,hyperlinkflag,iscode,isdefined,ismultiselectedenabled,isnextrow,isrevise,istotal,itemtype,label,maxlength,metadataproperty,metaid,metapath,modifiedtime,modifier,position,proid,refcode,refname,relatemeta,required,resid,showformula,textrows,ts,validateformula,visible,width)
            values('0001ZZZZ6e4041db77f7','0001ZZZZ85b3597965e6','acc447ba-b19e-4c03-8794-124a37aaa4c4','creationtime','1','#111111',null,'~',34,null, null,null,null,null,null,'N',0,null,'N','N','N',null,'N','N','N','datetimepicker','创建时间',28,NULL,'','creationtime',null,'~',16,'13b05004-ae34-4d8c-b854-1b511cfad0f0','/common-ref/','-99',null,'N',null,null,null,'2021-07-19 13:38:50',null,'Y',null);
            go
            insert into pub_form_property(pk_form_property,areaid,classid,code,colnum,color,creationtime,creator,datatype,dataval,defaultvalue,defaultvar,define1,define2,define3,disabled,dr,editformula,hyperlinkflag,iscode,isdefined,ismultiselectedenabled,isnextrow,isrevise,istotal,itemtype,label,maxlength,metadataproperty,metaid,metapath,modifiedtime,modifier,position,proid,refcode,refname,relatemeta,required,resid,showformula,textrows,ts,validateformula,visible,width)
            values('0001ZZZZda4d5171f007','0001ZZZZbf901a21db9b','acc447ba-b19e-4c03-8794-124a37aaa4c4','billmaker','1','#111111',null,'~',204,'0001Z01000000001BVPB,code=N' , null,null,null,null,null,'N',0,null,'N','N','N',null,'N','N','N','refer','制单人',28,'uap.user.user_name','','billmaker',null,'~',13,'09ad0d9b-6a7c-4996-8b89-57c45f36b443','uap/refer/riart/userDefaultRefer/index','用户',null,'N',null,null,null,'2021-07-19 13:38:50',null,'Y',null);
            go
            insert into pub_form_property(pk_form_property,areaid,classid,code,colnum,color,creationtime,creator,datatype,dataval,defaultvalue,defaultvar,define1,define2,define3,disabled,dr,editformula,hyperlinkflag,iscode,isdefined,ismultiselectedenabled,isnextrow,isrevise,istotal,itemtype,label,maxlength,metadataproperty,metaid,metapath,modifiedtime,modifier,position,proid,refcode,refname,relatemeta,required,resid,showformula,textrows,ts,validateformula,visible,width)
            values('0001ZZZZda4d5171f008','0001ZZZZbf901a21db9b','acc447ba-b19e-4c03-8794-124a37aaa4c4','maketime','1','#111111',null,'~',33,null, null,null,null,null,null,'N',0,null,'N','N','N',null,'N','N','N','datepicker','制单时间',28,NULL,'','maketime',null,'~',14,'9b03da19-f5cc-4428-8e49-a090926aa4e9','/common-ref/','-99',null,'N',null,null,null,'2021-07-19 13:38:50',null,'Y',null);
            go
            insert into pub_form_property(pk_form_property,areaid,classid,code,colnum,color,creationtime,creator,datatype,dataval,defaultvalue,defaultvar,define1,define2,define3,disabled,dr,editformula,hyperlinkflag,iscode,isdefined,ismultiselectedenabled,isnextrow,isrevise,istotal,itemtype,label,maxlength,metadataproperty,metaid,metapath,modifiedtime,modifier,position,proid,refcode,refname,relatemeta,required,resid,showformula,textrows,ts,validateformula,visible,width)
            values('0001ZZZZda4d5171f009','0001ZZZZbf901a21db9b','acc447ba-b19e-4c03-8794-124a37aaa4c4','bill_no','1','#111111',null,'~',1,null, null,null,null,null,null,'Y',0,null,'N','N','N',null,'N','N','N','input','单据号',28,NULL,'','bill_no',null,'~',7,'80fa1467-b126-4074-8755-c74f41a6c7d5','/common-ref/','-99',null,'N',null,null,null,'2021-07-19 13:38:50',null,'Y',null);
            go
            insert into pub_form_property(pk_form_property,areaid,classid,code,colnum,color,creationtime,creator,datatype,dataval,defaultvalue,defaultvar,define1,define2,define3,disabled,dr,editformula,hyperlinkflag,iscode,isdefined,ismultiselectedenabled,isnextrow,isrevise,istotal,itemtype,label,maxlength,metadataproperty,metaid,metapath,modifiedtime,modifier,position,proid,refcode,refname,relatemeta,required,resid,showformula,textrows,ts,validateformula,visible,width)
            values('0001ZZZZda4d5171f010','0001ZZZZbf901a21db9b','acc447ba-b19e-4c03-8794-124a37aaa4c4','dbilldate','1','#111111',null,'~',33,null, null,null,null,null,null,'N',0,null,'N','N','N',null,'N','N','N','datepicker','单据日期',28,NULL,'','dbilldate',null,'~',5,'cd87d4cf-a726-4b72-9825-8d0dc6a336f4','/common-ref/','-99',null,'N',null,null,null,'2021-07-19 13:38:50',null,'Y',null);
            go
            insert into pub_form_property(pk_form_property,areaid,classid,code,colnum,color,creationtime,creator,datatype,dataval,defaultvalue,defaultvar,define1,define2,define3,disabled,dr,editformula,hyperlinkflag,iscode,isdefined,ismultiselectedenabled,isnextrow,isrevise,istotal,itemtype,label,maxlength,metadataproperty,metaid,metapath,modifiedtime,modifier,position,proid,refcode,refname,relatemeta,required,resid,showformula,textrows,ts,validateformula,visible,width)
            values('0001ZZZZda4d5171f011','0001ZZZZbf901a21db9b','acc447ba-b19e-4c03-8794-124a37aaa4c4','billstatus','1','#111111',null,'~',203,'自由=-1,审批未通过=0,审批通过=1,审批进行中=2,提交=3','-1',null,null,null,null,'Y',0,null,'N','N','N',null,'N','N','N','select','单据状态',28,NULL,'','billstatus',null,'~',6,'704581de-abba-449f-b237-d1aaea9c4453','/common-ref/','-99',null,'N',null,null,null,'2021-07-19 13:38:50',null,'Y',null);
            go
            insert into pub_form_property(pk_form_property,areaid,classid,code,colnum,color,creationtime,creator,datatype,dataval,defaultvalue,defaultvar,define1,define2,define3,disabled,dr,editformula,hyperlinkflag,iscode,isdefined,ismultiselectedenabled,isnextrow,isrevise,istotal,itemtype,label,maxlength,metadataproperty,metaid,metapath,modifiedtime,modifier,position,proid,refcode,refname,relatemeta,required,resid,showformula,textrows,ts,validateformula,visible,width)
            values('0001ZZZZda4d5171f012','0001ZZZZbf901a21db9b','acc447ba-b19e-4c03-8794-124a37aaa4c4','pk_billtypeid','1','#111111',null,'~',204,'0001Z0100BILLTYPEZJ7,code=N' , null,null,null,null,null,'N',0,null,'N','N','N',null,'N','N','N','refer','单据类型',28,'uap.BilltypeVO.billtypename','','pk_billtypeid',null,'~',9,'bd8dc8bf-eb7e-4bc3-aad6-93936cd8bab2','uap/refer/riart/billtype/index','影响因素单据类型',null,'N',null,null,null,'2021-07-19 13:38:50',null,'Y',null);
            go
            insert into pub_form_property(pk_form_property,areaid,classid,code,colnum,color,creationtime,creator,datatype,dataval,defaultvalue,defaultvar,define1,define2,define3,disabled,dr,editformula,hyperlinkflag,iscode,isdefined,ismultiselectedenabled,isnextrow,isrevise,istotal,itemtype,label,maxlength,metadataproperty,metaid,metapath,modifiedtime,modifier,position,proid,refcode,refname,relatemeta,required,resid,showformula,textrows,ts,validateformula,visible,width)
            values('0001ZZZZda4d5171f013','0001ZZZZbf901a21db9b','acc447ba-b19e-4c03-8794-124a37aaa4c4','billtype','1','#111111',null,'~',1,null, null,null,null,null,null,'N',0,null,'N','N','N',null,'N','N','N','input','单据类型编码',28,NULL,'','billtype',null,'~',10,'7e38810c-407d-407d-bf7a-0c09a557c280','/common-ref/','-99',null,'N',null,null,null,'2021-07-19 13:38:50',null,'Y',null);
            go
            insert into pub_form_property(pk_form_property,areaid,classid,code,colnum,color,creationtime,creator,datatype,dataval,defaultvalue,defaultvar,define1,define2,define3,disabled,dr,editformula,hyperlinkflag,iscode,isdefined,ismultiselectedenabled,isnextrow,isrevise,istotal,itemtype,label,maxlength,metadataproperty,metaid,metapath,modifiedtime,modifier,position,proid,refcode,refname,relatemeta,required,resid,showformula,textrows,ts,validateformula,visible,width)
            values('0001ZZZZda4d5171f014','0001ZZZZbf901a21db9b','acc447ba-b19e-4c03-8794-124a37aaa4c4','vnote','1','#111111',null,'~',1,null, null,null,null,null,null,'N',0,null,'N','N','N',null,'N','N','N','input','备注',28,NULL,'','vnote',null,'~',23,'3328e823-1149-4061-a50e-0fbcd0aaeff8','/common-ref/','-99',null,'N',null,null,null,'2021-07-19 13:38:50',null,'Y',null);
            go
            insert into pub_form_property(pk_form_property,areaid,classid,code,colnum,color,creationtime,creator,datatype,dataval,defaultvalue,defaultvar,define1,define2,define3,disabled,dr,editformula,hyperlinkflag,iscode,isdefined,ismultiselectedenabled,isnextrow,isrevise,istotal,itemtype,label,maxlength,metadataproperty,metaid,metapath,modifiedtime,modifier,position,proid,refcode,refname,relatemeta,required,resid,showformula,textrows,ts,validateformula,visible,width)
            values('0001ZZZZda4d5171f015','0001ZZZZbf901a21db9b','acc447ba-b19e-4c03-8794-124a37aaa4c4','region','1','#111111',null,'~',1,null, null,null,null,null,null,'N',0,null,'N','N','N',null,'N','N','N','input','大区',28,NULL,'','region',null,'~',68,'010cd8ed-7ca6-4090-83fb-36b0ce5e0d66','/common-ref/','-99',null,'N',null,null,null,'2021-07-19 13:38:50',null,'Y',null);
            go
            insert into pub_form_property(pk_form_property,areaid,classid,code,colnum,color,creationtime,creator,datatype,dataval,defaultvalue,defaultvar,define1,define2,define3,disabled,dr,editformula,hyperlinkflag,iscode,isdefined,ismultiselectedenabled,isnextrow,isrevise,istotal,itemtype,label,maxlength,metadataproperty,metaid,metapath,modifiedtime,modifier,position,proid,refcode,refname,relatemeta,required,resid,showformula,textrows,ts,validateformula,visible,width)
            values('0001ZZZZda4d5171f016','0001ZZZZbf901a21db9b','acc447ba-b19e-4c03-8794-124a37aaa4c4','school','1','#111111',null,'~',1,null, null,null,null,null,null,'N',0,null,'N','N','N',null,'N','N','N','input','学校',28,NULL,'','school',null,'~',67,'8c239718-8495-426b-815a-e30ee8fb4108','/common-ref/','-99',null,'N',null,null,null,'2021-07-19 13:38:50',null,'Y',null);
            go
            insert into pub_form_property(pk_form_property,areaid,classid,code,colnum,color,creationtime,creator,datatype,dataval,defaultvalue,defaultvar,define1,define2,define3,disabled,dr,editformula,hyperlinkflag,iscode,isdefined,ismultiselectedenabled,isnextrow,isrevise,istotal,itemtype,label,maxlength,metadataproperty,metaid,metapath,modifiedtime,modifier,position,proid,refcode,refname,relatemeta,required,resid,showformula,textrows,ts,validateformula,visible,width)
            values('0001ZZZZefe86741dd18','0001ZZZZ85b3597965e6','acc447ba-b19e-4c03-8794-124a37aaa4c4','approver','1','#111111',null,'~',204,'0001Z01000000001BVPB,code=N', null,null,null,null,null,'N',0,null,'N','N','N',null,'N','N','N','refer','审批人',28,'uap.user.user_name','','approver',null,'~',19,'2176ef16-f7dd-4ca1-b50f-c3c9ee156958','uap/refer/riart/userDefaultRefer/index','用户',null,'N',null,null,null,'2021-07-19 13:38:50',null,'Y',null);
            go
            insert into pub_form_property(pk_form_property,areaid,classid,code,colnum,color,creationtime,creator,datatype,dataval,defaultvalue,defaultvar,define1,define2,define3,disabled,dr,editformula,hyperlinkflag,iscode,isdefined,ismultiselectedenabled,isnextrow,isrevise,istotal,itemtype,label,maxlength,metadataproperty,metaid,metapath,modifiedtime,modifier,position,proid,refcode,refname,relatemeta,required,resid,showformula,textrows,ts,validateformula,visible,width)
            values('0001ZZZZb47b2b5047f7','0001ZZZZ85b3597965e6','acc447ba-b19e-4c03-8794-124a37aaa4c4','approvenote','1','#111111',null,'~',1,null, null,null,null,null,null,'N',0,null,'N','N','N',null,'N','N','N','input','审批批语',28,NULL,'','approvenote',null,'~',21,'24f99a72-d3dc-48a0-9cfa-d6aa55a1f1f9','/common-ref/','-99',null,'N',null,null,null,'2021-07-19 13:38:50',null,'Y',null);
            go
            insert into pub_form_property(pk_form_property,areaid,classid,code,colnum,color,creationtime,creator,datatype,dataval,defaultvalue,defaultvar,define1,define2,define3,disabled,dr,editformula,hyperlinkflag,iscode,isdefined,ismultiselectedenabled,isnextrow,isrevise,istotal,itemtype,label,maxlength,metadataproperty,metaid,metapath,modifiedtime,modifier,position,proid,refcode,refname,relatemeta,required,resid,showformula,textrows,ts,validateformula,visible,width)
            values('0001ZZZZ6fc7ccc50f7d','0001ZZZZ85b3597965e6','acc447ba-b19e-4c03-8794-124a37aaa4c4','approvedate','1','#111111',null,'~',34,null, null,null,null,null,null,'N',0,null,'N','N','N',null,'N','N','N','datetimepicker','审批时间',28,NULL,'','approvedate',null,'~',22,'419a363d-df80-46a5-8024-104e0de30242','/common-ref/','-99',null,'N',null,null,null,'2021-07-19 13:38:50',null,'Y',null);
            go
            insert into pub_form_property(pk_form_property,areaid,classid,code,colnum,color,creationtime,creator,datatype,dataval,defaultvalue,defaultvar,define1,define2,define3,disabled,dr,editformula,hyperlinkflag,iscode,isdefined,ismultiselectedenabled,isnextrow,isrevise,istotal,itemtype,label,maxlength,metadataproperty,metaid,metapath,modifiedtime,modifier,position,proid,refcode,refname,relatemeta,required,resid,showformula,textrows,ts,validateformula,visible,width)
            values('0001ZZZZda4d5171f020','0001ZZZZbf901a21db9b','acc447ba-b19e-4c03-8794-124a37aaa4c4','approvestatus','1','#111111',null,'~',203,'自由=-1,审批未通过=0,审批通过=1,审批进行中=2,提交=3', null,null,null,null,null,'N',0,null,'N','N','N',null,'N','N','N','select','审批状态',28,NULL,'','approvestatus',null,'~',20,'7c22b363-e701-4f9a-9ba8-a68d92c1b550','/common-ref/','-99',null,'N',null,null,null,'2021-07-19 13:38:50',null,'Y',null);
            go
            insert into pub_form_property(pk_form_property,areaid,classid,code,colnum,color,creationtime,creator,datatype,dataval,defaultvalue,defaultvar,define1,define2,define3,disabled,dr,editformula,hyperlinkflag,iscode,isdefined,ismultiselectedenabled,isnextrow,isrevise,istotal,itemtype,label,maxlength,metadataproperty,metaid,metapath,modifiedtime,modifier,position,proid,refcode,refname,relatemeta,required,resid,showformula,textrows,ts,validateformula,visible,width)
            values('0001ZZZZda4d5171f021','0001ZZZZbf901a21db9b','acc447ba-b19e-4c03-8794-124a37aaa4c4','openclas','1','#111111',null,'~',1,null, null,null,null,null,null,'N',0,null,'N','N','N',null,'N','N','N','input','开班年级',28,NULL,'','openclas',null,'~',71,'8def00b7-6e04-4a0b-b327-f42ad71d9187','/common-ref/','-99',null,'N',null,null,null,'2021-07-19 13:38:50',null,'Y',null);
            go
            insert into pub_form_property(pk_form_property,areaid,classid,code,colnum,color,creationtime,creator,datatype,dataval,defaultvalue,defaultvar,define1,define2,define3,disabled,dr,editformula,hyperlinkflag,iscode,isdefined,ismultiselectedenabled,isnextrow,isrevise,istotal,itemtype,label,maxlength,metadataproperty,metaid,metapath,modifiedtime,modifier,position,proid,refcode,refname,relatemeta,required,resid,showformula,textrows,ts,validateformula,visible,width)
            values('0001ZZZZda4d5171f022','0001ZZZZbf901a21db9b','acc447ba-b19e-4c03-8794-124a37aaa4c4','isuseing','1','#111111',null,'~',32,null, null,null,null,null,null,'N',0,null,'N','N','N',null,'N','N','N','checkbox_switch','是否启用',28,NULL,'','isuseing',null,'~',72,'6885805d-8c62-48ec-9de3-e03f87571f6c','/common-ref/','-99',null,'N',null,null,null,'2021-07-19 13:38:50',null,'Y',null);
            go
            insert into pub_form_property(pk_form_property,areaid,classid,code,colnum,color,creationtime,creator,datatype,dataval,defaultvalue,defaultvar,define1,define2,define3,disabled,dr,editformula,hyperlinkflag,iscode,isdefined,ismultiselectedenabled,isnextrow,isrevise,istotal,itemtype,label,maxlength,metadataproperty,metaid,metapath,modifiedtime,modifier,position,proid,refcode,refname,relatemeta,required,resid,showformula,textrows,ts,validateformula,visible,width)
            values('0001ZZZZda4d5171f023','0001ZZZZbf901a21db9b','acc447ba-b19e-4c03-8794-124a37aaa4c4','srctrantype','1','#111111',null,'~',1,null, null,null,null,null,null,'N',0,null,'N','N','N',null,'N','N','N','input','来源交易类型',28,NULL,'','srctrantype',null,'~',30,'31a59d4f-ae5e-4b04-b1c2-ba2824532ca2','/common-ref/','-99',null,'N',null,null,null,'2021-07-19 13:38:50',null,'Y',null);
            go
            insert into pub_form_property(pk_form_property,areaid,classid,code,colnum,color,creationtime,creator,datatype,dataval,defaultvalue,defaultvar,define1,define2,define3,disabled,dr,editformula,hyperlinkflag,iscode,isdefined,ismultiselectedenabled,isnextrow,isrevise,istotal,itemtype,label,maxlength,metadataproperty,metaid,metapath,modifiedtime,modifier,position,proid,refcode,refname,relatemeta,required,resid,showformula,textrows,ts,validateformula,visible,width)
            values('0001ZZZZda4d5171f026','0001ZZZZbf901a21db9b','acc447ba-b19e-4c03-8794-124a37aaa4c4','srccode','1','#111111',null,'~',1,null, null,null,null,null,null,'N',0,null,'N','N','N',null,'N','N','N','input','来源单据号',28,NULL,'','srccode',null,'~',26,'2dc076ad-0ce9-4840-9d29-e3166c84b3da','/common-ref/','-99',null,'N',null,null,null,'2021-07-19 13:38:50',null,'Y',null);
            go
            insert into pub_form_property(pk_form_property,areaid,classid,code,colnum,color,creationtime,creator,datatype,dataval,defaultvalue,defaultvar,define1,define2,define3,disabled,dr,editformula,hyperlinkflag,iscode,isdefined,ismultiselectedenabled,isnextrow,isrevise,istotal,itemtype,label,maxlength,metadataproperty,metaid,metapath,modifiedtime,modifier,position,proid,refcode,refname,relatemeta,required,resid,showformula,textrows,ts,validateformula,visible,width)
            values('0001ZZZZda4d5171f028','0001ZZZZbf901a21db9b','acc447ba-b19e-4c03-8794-124a37aaa4c4','srcbilltype','1','#111111',null,'~',1,null, null,null,null,null,null,'N',0,null,'N','N','N',null,'N','N','N','input','来源单据类型',28,NULL,'','srcbilltype',null,'~',24,'2f4f7ad8-817b-41d2-a7e5-dfbfcfbb79a8','/common-ref/','-99',null,'N',null,null,null,'2021-07-19 13:38:50',null,'Y',null);
            go
            insert into pub_form_property(pk_form_property,areaid,classid,code,colnum,color,creationtime,creator,datatype,dataval,defaultvalue,defaultvar,define1,define2,define3,disabled,dr,editformula,hyperlinkflag,iscode,isdefined,ismultiselectedenabled,isnextrow,isrevise,istotal,itemtype,label,maxlength,metadataproperty,metaid,metapath,modifiedtime,modifier,position,proid,refcode,refname,relatemeta,required,resid,showformula,textrows,ts,validateformula,visible,width)
            values('0001ZZZZda4d5171f029','0001ZZZZbf901a21db9b','acc447ba-b19e-4c03-8794-124a37aaa4c4','srcrowno','1','#111111',null,'~',1,null, null,null,null,null,null,'N',0,null,'N','N','N',null,'N','N','N','input','来源单据行号',28,NULL,'','srcrowno',null,'~',29,'261accd8-95f2-407d-8e3a-aa92952facc1','/common-ref/','-99',null,'N',null,null,null,'2021-07-19 13:38:50',null,'Y',null);
            go
            insert into pub_form_property(pk_form_property,areaid,classid,code,colnum,color,creationtime,creator,datatype,dataval,defaultvalue,defaultvar,define1,define2,define3,disabled,dr,editformula,hyperlinkflag,iscode,isdefined,ismultiselectedenabled,isnextrow,isrevise,istotal,itemtype,label,maxlength,metadataproperty,metaid,metapath,modifiedtime,modifier,position,proid,refcode,refname,relatemeta,required,resid,showformula,textrows,ts,validateformula,visible,width)
            values('0001ZZZZda4d5171f030','0001ZZZZbf901a21db9b','acc447ba-b19e-4c03-8794-124a37aaa4c4','vfirsttrantype','1','#111111',null,'~',1,null, null,null,null,null,null,'N',0,null,'N','N','N',null,'N','N','N','input','源头交易类型',28,NULL,'','vfirsttrantype',null,'~',36,'896e3b1c-dc06-44fb-bbc4-f058225c1827','/common-ref/','-99',null,'N',null,null,null,'2021-07-19 13:38:50',null,'Y',null);
            go
            insert into pub_form_property(pk_form_property,areaid,classid,code,colnum,color,creationtime,creator,datatype,dataval,defaultvalue,defaultvar,define1,define2,define3,disabled,dr,editformula,hyperlinkflag,iscode,isdefined,ismultiselectedenabled,isnextrow,isrevise,istotal,itemtype,label,maxlength,metadataproperty,metaid,metapath,modifiedtime,modifier,position,proid,refcode,refname,relatemeta,required,resid,showformula,textrows,ts,validateformula,visible,width)
            values('0001ZZZZda4d5171f032','0001ZZZZbf901a21db9b','acc447ba-b19e-4c03-8794-124a37aaa4c4','vfirstcode','1','#111111',null,'~',1,null, null,null,null,null,null,'N',0,null,'N','N','N',null,'N','N','N','input','源头单据号',28,NULL,'','vfirstcode',null,'~',32,'71c81cff-15b5-45ee-a921-270dfa475798','/common-ref/','-99',null,'N',null,null,null,'2021-07-19 13:38:50',null,'Y',null);
            go
            insert into pub_form_property(pk_form_property,areaid,classid,code,colnum,color,creationtime,creator,datatype,dataval,defaultvalue,defaultvar,define1,define2,define3,disabled,dr,editformula,hyperlinkflag,iscode,isdefined,ismultiselectedenabled,isnextrow,isrevise,istotal,itemtype,label,maxlength,metadataproperty,metaid,metapath,modifiedtime,modifier,position,proid,refcode,refname,relatemeta,required,resid,showformula,textrows,ts,validateformula,visible,width)
            values('0001ZZZZda4d5171f034','0001ZZZZbf901a21db9b','acc447ba-b19e-4c03-8794-124a37aaa4c4','vfirsttype','1','#111111',null,'~',1,null, null,null,null,null,null,'N',0,null,'N','N','N',null,'N','N','N','input','源头单据类型',28,NULL,'','vfirsttype',null,'~',31,'8702d03a-5d2e-48a8-9416-3b25da309362','/common-ref/','-99',null,'N',null,null,null,'2021-07-19 13:38:50',null,'Y',null);
            go
            insert into pub_form_property(pk_form_property,areaid,classid,code,colnum,color,creationtime,creator,datatype,dataval,defaultvalue,defaultvar,define1,define2,define3,disabled,dr,editformula,hyperlinkflag,iscode,isdefined,ismultiselectedenabled,isnextrow,isrevise,istotal,itemtype,label,maxlength,metadataproperty,metaid,metapath,modifiedtime,modifier,position,proid,refcode,refname,relatemeta,required,resid,showformula,textrows,ts,validateformula,visible,width)
            values('0001ZZZZda4d5171f035','0001ZZZZbf901a21db9b','acc447ba-b19e-4c03-8794-124a37aaa4c4','vfirstrowno','1','#111111',null,'~',1,null, null,null,null,null,null,'N',0,null,'N','N','N',null,'N','N','N','input','源头单据行号',28,NULL,'','vfirstrowno',null,'~',35,'b301aee8-299b-4679-8980-8c9408ab7853','/common-ref/','-99',null,'N',null,null,null,'2021-07-19 13:38:50',null,'Y',null);
            go
            insert into pub_form_property(pk_form_property,areaid,classid,code,colnum,color,creationtime,creator,datatype,dataval,defaultvalue,defaultvar,define1,define2,define3,disabled,dr,editformula,hyperlinkflag,iscode,isdefined,ismultiselectedenabled,isnextrow,isrevise,istotal,itemtype,label,maxlength,metadataproperty,metaid,metapath,modifiedtime,modifier,position,proid,refcode,refname,relatemeta,required,resid,showformula,textrows,ts,validateformula,visible,width)
            values('0001ZZZZda4d5171f036','0001ZZZZbf901a21db9b','acc447ba-b19e-4c03-8794-124a37aaa4c4','applynum','1','#111111',null,'~',4,null, null,null,null,null,null,'N',0,null,'N','N','N',null,'N','N','N','number','班级中的报名人数',28,NULL,'','applynum',null,'~',70,'38bc7fbf-0192-4116-a1e9-f04c617e7f41','/common-ref/','-99',null,'N',null,null,null,'2021-07-19 13:38:50',null,'Y',null);
            go
            insert into pub_form_property(pk_form_property,areaid,classid,code,colnum,color,creationtime,creator,datatype,dataval,defaultvalue,defaultvar,define1,define2,define3,disabled,dr,editformula,hyperlinkflag,iscode,isdefined,ismultiselectedenabled,isnextrow,isrevise,istotal,itemtype,label,maxlength,metadataproperty,metaid,metapath,modifiedtime,modifier,position,proid,refcode,refname,relatemeta,required,resid,showformula,textrows,ts,validateformula,visible,width)
            values('0001ZZZZda4d5171f038','0001ZZZZbf901a21db9b','acc447ba-b19e-4c03-8794-124a37aaa4c4','clasname','1','#111111',null,'~',1,null, null,null,null,null,null,'N',0,null,'N','N','N',null,'N','N','N','input','班级名称',28,NULL,'','clasname',null,'~',69,'2c8b4911-0205-4d88-8168-372176acddc0','/common-ref/','-99',null,'N',null,null,null,'2021-07-19 13:38:50',null,'Y',null);
            go
            insert into pub_form_property(pk_form_property,areaid,classid,code,colnum,color,creationtime,creator,datatype,dataval,defaultvalue,defaultvar,define1,define2,define3,disabled,dr,editformula,hyperlinkflag,iscode,isdefined,ismultiselectedenabled,isnextrow,isrevise,istotal,itemtype,label,maxlength,metadataproperty,metaid,metapath,modifiedtime,modifier,position,proid,refcode,refname,relatemeta,required,resid,showformula,textrows,ts,validateformula,visible,width)
            values('0001ZZZZda4d5171f039','0001ZZZZbf901a21db9b','acc447ba-b19e-4c03-8794-124a37aaa4c4','pk_org','1','#111111',null,'~',204,'0001Z01000000001BVPS,code=N' , null,null,null,null,null,'N',0,null,'N','N','N',null,'N','N','N','refer','组织',28,'uap.org.name','','pk_org',null,'~',3,'e15086e8-7669-4691-87c9-931d93430011','uapbd/refer/org/BusinessUnitAndDeptTreeRef/index','业务单元及部门',null,'N',null,null,null,'2021-07-19 13:38:50',null,'Y',null);
            go
            insert into pub_form_property(pk_form_property,areaid,classid,code,colnum,color,creationtime,creator,datatype,dataval,defaultvalue,defaultvar,define1,define2,define3,disabled,dr,editformula,hyperlinkflag,iscode,isdefined,ismultiselectedenabled,isnextrow,isrevise,istotal,itemtype,label,maxlength,metadataproperty,metaid,metapath,modifiedtime,modifier,position,proid,refcode,refname,relatemeta,required,resid,showformula,textrows,ts,validateformula,visible,width)
            values('0001ZZZZda4d5171f040','0001ZZZZbf901a21db9b','acc447ba-b19e-4c03-8794-124a37aaa4c4','pk_org_v','1','#111111',null,'~',204,'' , null,null,null,null,null,'N',0,null,'N','N','N',null,'N','N','N','refer','组织版本',28,NULL,'','pk_org_v',null,'~',4,'8477d535-cf14-4f57-924e-8d5238868ef4','uapbd/refer/orgv/BusinessUnitVersionDefaultAllTreeRef/index','业务单元版本(所有)',null,'N',null,null,null,'2021-07-19 13:38:50',null,'N',null);
            go
            insert into pub_form_property(pk_form_property,areaid,classid,code,colnum,color,creationtime,creator,datatype,dataval,defaultvalue,defaultvar,define1,define2,define3,disabled,dr,editformula,hyperlinkflag,iscode,isdefined,ismultiselectedenabled,isnextrow,isrevise,istotal,itemtype,label,maxlength,metadataproperty,metaid,metapath,modifiedtime,modifier,position,proid,refcode,refname,relatemeta,required,resid,showformula,textrows,ts,validateformula,visible,width)
            values('0001ZZZZda4d5171f072','0001ZZZZbf901a21db9b','acc447ba-b19e-4c03-8794-124a37aaa4c4','pk_group','1','#111111',null,'~',204,'0001Z010000000000ZKS,code=N' , null,null,null,null,null,'N',0,null,'N','N','N',null,'N','N','N','refer','集团',28,'uap.group.name','','pk_group',null,'~',2,'79f4b755-5308-4594-b58a-cf3924963e8f','uap/refer/riart/groupTreeRef/index','集团',null,'N',null,null,null,'2021-07-19 13:38:50',null,'Y',null);
            go



















            insert into pub_form_property(pk_form_property,areaid,classid,code,colnum,color,creationtime,creator,datatype,dataval,defaultvalue,defaultvar,define1,define2,define3,disabled,dr,editformula,hyperlinkflag,iscode,isdefined,ismultiselectedenabled,isnextrow,isrevise,istotal,itemtype,label,maxlength,metadataproperty,metaid,metapath,modifiedtime,modifier,position,proid,refcode,refname,relatemeta,required,resid,showformula,textrows,ts,validateformula,visible,width)
            values('0001ZZZZb297c9cd9000','0001ZZZZ7b123977df63','acc447ba-b19e-4c03-8794-124a37aaa4c4','pk_busitype','1','#111111',null,'~',204,null, null,null,null,null,null,'N',0,null,'N','N','N',null,'N','N','N','refer','业务类型',28,NULL,'','pk_busitype',null,'~',8,'7eae27b7-6cce-401b-9266-049bacdc077d','uap/refer/riart/busitype/index','业务流程',null,'N',null,null,null,'2021-07-19 13:38:50',null,'Y',null);
            go
            insert into pub_form_property(pk_form_property,areaid,classid,code,colnum,color,creationtime,creator,datatype,dataval,defaultvalue,defaultvar,define1,define2,define3,disabled,dr,editformula,hyperlinkflag,iscode,isdefined,ismultiselectedenabled,isnextrow,isrevise,istotal,itemtype,label,maxlength,metadataproperty,metaid,metapath,modifiedtime,modifier,position,proid,refcode,refname,relatemeta,required,resid,showformula,textrows,ts,validateformula,visible,width)
            values('0001ZZZZb297c9cd9001','0001ZZZZ7b123977df63','acc447ba-b19e-4c03-8794-124a37aaa4c4','pk_transtype','1','#111111',null,'~',204,null, null,null,null,null,null,'N',0,null,'N','N','N',null,'N','N','N','refer','交易类型',28,'uap.BilltypeVO.billtypename','','pk_transtype',null,'~',12,'e5ebff8b-c687-4ede-8bf0-d90e8900a8cd','uap/refer/riart/transtype/index','影响因素交 易类型',null,'N',null,null,null,'2021-07-19 13:38:50',null,'Y',null);
            go
            insert into pub_form_property(pk_form_property,areaid,classid,code,colnum,color,creationtime,creator,datatype,dataval,defaultvalue,defaultvar,define1,define2,define3,disabled,dr,editformula,hyperlinkflag,iscode,isdefined,ismultiselectedenabled,isnextrow,isrevise,istotal,itemtype,label,maxlength,metadataproperty,metaid,metapath,modifiedtime,modifier,position,proid,refcode,refname,relatemeta,required,resid,showformula,textrows,ts,validateformula,visible,width)
            values('0001ZZZZb297c9cd9002','0001ZZZZ7b123977df63','acc447ba-b19e-4c03-8794-124a37aaa4c4','transtypecode','1','#111111',null,'~',1,null, null,null,null,null,null,'N',0,null,'N','N','N',null,'N','N','N','input','交易类型编码',28,NULL,'','transtypecode',null,'~',11,'205524a1-c1be-4862-bfc5-32f967103f7c','/common-ref/','-99',null,'N',null,null,null,'2021-07-19 13:38:50',null,'Y',null);
            go
            insert into pub_form_property(pk_form_property,areaid,classid,code,colnum,color,creationtime,creator,datatype,dataval,defaultvalue,defaultvar,define1,define2,define3,disabled,dr,editformula,hyperlinkflag,iscode,isdefined,ismultiselectedenabled,isnextrow,isrevise,istotal,itemtype,label,maxlength,metadataproperty,metaid,metapath,modifiedtime,modifier,position,proid,refcode,refname,relatemeta,required,resid,showformula,textrows,ts,validateformula,visible,width)
            values('0001ZZZZ8ad4b9979f4b','0001ZZZZ708eba1daa5a','acc447ba-b19e-4c03-8794-124a37aaa4c4','modifier','1','#111111',null,'~',204,null, null,null,null,null,null,'N',0,null,'N','N','N',null,'N','N','N','refer','修改人',28,'uap.user.user_name','','modifier',null,'~',17,'ebe1ebe1-80a6-49ac-82f0-e0a365947329','uap/refer/riart/userDefaultRefer/index','用户',null,'N',null,null,null,'2021-07-19 13:38:50',null,'Y',null);
            go
            insert into pub_form_property(pk_form_property,areaid,classid,code,colnum,color,creationtime,creator,datatype,dataval,defaultvalue,defaultvar,define1,define2,define3,disabled,dr,editformula,hyperlinkflag,iscode,isdefined,ismultiselectedenabled,isnextrow,isrevise,istotal,itemtype,label,maxlength,metadataproperty,metaid,metapath,modifiedtime,modifier,position,proid,refcode,refname,relatemeta,required,resid,showformula,textrows,ts,validateformula,visible,width)
            values('0001ZZZZ57838e09d8c1','0001ZZZZ708eba1daa5a','acc447ba-b19e-4c03-8794-124a37aaa4c4','modifiedtime','1','#111111',null,'~',34,null, null,null,null,null,null,'N',0,null,'N','N','N',null,'N','N','N','datetimepicker','修改时间',28,NULL,'','modifiedtime',null,'~',18,'3cf2e9b5-9a8e-4313-a7de-8651f587c45f','/common-ref/','-99',null,'N',null,null,null,'2021-07-19 13:38:50',null,'Y',null);
            go
            insert into pub_form_property(pk_form_property,areaid,classid,code,colnum,color,creationtime,creator,datatype,dataval,defaultvalue,defaultvar,define1,define2,define3,disabled,dr,editformula,hyperlinkflag,iscode,isdefined,ismultiselectedenabled,isnextrow,isrevise,istotal,itemtype,label,maxlength,metadataproperty,metaid,metapath,modifiedtime,modifier,position,proid,refcode,refname,relatemeta,required,resid,showformula,textrows,ts,validateformula,visible,width)
            values('0001ZZZZe31e4134b912','0001ZZZZ708eba1daa5a','acc447ba-b19e-4c03-8794-124a37aaa4c4','creator','1','#111111',null,'~',204,null, null,null,null,null,null,'N',0,null,'N','N','N',null,'N','N','N','refer','创建人',28,'uap.user.user_name','','creator',null,'~',15,'4044c72c-772d-4594-b805-03454906bce4','uap/refer/riart/userDefaultRefer/index','用户',null,'N',null,null,null,'2021-07-19 13:38:50',null,'Y',null);
            go
            insert into pub_form_property(pk_form_property,areaid,classid,code,colnum,color,creationtime,creator,datatype,dataval,defaultvalue,defaultvar,define1,define2,define3,disabled,dr,editformula,hyperlinkflag,iscode,isdefined,ismultiselectedenabled,isnextrow,isrevise,istotal,itemtype,label,maxlength,metadataproperty,metaid,metapath,modifiedtime,modifier,position,proid,refcode,refname,relatemeta,required,resid,showformula,textrows,ts,validateformula,visible,width)
            values('0001ZZZZ373f14858615','0001ZZZZ708eba1daa5a','acc447ba-b19e-4c03-8794-124a37aaa4c4','creationtime','1','#111111',null,'~',34,null, null,null,null,null,null,'N',0,null,'N','N','N',null,'N','N','N','datetimepicker','创建时间',28,NULL,'','creationtime',null,'~',16,'3ec37205-8a41-424b-bbde-ca55a14c6efd','/common-ref/','-99',null,'N',null,null,null,'2021-07-19 13:38:50',null,'Y',null);
            go
            insert into pub_form_property(pk_form_property,areaid,classid,code,colnum,color,creationtime,creator,datatype,dataval,defaultvalue,defaultvar,define1,define2,define3,disabled,dr,editformula,hyperlinkflag,iscode,isdefined,ismultiselectedenabled,isnextrow,isrevise,istotal,itemtype,label,maxlength,metadataproperty,metaid,metapath,modifiedtime,modifier,position,proid,refcode,refname,relatemeta,required,resid,showformula,textrows,ts,validateformula,visible,width)
            values('0001ZZZZb297c9cd9007','0001ZZZZ7b123977df63','acc447ba-b19e-4c03-8794-124a37aaa4c4','billmaker','1','#111111',null,'~',204,null, null,null,null,null,null,'N',0,null,'N','N','N',null,'N','N','N','refer','制单人',28,'uap.user.user_name','','billmaker',null,'~',13,'8d4df197-5713-49ff-8f83-be61524becb1','uap/refer/riart/userDefaultRefer/index','用户',null,'N',null,null,null,'2021-07-19 13:38:50',null,'Y',null);
            go
            insert into pub_form_property(pk_form_property,areaid,classid,code,colnum,color,creationtime,creator,datatype,dataval,defaultvalue,defaultvar,define1,define2,define3,disabled,dr,editformula,hyperlinkflag,iscode,isdefined,ismultiselectedenabled,isnextrow,isrevise,istotal,itemtype,label,maxlength,metadataproperty,metaid,metapath,modifiedtime,modifier,position,proid,refcode,refname,relatemeta,required,resid,showformula,textrows,ts,validateformula,visible,width)
            values('0001ZZZZb297c9cd9008','0001ZZZZ7b123977df63','acc447ba-b19e-4c03-8794-124a37aaa4c4','maketime','1','#111111',null,'~',33,null, null,null,null,null,null,'N',0,null,'N','N','N',null,'N','N','N','datepicker','制单时间',28,NULL,'','maketime',null,'~',14,'1cabdfa8-8131-4eaa-a5fc-8885d9ecd3f5','/common-ref/','-99',null,'N',null,null,null,'2021-07-19 13:38:50',null,'Y',null);
            go
            insert into pub_form_property(pk_form_property,areaid,classid,code,colnum,color,creationtime,creator,datatype,dataval,defaultvalue,defaultvar,define1,define2,define3,disabled,dr,editformula,hyperlinkflag,iscode,isdefined,ismultiselectedenabled,isnextrow,isrevise,istotal,itemtype,label,maxlength,metadataproperty,metaid,metapath,modifiedtime,modifier,position,proid,refcode,refname,relatemeta,required,resid,showformula,textrows,ts,validateformula,visible,width)
            values('0001ZZZZb297c9cd9009','0001ZZZZ7b123977df63','acc447ba-b19e-4c03-8794-124a37aaa4c4','bill_no','1','#111111',null,'~',1,null, null,null,null,null,null,'Y',0,null,'N','N','N',null,'N','N','N','input','单据号',28,NULL,'','bill_no',null,'~',7,'59300d2d-1052-48f0-bad4-ca1221d9d200','/common-ref/','-99',null,'N',null,null,null,'2021-07-19 13:38:50',null,'Y',null);
            go
            insert into pub_form_property(pk_form_property,areaid,classid,code,colnum,color,creationtime,creator,datatype,dataval,defaultvalue,defaultvar,define1,define2,define3,disabled,dr,editformula,hyperlinkflag,iscode,isdefined,ismultiselectedenabled,isnextrow,isrevise,istotal,itemtype,label,maxlength,metadataproperty,metaid,metapath,modifiedtime,modifier,position,proid,refcode,refname,relatemeta,required,resid,showformula,textrows,ts,validateformula,visible,width)
            values('0001ZZZZb297c9cd9010','0001ZZZZ7b123977df63','acc447ba-b19e-4c03-8794-124a37aaa4c4','dbilldate','1','#111111',null,'~',33,null, null,null,null,null,null,'N',0,null,'N','N','N',null,'N','N','N','datepicker','单据日期',28,NULL,'','dbilldate',null,'~',5,'5f179ad2-1476-437f-91d9-0a74b0ae62d8','/common-ref/','-99',null,'N',null,null,null,'2021-07-19 13:38:50',null,'Y',null);
            go
            insert into pub_form_property(pk_form_property,areaid,classid,code,colnum,color,creationtime,creator,datatype,dataval,defaultvalue,defaultvar,define1,define2,define3,disabled,dr,editformula,hyperlinkflag,iscode,isdefined,ismultiselectedenabled,isnextrow,isrevise,istotal,itemtype,label,maxlength,metadataproperty,metaid,metapath,modifiedtime,modifier,position,proid,refcode,refname,relatemeta,required,resid,showformula,textrows,ts,validateformula,visible,width)
            values('0001ZZZZb297c9cd9011','0001ZZZZ7b123977df63','acc447ba-b19e-4c03-8794-124a37aaa4c4','billstatus','1','#111111',null,'~',203,'自由=-1,审批未通过=0,审批通过=1,审批进行中=2,提交=3','-1',null,null,null,null,'Y',0,null,'N','N','N',null,'N','N','N','select','单据状态',28,NULL,'','billstatus',null,'~',6,'750b7cdf-4d6c-49a0-807c-9c7b56ec2990','/common-ref/','-99',null,'N',null,null,null,'2021-07-19 13:38:50',null,'Y',null);
            go
            insert into pub_form_property(pk_form_property,areaid,classid,code,colnum,color,creationtime,creator,datatype,dataval,defaultvalue,defaultvar,define1,define2,define3,disabled,dr,editformula,hyperlinkflag,iscode,isdefined,ismultiselectedenabled,isnextrow,isrevise,istotal,itemtype,label,maxlength,metadataproperty,metaid,metapath,modifiedtime,modifier,position,proid,refcode,refname,relatemeta,required,resid,showformula,textrows,ts,validateformula,visible,width)
            values('0001ZZZZb297c9cd9012','0001ZZZZ7b123977df63','acc447ba-b19e-4c03-8794-124a37aaa4c4','pk_billtypeid','1','#111111',null,'~',204,null, null,null,null,null,null,'N',0,null,'N','N','N',null,'N','N','N','refer','单据类型',28,'uap.BilltypeVO.billtypename','','pk_billtypeid',null,'~',9,'051b3d8e-864c-4483-9686-edd9e0ebb0fe','uap/refer/riart/billtype/index','影响因素单据类型',null,'N',null,null,null,'2021-07-19 13:38:50',null,'Y',null);
            go
            insert into pub_form_property(pk_form_property,areaid,classid,code,colnum,color,creationtime,creator,datatype,dataval,defaultvalue,defaultvar,define1,define2,define3,disabled,dr,editformula,hyperlinkflag,iscode,isdefined,ismultiselectedenabled,isnextrow,isrevise,istotal,itemtype,label,maxlength,metadataproperty,metaid,metapath,modifiedtime,modifier,position,proid,refcode,refname,relatemeta,required,resid,showformula,textrows,ts,validateformula,visible,width)
            values('0001ZZZZb297c9cd9013','0001ZZZZ7b123977df63','acc447ba-b19e-4c03-8794-124a37aaa4c4','billtype','1','#111111',null,'~',1,null, null,null,null,null,null,'N',0,null,'N','N','N',null,'N','N','N','input','单据类型编码',28,NULL,'','billtype',null,'~',10,'03ea8034-0d41-4e7e-aadc-d8509ffef788','/common-ref/','-99',null,'N',null,null,null,'2021-07-19 13:38:50',null,'Y',null);
            go
            insert into pub_form_property(pk_form_property,areaid,classid,code,colnum,color,creationtime,creator,datatype,dataval,defaultvalue,defaultvar,define1,define2,define3,disabled,dr,editformula,hyperlinkflag,iscode,isdefined,ismultiselectedenabled,isnextrow,isrevise,istotal,itemtype,label,maxlength,metadataproperty,metaid,metapath,modifiedtime,modifier,position,proid,refcode,refname,relatemeta,required,resid,showformula,textrows,ts,validateformula,visible,width)
            values('0001ZZZZb297c9cd9014','0001ZZZZ7b123977df63','acc447ba-b19e-4c03-8794-124a37aaa4c4','vnote','1','#111111',null,'~',1,null, null,null,null,null,null,'N',0,null,'N','N','N',null,'N','N','N','input','备注',28,NULL,'','vnote',null,'~',23,'69d2ae34-8fe5-4f4f-8f5b-6eb6f81f7694','/common-ref/','-99',null,'N',null,null,null,'2021-07-19 13:38:50',null,'Y',null);
            go
            insert into pub_form_property(pk_form_property,areaid,classid,code,colnum,color,creationtime,creator,datatype,dataval,defaultvalue,defaultvar,define1,define2,define3,disabled,dr,editformula,hyperlinkflag,iscode,isdefined,ismultiselectedenabled,isnextrow,isrevise,istotal,itemtype,label,maxlength,metadataproperty,metaid,metapath,modifiedtime,modifier,position,proid,refcode,refname,relatemeta,required,resid,showformula,textrows,ts,validateformula,visible,width)
            values('0001ZZZZb297c9cd9015','0001ZZZZ7b123977df63','acc447ba-b19e-4c03-8794-124a37aaa4c4','region','1','#111111',null,'~',1,null, null,null,null,null,null,'N',0,null,'N','N','N',null,'N','N','N','input','大区',28,NULL,'','region',null,'~',68,'235a37b5-96d0-4fa9-b11d-71a4a0854ee6','/common-ref/','-99',null,'N',null,null,null,'2021-07-19 13:38:50',null,'Y',null);
            go
            insert into pub_form_property(pk_form_property,areaid,classid,code,colnum,color,creationtime,creator,datatype,dataval,defaultvalue,defaultvar,define1,define2,define3,disabled,dr,editformula,hyperlinkflag,iscode,isdefined,ismultiselectedenabled,isnextrow,isrevise,istotal,itemtype,label,maxlength,metadataproperty,metaid,metapath,modifiedtime,modifier,position,proid,refcode,refname,relatemeta,required,resid,showformula,textrows,ts,validateformula,visible,width)
            values('0001ZZZZb297c9cd9016','0001ZZZZ7b123977df63','acc447ba-b19e-4c03-8794-124a37aaa4c4','school','1','#111111',null,'~',1,null, null,null,null,null,null,'N',0,null,'N','N','N',null,'N','N','N','input','学校',28,NULL,'','school',null,'~',67,'538552da-ce21-4738-b51b-0045146cb685','/common-ref/','-99',null,'N',null,null,null,'2021-07-19 13:38:50',null,'Y',null);
            go
            insert into pub_form_property(pk_form_property,areaid,classid,code,colnum,color,creationtime,creator,datatype,dataval,defaultvalue,defaultvar,define1,define2,define3,disabled,dr,editformula,hyperlinkflag,iscode,isdefined,ismultiselectedenabled,isnextrow,isrevise,istotal,itemtype,label,maxlength,metadataproperty,metaid,metapath,modifiedtime,modifier,position,proid,refcode,refname,relatemeta,required,resid,showformula,textrows,ts,validateformula,visible,width)
            values('0001ZZZZ76b8561fc60a','0001ZZZZ708eba1daa5a','acc447ba-b19e-4c03-8794-124a37aaa4c4','approver','1','#111111',null,'~',204,null, null,null,null,null,null,'N',0,null,'N','N','N',null,'N','N','N','refer','审批人',28,'uap.user.user_name','','approver',null,'~',19,'c78a8b5d-201e-44fd-9d0f-729cfae9937f','uap/refer/riart/userDefaultRefer/index','用户',null,'N',null,null,null,'2021-07-19 13:38:50',null,'Y',null);
            go
            insert into pub_form_property(pk_form_property,areaid,classid,code,colnum,color,creationtime,creator,datatype,dataval,defaultvalue,defaultvar,define1,define2,define3,disabled,dr,editformula,hyperlinkflag,iscode,isdefined,ismultiselectedenabled,isnextrow,isrevise,istotal,itemtype,label,maxlength,metadataproperty,metaid,metapath,modifiedtime,modifier,position,proid,refcode,refname,relatemeta,required,resid,showformula,textrows,ts,validateformula,visible,width)
            values('0001ZZZZ4a8e4e141aa7','0001ZZZZ708eba1daa5a','acc447ba-b19e-4c03-8794-124a37aaa4c4','approvenote','1','#111111',null,'~',1,null, null,null,null,null,null,'N',0,null,'N','N','N',null,'N','N','N','input','审批批语',28,NULL,'','approvenote',null,'~',21,'a7c770eb-ad55-4181-abc1-24247ce4c55c','/common-ref/','-99',null,'N',null,null,null,'2021-07-19 13:38:50',null,'Y',null);
            go
            insert into pub_form_property(pk_form_property,areaid,classid,code,colnum,color,creationtime,creator,datatype,dataval,defaultvalue,defaultvar,define1,define2,define3,disabled,dr,editformula,hyperlinkflag,iscode,isdefined,ismultiselectedenabled,isnextrow,isrevise,istotal,itemtype,label,maxlength,metadataproperty,metaid,metapath,modifiedtime,modifier,position,proid,refcode,refname,relatemeta,required,resid,showformula,textrows,ts,validateformula,visible,width)
            values('0001ZZZZ931c245cb329','0001ZZZZ708eba1daa5a','acc447ba-b19e-4c03-8794-124a37aaa4c4','approvedate','1','#111111',null,'~',34,null, null,null,null,null,null,'N',0,null,'N','N','N',null,'N','N','N','datetimepicker','审批时间',28,NULL,'','approvedate',null,'~',22,'9ba593cc-3be0-4180-9477-43578a714141','/common-ref/','-99',null,'N',null,null,null,'2021-07-19 13:38:50',null,'Y',null);
            go
            insert into pub_form_property(pk_form_property,areaid,classid,code,colnum,color,creationtime,creator,datatype,dataval,defaultvalue,defaultvar,define1,define2,define3,disabled,dr,editformula,hyperlinkflag,iscode,isdefined,ismultiselectedenabled,isnextrow,isrevise,istotal,itemtype,label,maxlength,metadataproperty,metaid,metapath,modifiedtime,modifier,position,proid,refcode,refname,relatemeta,required,resid,showformula,textrows,ts,validateformula,visible,width)
            values('0001ZZZZb297c9cd9020','0001ZZZZ7b123977df63','acc447ba-b19e-4c03-8794-124a37aaa4c4','approvestatus','1','#111111',null,'~',203,'自由=-1,审批未通过=0,审批通过=1,审批进行中=2,提交=3', null,null,null,null,null,'N',0,null,'N','N','N',null,'N','N','N','select','审批状态',28,NULL,'','approvestatus',null,'~',20,'3c0095c2-c321-4adb-80b1-527d9a8a22fd','/common-ref/','-99',null,'N',null,null,null,'2021-07-19 13:38:50',null,'Y',null);
            go
            insert into pub_form_property(pk_form_property,areaid,classid,code,colnum,color,creationtime,creator,datatype,dataval,defaultvalue,defaultvar,define1,define2,define3,disabled,dr,editformula,hyperlinkflag,iscode,isdefined,ismultiselectedenabled,isnextrow,isrevise,istotal,itemtype,label,maxlength,metadataproperty,metaid,metapath,modifiedtime,modifier,position,proid,refcode,refname,relatemeta,required,resid,showformula,textrows,ts,validateformula,visible,width)
            values('0001ZZZZb297c9cd9021','0001ZZZZ7b123977df63','acc447ba-b19e-4c03-8794-124a37aaa4c4','openclas','1','#111111',null,'~',1,null, null,null,null,null,null,'N',0,null,'N','N','N',null,'N','N','N','input','开班年级',28,NULL,'','openclas',null,'~',71,'3acb8662-531c-4907-90d5-2fc9e3052141','/common-ref/','-99',null,'N',null,null,null,'2021-07-19 13:38:50',null,'Y',null);
            go
            insert into pub_form_property(pk_form_property,areaid,classid,code,colnum,color,creationtime,creator,datatype,dataval,defaultvalue,defaultvar,define1,define2,define3,disabled,dr,editformula,hyperlinkflag,iscode,isdefined,ismultiselectedenabled,isnextrow,isrevise,istotal,itemtype,label,maxlength,metadataproperty,metaid,metapath,modifiedtime,modifier,position,proid,refcode,refname,relatemeta,required,resid,showformula,textrows,ts,validateformula,visible,width)
            values('0001ZZZZb297c9cd9022','0001ZZZZ7b123977df63','acc447ba-b19e-4c03-8794-124a37aaa4c4','isuseing','1','#111111',null,'~',32,null, null,null,null,null,null,'N',0,null,'N','N','N',null,'N','N','N','checkbox_switch','是否启用',28,NULL,'','isuseing',null,'~',72,'60063ba4-fb34-4436-8aa5-5b112e868ea8','/common-ref/','-99',null,'N',null,null,null,'2021-07-19 13:38:50',null,'Y',null);
            go
            insert into pub_form_property(pk_form_property,areaid,classid,code,colnum,color,creationtime,creator,datatype,dataval,defaultvalue,defaultvar,define1,define2,define3,disabled,dr,editformula,hyperlinkflag,iscode,isdefined,ismultiselectedenabled,isnextrow,isrevise,istotal,itemtype,label,maxlength,metadataproperty,metaid,metapath,modifiedtime,modifier,position,proid,refcode,refname,relatemeta,required,resid,showformula,textrows,ts,validateformula,visible,width)
            values('0001ZZZZb297c9cd9023','0001ZZZZ7b123977df63','acc447ba-b19e-4c03-8794-124a37aaa4c4','srctrantype','1','#111111',null,'~',1,null, null,null,null,null,null,'N',0,null,'N','N','N',null,'N','N','N','input','来源交易类型',28,NULL,'','srctrantype',null,'~',30,'0eb83d35-ac74-479e-893f-3c89f6a40dbd','/common-ref/','-99',null,'N',null,null,null,'2021-07-19 13:38:50',null,'Y',null);
            go
            insert into pub_form_property(pk_form_property,areaid,classid,code,colnum,color,creationtime,creator,datatype,dataval,defaultvalue,defaultvar,define1,define2,define3,disabled,dr,editformula,hyperlinkflag,iscode,isdefined,ismultiselectedenabled,isnextrow,isrevise,istotal,itemtype,label,maxlength,metadataproperty,metaid,metapath,modifiedtime,modifier,position,proid,refcode,refname,relatemeta,required,resid,showformula,textrows,ts,validateformula,visible,width)
            values('0001ZZZZb297c9cd9026','0001ZZZZ7b123977df63','acc447ba-b19e-4c03-8794-124a37aaa4c4','srccode','1','#111111',null,'~',1,null, null,null,null,null,null,'N',0,null,'N','N','N',null,'N','N','N','input','来源单据号',28,NULL,'','srccode',null,'~',26,'625b7fa3-c082-4a6c-80dc-9ed9fdfff175','/common-ref/','-99',null,'N',null,null,null,'2021-07-19 13:38:50',null,'Y',null);
            go
            insert into pub_form_property(pk_form_property,areaid,classid,code,colnum,color,creationtime,creator,datatype,dataval,defaultvalue,defaultvar,define1,define2,define3,disabled,dr,editformula,hyperlinkflag,iscode,isdefined,ismultiselectedenabled,isnextrow,isrevise,istotal,itemtype,label,maxlength,metadataproperty,metaid,metapath,modifiedtime,modifier,position,proid,refcode,refname,relatemeta,required,resid,showformula,textrows,ts,validateformula,visible,width)
            values('0001ZZZZb297c9cd9028','0001ZZZZ7b123977df63','acc447ba-b19e-4c03-8794-124a37aaa4c4','srcbilltype','1','#111111',null,'~',1,null, null,null,null,null,null,'N',0,null,'N','N','N',null,'N','N','N','input','来源单据类型',28,NULL,'','srcbilltype',null,'~',24,'1157998b-a48a-40e4-86c4-9d2bcf2919df','/common-ref/','-99',null,'N',null,null,null,'2021-07-19 13:38:50',null,'Y',null);
            go
            insert into pub_form_property(pk_form_property,areaid,classid,code,colnum,color,creationtime,creator,datatype,dataval,defaultvalue,defaultvar,define1,define2,define3,disabled,dr,editformula,hyperlinkflag,iscode,isdefined,ismultiselectedenabled,isnextrow,isrevise,istotal,itemtype,label,maxlength,metadataproperty,metaid,metapath,modifiedtime,modifier,position,proid,refcode,refname,relatemeta,required,resid,showformula,textrows,ts,validateformula,visible,width)
            values('0001ZZZZb297c9cd9029','0001ZZZZ7b123977df63','acc447ba-b19e-4c03-8794-124a37aaa4c4','srcrowno','1','#111111',null,'~',1,null, null,null,null,null,null,'N',0,null,'N','N','N',null,'N','N','N','input','来源单据行号',28,NULL,'','srcrowno',null,'~',29,'bfb62a13-ae1e-4de5-b734-8c79c390b7a8','/common-ref/','-99',null,'N',null,null,null,'2021-07-19 13:38:50',null,'Y',null);
            go
            insert into pub_form_property(pk_form_property,areaid,classid,code,colnum,color,creationtime,creator,datatype,dataval,defaultvalue,defaultvar,define1,define2,define3,disabled,dr,editformula,hyperlinkflag,iscode,isdefined,ismultiselectedenabled,isnextrow,isrevise,istotal,itemtype,label,maxlength,metadataproperty,metaid,metapath,modifiedtime,modifier,position,proid,refcode,refname,relatemeta,required,resid,showformula,textrows,ts,validateformula,visible,width)
            values('0001ZZZZb297c9cd9030','0001ZZZZ7b123977df63','acc447ba-b19e-4c03-8794-124a37aaa4c4','vfirsttrantype','1','#111111',null,'~',1,null, null,null,null,null,null,'N',0,null,'N','N','N',null,'N','N','N','input','源头交易类型',28,NULL,'','vfirsttrantype',null,'~',36,'de09e77a-9810-4434-86d5-1a600220e372','/common-ref/','-99',null,'N',null,null,null,'2021-07-19 13:38:50',null,'Y',null);
            go
            insert into pub_form_property(pk_form_property,areaid,classid,code,colnum,color,creationtime,creator,datatype,dataval,defaultvalue,defaultvar,define1,define2,define3,disabled,dr,editformula,hyperlinkflag,iscode,isdefined,ismultiselectedenabled,isnextrow,isrevise,istotal,itemtype,label,maxlength,metadataproperty,metaid,metapath,modifiedtime,modifier,position,proid,refcode,refname,relatemeta,required,resid,showformula,textrows,ts,validateformula,visible,width)
            values('0001ZZZZb297c9cd9032','0001ZZZZ7b123977df63','acc447ba-b19e-4c03-8794-124a37aaa4c4','vfirstcode','1','#111111',null,'~',1,null, null,null,null,null,null,'N',0,null,'N','N','N',null,'N','N','N','input','源头单据号',28,NULL,'','vfirstcode',null,'~',32,'20b7dd6b-954b-46c6-b338-3b3fe882e179','/common-ref/','-99',null,'N',null,null,null,'2021-07-19 13:38:50',null,'Y',null);
            go
            insert into pub_form_property(pk_form_property,areaid,classid,code,colnum,color,creationtime,creator,datatype,dataval,defaultvalue,defaultvar,define1,define2,define3,disabled,dr,editformula,hyperlinkflag,iscode,isdefined,ismultiselectedenabled,isnextrow,isrevise,istotal,itemtype,label,maxlength,metadataproperty,metaid,metapath,modifiedtime,modifier,position,proid,refcode,refname,relatemeta,required,resid,showformula,textrows,ts,validateformula,visible,width)
            values('0001ZZZZb297c9cd9034','0001ZZZZ7b123977df63','acc447ba-b19e-4c03-8794-124a37aaa4c4','vfirsttype','1','#111111',null,'~',1,null, null,null,null,null,null,'N',0,null,'N','N','N',null,'N','N','N','input','源头单据类型',28,NULL,'','vfirsttype',null,'~',31,'94241ceb-6c0a-4f94-b760-c3ffc89e5e00','/common-ref/','-99',null,'N',null,null,null,'2021-07-19 13:38:50',null,'Y',null);
            go
            insert into pub_form_property(pk_form_property,areaid,classid,code,colnum,color,creationtime,creator,datatype,dataval,defaultvalue,defaultvar,define1,define2,define3,disabled,dr,editformula,hyperlinkflag,iscode,isdefined,ismultiselectedenabled,isnextrow,isrevise,istotal,itemtype,label,maxlength,metadataproperty,metaid,metapath,modifiedtime,modifier,position,proid,refcode,refname,relatemeta,required,resid,showformula,textrows,ts,validateformula,visible,width)
            values('0001ZZZZb297c9cd9035','0001ZZZZ7b123977df63','acc447ba-b19e-4c03-8794-124a37aaa4c4','vfirstrowno','1','#111111',null,'~',1,null, null,null,null,null,null,'N',0,null,'N','N','N',null,'N','N','N','input','源头单据行号',28,NULL,'','vfirstrowno',null,'~',35,'149809b8-d5e4-47e0-b4b8-030f68d053fb','/common-ref/','-99',null,'N',null,null,null,'2021-07-19 13:38:50',null,'Y',null);
            go
            insert into pub_form_property(pk_form_property,areaid,classid,code,colnum,color,creationtime,creator,datatype,dataval,defaultvalue,defaultvar,define1,define2,define3,disabled,dr,editformula,hyperlinkflag,iscode,isdefined,ismultiselectedenabled,isnextrow,isrevise,istotal,itemtype,label,maxlength,metadataproperty,metaid,metapath,modifiedtime,modifier,position,proid,refcode,refname,relatemeta,required,resid,showformula,textrows,ts,validateformula,visible,width)
            values('0001ZZZZb297c9cd9036','0001ZZZZ7b123977df63','acc447ba-b19e-4c03-8794-124a37aaa4c4','applynum','1','#111111',null,'~',4,null, null,null,null,null,null,'N',0,null,'N','N','N',null,'N','N','N','number','班级中的报名人数',28,NULL,'','applynum',null,'~',70,'32e33a79-3d10-4233-ad92-ac9987aba1d6','/common-ref/','-99',null,'N',null,null,null,'2021-07-19 13:38:50',null,'Y',null);
            go
            insert into pub_form_property(pk_form_property,areaid,classid,code,colnum,color,creationtime,creator,datatype,dataval,defaultvalue,defaultvar,define1,define2,define3,disabled,dr,editformula,hyperlinkflag,iscode,isdefined,ismultiselectedenabled,isnextrow,isrevise,istotal,itemtype,label,maxlength,metadataproperty,metaid,metapath,modifiedtime,modifier,position,proid,refcode,refname,relatemeta,required,resid,showformula,textrows,ts,validateformula,visible,width)
            values('0001ZZZZb297c9cd9038','0001ZZZZ7b123977df63','acc447ba-b19e-4c03-8794-124a37aaa4c4','clasname','1','#111111',null,'~',1,null, null,null,null,null,null,'N',0,null,'N','N','N',null,'N','N','N','input','班级名称',28,NULL,'','clasname',null,'~',69,'d064287d-be53-4b7c-b279-bd5426c27c4a','/common-ref/','-99',null,'N',null,null,null,'2021-07-19 13:38:50',null,'Y',null);
            go
            insert into pub_form_property(pk_form_property,areaid,classid,code,colnum,color,creationtime,creator,datatype,dataval,defaultvalue,defaultvar,define1,define2,define3,disabled,dr,editformula,hyperlinkflag,iscode,isdefined,ismultiselectedenabled,isnextrow,isrevise,istotal,itemtype,label,maxlength,metadataproperty,metaid,metapath,modifiedtime,modifier,position,proid,refcode,refname,relatemeta,required,resid,showformula,textrows,ts,validateformula,visible,width)
            values('0001ZZZZb297c9cd9039','0001ZZZZ7b123977df63','acc447ba-b19e-4c03-8794-124a37aaa4c4','pk_org','1','#111111',null,'~',204,null, null,null,null,null,null,'N',0,null,'N','N','N',null,'N','N','N','refer','组织',28,'uap.org.name','','pk_org',null,'~',3,'961c6a14-72ed-4406-8574-40d1f1c7e6f6','uapbd/refer/org/BusinessUnitAndDeptTreeRef/index','业务单元及部门',null,'N',null,null,null,'2021-07-19 13:38:50',null,'Y',null);
            go
            insert into pub_form_property(pk_form_property,areaid,classid,code,colnum,color,creationtime,creator,datatype,dataval,defaultvalue,defaultvar,define1,define2,define3,disabled,dr,editformula,hyperlinkflag,iscode,isdefined,ismultiselectedenabled,isnextrow,isrevise,istotal,itemtype,label,maxlength,metadataproperty,metaid,metapath,modifiedtime,modifier,position,proid,refcode,refname,relatemeta,required,resid,showformula,textrows,ts,validateformula,visible,width)
            values('0001ZZZZb297c9cd9040','0001ZZZZ7b123977df63','acc447ba-b19e-4c03-8794-124a37aaa4c4','pk_org_v','1','#111111',null,'~',204,null, null,null,null,null,null,'N',0,null,'N','N','N',null,'N','N','N','refer','组织版本',28,NULL,'','pk_org_v',null,'~',4,'2258ea6d-ad84-446f-8d37-7595d20f38fe','uapbd/refer/orgv/BusinessUnitVersionDefaultAllTreeRef/index','业务单元版本(所有)',null,'N',null,null,null,'2021-07-19 13:38:50',null,'N',null);
            go
            insert into pub_form_property(pk_form_property,areaid,classid,code,colnum,color,creationtime,creator,datatype,dataval,defaultvalue,defaultvar,define1,define2,define3,disabled,dr,editformula,hyperlinkflag,iscode,isdefined,ismultiselectedenabled,isnextrow,isrevise,istotal,itemtype,label,maxlength,metadataproperty,metaid,metapath,modifiedtime,modifier,position,proid,refcode,refname,relatemeta,required,resid,showformula,textrows,ts,validateformula,visible,width)
            values('0001ZZZZb297c9cd9072','0001ZZZZ7b123977df63','acc447ba-b19e-4c03-8794-124a37aaa4c4','pk_group','1','#111111',null,'~',204,null, null,null,null,null,null,'N',0,null,'N','N','N',null,'N','N','N','refer','集团',28,'uap.group.name','','pk_group',null,'~',2,'9a01dccd-db0b-4d6b-a574-169f2b4dda3c','uap/refer/riart/groupTreeRef/index','集团',null,'N',null,null,null,'2021-07-19 13:38:50',null,'Y',null);
            go













            insert into pub_form_property(pk_form_property,areaid,classid,code,colnum,color,creationtime,creator,datatype,dataval,defaultvalue,defaultvar,define1,define2,define3,disabled,dr,editformula,hyperlinkflag,iscode,isdefined,ismultiselectedenabled,isnextrow,isrevise,istotal,itemtype,label,maxlength,metadataproperty,metaid,metapath,modifiedtime,modifier,position,proid,refcode,refname,relatemeta,required,resid,showformula,textrows,ts,validateformula,visible,width)
            values('0001ZZZZ2aab792be000','0001ZZZZe2bb0912ca2d','acc447ba-b19e-4c03-8794-124a37aaa4c4','pk_busitype','1','#111111',null,'~',204,null, null,null,null,null,null,'N',0,null,'N','N','N',null,'N','N','N','refer','业务类型',28,NULL,'','pk_busitype',null,'~',8,'d533cdc0-af93-43ea-b7ad-f8681117ae86','uap/refer/riart/busitype/index','业务流程',null,'N',null,null,null,'2021-07-19 13:38:50',null,'Y',null);
            go
            insert into pub_form_property(pk_form_property,areaid,classid,code,colnum,color,creationtime,creator,datatype,dataval,defaultvalue,defaultvar,define1,define2,define3,disabled,dr,editformula,hyperlinkflag,iscode,isdefined,ismultiselectedenabled,isnextrow,isrevise,istotal,itemtype,label,maxlength,metadataproperty,metaid,metapath,modifiedtime,modifier,position,proid,refcode,refname,relatemeta,required,resid,showformula,textrows,ts,validateformula,visible,width)
            values('0001ZZZZ2aab792be001','0001ZZZZe2bb0912ca2d','acc447ba-b19e-4c03-8794-124a37aaa4c4','pk_transtype','1','#111111',null,'~',204,null, null,null,null,null,null,'N',0,null,'N','N','N',null,'N','N','N','refer','交易类型',28,'uap.BilltypeVO.billtypename','','pk_transtype',null,'~',12,'54b65a59-31ce-4f6f-a7a5-93e8f095b7b2','uap/refer/riart/transtype/index','影响因素交 易类型',null,'N',null,null,null,'2021-07-19 13:38:50',null,'Y',null);
            go
            insert into pub_form_property(pk_form_property,areaid,classid,code,colnum,color,creationtime,creator,datatype,dataval,defaultvalue,defaultvar,define1,define2,define3,disabled,dr,editformula,hyperlinkflag,iscode,isdefined,ismultiselectedenabled,isnextrow,isrevise,istotal,itemtype,label,maxlength,metadataproperty,metaid,metapath,modifiedtime,modifier,position,proid,refcode,refname,relatemeta,required,resid,showformula,textrows,ts,validateformula,visible,width)
            values('0001ZZZZ2aab792be002','0001ZZZZe2bb0912ca2d','acc447ba-b19e-4c03-8794-124a37aaa4c4','transtypecode','1','#111111',null,'~',1,null, null,null,null,null,null,'N',0,null,'N','N','N',null,'N','N','N','input','交易类型编码',28,NULL,'','transtypecode',null,'~',11,'6a53baca-5658-492f-aefe-fd88c2d6fad7','/common-ref/','-99',null,'N',null,null,null,'2021-07-19 13:38:50',null,'Y',null);
            go
            insert into pub_form_property(pk_form_property,areaid,classid,code,colnum,color,creationtime,creator,datatype,dataval,defaultvalue,defaultvar,define1,define2,define3,disabled,dr,editformula,hyperlinkflag,iscode,isdefined,ismultiselectedenabled,isnextrow,isrevise,istotal,itemtype,label,maxlength,metadataproperty,metaid,metapath,modifiedtime,modifier,position,proid,refcode,refname,relatemeta,required,resid,showformula,textrows,ts,validateformula,visible,width)
            values('0001ZZZZ7e0506cc1e66','0001ZZZZ49271a699f54','acc447ba-b19e-4c03-8794-124a37aaa4c4','modifier','1','#111111',null,'~',204,null, null,null,null,null,null,'N',0,null,'N','N','N',null,'N','N','N','refer','修改人',28,'uap.user.user_name','','modifier',null,'~',17,'2f737daf-f898-400c-a03c-16ae8d9526e7','uap/refer/riart/userDefaultRefer/index','用户',null,'N',null,null,null,'2021-07-19 13:38:50',null,'Y',null);
            go
            insert into pub_form_property(pk_form_property,areaid,classid,code,colnum,color,creationtime,creator,datatype,dataval,defaultvalue,defaultvar,define1,define2,define3,disabled,dr,editformula,hyperlinkflag,iscode,isdefined,ismultiselectedenabled,isnextrow,isrevise,istotal,itemtype,label,maxlength,metadataproperty,metaid,metapath,modifiedtime,modifier,position,proid,refcode,refname,relatemeta,required,resid,showformula,textrows,ts,validateformula,visible,width)
            values('0001ZZZZ949f182e4ce5','0001ZZZZ49271a699f54','acc447ba-b19e-4c03-8794-124a37aaa4c4','modifiedtime','1','#111111',null,'~',34,null, null,null,null,null,null,'N',0,null,'N','N','N',null,'N','N','N','datetimepicker','修改时间',28,NULL,'','modifiedtime',null,'~',18,'42a483a2-8eca-406c-8cf0-a8b5ff722b51','/common-ref/','-99',null,'N',null,null,null,'2021-07-19 13:38:50',null,'Y',null);
            go
            insert into pub_form_property(pk_form_property,areaid,classid,code,colnum,color,creationtime,creator,datatype,dataval,defaultvalue,defaultvar,define1,define2,define3,disabled,dr,editformula,hyperlinkflag,iscode,isdefined,ismultiselectedenabled,isnextrow,isrevise,istotal,itemtype,label,maxlength,metadataproperty,metaid,metapath,modifiedtime,modifier,position,proid,refcode,refname,relatemeta,required,resid,showformula,textrows,ts,validateformula,visible,width)
            values('0001ZZZZ31cc11496641','0001ZZZZ49271a699f54','acc447ba-b19e-4c03-8794-124a37aaa4c4','creator','1','#111111',null,'~',204,null, null,null,null,null,null,'N',0,null,'N','N','N',null,'N','N','N','refer','创建人',28,'uap.user.user_name','','creator',null,'~',15,'d07f66f5-ad4f-4346-bd5b-1b8057984dcc','uap/refer/riart/userDefaultRefer/index','用户',null,'N',null,null,null,'2021-07-19 13:38:50',null,'Y',null);
            go
            insert into pub_form_property(pk_form_property,areaid,classid,code,colnum,color,creationtime,creator,datatype,dataval,defaultvalue,defaultvar,define1,define2,define3,disabled,dr,editformula,hyperlinkflag,iscode,isdefined,ismultiselectedenabled,isnextrow,isrevise,istotal,itemtype,label,maxlength,metadataproperty,metaid,metapath,modifiedtime,modifier,position,proid,refcode,refname,relatemeta,required,resid,showformula,textrows,ts,validateformula,visible,width)
            values('0001ZZZZ550e3a52ab9a','0001ZZZZ49271a699f54','acc447ba-b19e-4c03-8794-124a37aaa4c4','creationtime','1','#111111',null,'~',34,null, null,null,null,null,null,'N',0,null,'N','N','N',null,'N','N','N','datetimepicker','创建时间',28,NULL,'','creationtime',null,'~',16,'81142d72-91ec-4810-b4c6-be75bf576ed2','/common-ref/','-99',null,'N',null,null,null,'2021-07-19 13:38:50',null,'Y',null);
            go
            insert into pub_form_property(pk_form_property,areaid,classid,code,colnum,color,creationtime,creator,datatype,dataval,defaultvalue,defaultvar,define1,define2,define3,disabled,dr,editformula,hyperlinkflag,iscode,isdefined,ismultiselectedenabled,isnextrow,isrevise,istotal,itemtype,label,maxlength,metadataproperty,metaid,metapath,modifiedtime,modifier,position,proid,refcode,refname,relatemeta,required,resid,showformula,textrows,ts,validateformula,visible,width)
            values('0001ZZZZ2aab792be007','0001ZZZZe2bb0912ca2d','acc447ba-b19e-4c03-8794-124a37aaa4c4','billmaker','1','#111111',null,'~',204,null, null,null,null,null,null,'N',0,null,'N','N','N',null,'N','N','N','refer','制单人',28,'uap.user.user_name','','billmaker',null,'~',13,'db5ea4d1-890a-4e71-a794-780518a41a5c','uap/refer/riart/userDefaultRefer/index','用户',null,'N',null,null,null,'2021-07-19 13:38:50',null,'Y',null);
            go
            insert into pub_form_property(pk_form_property,areaid,classid,code,colnum,color,creationtime,creator,datatype,dataval,defaultvalue,defaultvar,define1,define2,define3,disabled,dr,editformula,hyperlinkflag,iscode,isdefined,ismultiselectedenabled,isnextrow,isrevise,istotal,itemtype,label,maxlength,metadataproperty,metaid,metapath,modifiedtime,modifier,position,proid,refcode,refname,relatemeta,required,resid,showformula,textrows,ts,validateformula,visible,width)
            values('0001ZZZZ2aab792be008','0001ZZZZe2bb0912ca2d','acc447ba-b19e-4c03-8794-124a37aaa4c4','maketime','1','#111111',null,'~',33,null, null,null,null,null,null,'N',0,null,'N','N','N',null,'N','N','N','datepicker','制单时间',28,NULL,'','maketime',null,'~',14,'efa837f0-e106-4f5d-94d0-31597d812c04','/common-ref/','-99',null,'N',null,null,null,'2021-07-19 13:38:50',null,'Y',null);
            go
            insert into pub_form_property(pk_form_property,areaid,classid,code,colnum,color,creationtime,creator,datatype,dataval,defaultvalue,defaultvar,define1,define2,define3,disabled,dr,editformula,hyperlinkflag,iscode,isdefined,ismultiselectedenabled,isnextrow,isrevise,istotal,itemtype,label,maxlength,metadataproperty,metaid,metapath,modifiedtime,modifier,position,proid,refcode,refname,relatemeta,required,resid,showformula,textrows,ts,validateformula,visible,width)
            values('0001ZZZZ2aab792be009','0001ZZZZe2bb0912ca2d','acc447ba-b19e-4c03-8794-124a37aaa4c4','bill_no','1','#111111',null,'~',1,null, null,null,null,null,null,'Y',0,null,'N','N','N',null,'N','N','N','input','单据号',28,NULL,'','bill_no',null,'~',7,'01c71a1b-1cb9-4c6d-9f75-acea9941b207','/common-ref/','-99',null,'N',null,null,null,'2021-07-19 13:38:50',null,'Y',null);
            go
            insert into pub_form_property(pk_form_property,areaid,classid,code,colnum,color,creationtime,creator,datatype,dataval,defaultvalue,defaultvar,define1,define2,define3,disabled,dr,editformula,hyperlinkflag,iscode,isdefined,ismultiselectedenabled,isnextrow,isrevise,istotal,itemtype,label,maxlength,metadataproperty,metaid,metapath,modifiedtime,modifier,position,proid,refcode,refname,relatemeta,required,resid,showformula,textrows,ts,validateformula,visible,width)
            values('0001ZZZZ2aab792be010','0001ZZZZe2bb0912ca2d','acc447ba-b19e-4c03-8794-124a37aaa4c4','dbilldate','1','#111111',null,'~',33,null, null,null,null,null,null,'N',0,null,'N','N','N',null,'N','N','N','datepicker','单据日期',28,NULL,'','dbilldate',null,'~',5,'e1e0bee6-8d24-4e4f-84c5-aea734479cdb','/common-ref/','-99',null,'N',null,null,null,'2021-07-19 13:38:50',null,'Y',null);
            go
            insert into pub_form_property(pk_form_property,areaid,classid,code,colnum,color,creationtime,creator,datatype,dataval,defaultvalue,defaultvar,define1,define2,define3,disabled,dr,editformula,hyperlinkflag,iscode,isdefined,ismultiselectedenabled,isnextrow,isrevise,istotal,itemtype,label,maxlength,metadataproperty,metaid,metapath,modifiedtime,modifier,position,proid,refcode,refname,relatemeta,required,resid,showformula,textrows,ts,validateformula,visible,width)
            values('0001ZZZZ2aab792be011','0001ZZZZe2bb0912ca2d','acc447ba-b19e-4c03-8794-124a37aaa4c4','billstatus','1','#111111',null,'~',203,'自由=-1,审批未通过=0,审批通过=1,审批进行中=2,提交=3','-1',null,null,null,null,'Y',0,null,'N','N','N',null,'N','N','N','select','单据状态',28,NULL,'','billstatus',null,'~',6,'27e4cafc-325c-41f6-b668-85b2e9b70ed7','/common-ref/','-99',null,'N',null,null,null,'2021-07-19 13:38:50',null,'Y',null);
            go
            insert into pub_form_property(pk_form_property,areaid,classid,code,colnum,color,creationtime,creator,datatype,dataval,defaultvalue,defaultvar,define1,define2,define3,disabled,dr,editformula,hyperlinkflag,iscode,isdefined,ismultiselectedenabled,isnextrow,isrevise,istotal,itemtype,label,maxlength,metadataproperty,metaid,metapath,modifiedtime,modifier,position,proid,refcode,refname,relatemeta,required,resid,showformula,textrows,ts,validateformula,visible,width)
            values('0001ZZZZ2aab792be012','0001ZZZZe2bb0912ca2d','acc447ba-b19e-4c03-8794-124a37aaa4c4','pk_billtypeid','1','#111111',null,'~',204,null, null,null,null,null,null,'N',0,null,'N','N','N',null,'N','N','N','refer','单据类型',28,'uap.BilltypeVO.billtypename','','pk_billtypeid',null,'~',9,'0b64943e-f846-4ab2-bed0-c57293ce6890','uap/refer/riart/billtype/index','影响因素单据类型',null,'N',null,null,null,'2021-07-19 13:38:50',null,'Y',null);
            go
            insert into pub_form_property(pk_form_property,areaid,classid,code,colnum,color,creationtime,creator,datatype,dataval,defaultvalue,defaultvar,define1,define2,define3,disabled,dr,editformula,hyperlinkflag,iscode,isdefined,ismultiselectedenabled,isnextrow,isrevise,istotal,itemtype,label,maxlength,metadataproperty,metaid,metapath,modifiedtime,modifier,position,proid,refcode,refname,relatemeta,required,resid,showformula,textrows,ts,validateformula,visible,width)
            values('0001ZZZZ2aab792be013','0001ZZZZe2bb0912ca2d','acc447ba-b19e-4c03-8794-124a37aaa4c4','billtype','1','#111111',null,'~',1,null, null,null,null,null,null,'N',0,null,'N','N','N',null,'N','N','N','input','单据类型编码',28,NULL,'','billtype',null,'~',10,'03f2b5f7-c3f2-477e-8ed7-f7fb08abc8d6','/common-ref/','-99',null,'N',null,null,null,'2021-07-19 13:38:50',null,'Y',null);
            go
            insert into pub_form_property(pk_form_property,areaid,classid,code,colnum,color,creationtime,creator,datatype,dataval,defaultvalue,defaultvar,define1,define2,define3,disabled,dr,editformula,hyperlinkflag,iscode,isdefined,ismultiselectedenabled,isnextrow,isrevise,istotal,itemtype,label,maxlength,metadataproperty,metaid,metapath,modifiedtime,modifier,position,proid,refcode,refname,relatemeta,required,resid,showformula,textrows,ts,validateformula,visible,width)
            values('0001ZZZZ2aab792be014','0001ZZZZe2bb0912ca2d','acc447ba-b19e-4c03-8794-124a37aaa4c4','vnote','1','#111111',null,'~',1,null, null,null,null,null,null,'N',0,null,'N','N','N',null,'N','N','N','input','备注',28,NULL,'','vnote',null,'~',23,'5669d77c-75be-479a-9170-a0049ac79b18','/common-ref/','-99',null,'N',null,null,null,'2021-07-19 13:38:50',null,'Y',null);
            go
            insert into pub_form_property(pk_form_property,areaid,classid,code,colnum,color,creationtime,creator,datatype,dataval,defaultvalue,defaultvar,define1,define2,define3,disabled,dr,editformula,hyperlinkflag,iscode,isdefined,ismultiselectedenabled,isnextrow,isrevise,istotal,itemtype,label,maxlength,metadataproperty,metaid,metapath,modifiedtime,modifier,position,proid,refcode,refname,relatemeta,required,resid,showformula,textrows,ts,validateformula,visible,width)
            values('0001ZZZZ2aab792be015','0001ZZZZe2bb0912ca2d','acc447ba-b19e-4c03-8794-124a37aaa4c4','region','1','#111111',null,'~',1,null, null,null,null,null,null,'N',0,null,'N','N','N',null,'N','N','N','input','大区',28,NULL,'','region',null,'~',68,'7478c4fd-d1b5-441a-82cc-1800fc5fe829','/common-ref/','-99',null,'N',null,null,null,'2021-07-19 13:38:50',null,'Y',null);
            go
            insert into pub_form_property(pk_form_property,areaid,classid,code,colnum,color,creationtime,creator,datatype,dataval,defaultvalue,defaultvar,define1,define2,define3,disabled,dr,editformula,hyperlinkflag,iscode,isdefined,ismultiselectedenabled,isnextrow,isrevise,istotal,itemtype,label,maxlength,metadataproperty,metaid,metapath,modifiedtime,modifier,position,proid,refcode,refname,relatemeta,required,resid,showformula,textrows,ts,validateformula,visible,width)
            values('0001ZZZZ2aab792be016','0001ZZZZe2bb0912ca2d','acc447ba-b19e-4c03-8794-124a37aaa4c4','school','1','#111111',null,'~',1,null, null,null,null,null,null,'N',0,null,'N','N','N',null,'N','N','N','input','学校',28,NULL,'','school',null,'~',67,'44ff4db3-1f74-4fc8-9820-fc842b9d3b2b','/common-ref/','-99',null,'N',null,null,null,'2021-07-19 13:38:50',null,'Y',null);
            go
            insert into pub_form_property(pk_form_property,areaid,classid,code,colnum,color,creationtime,creator,datatype,dataval,defaultvalue,defaultvar,define1,define2,define3,disabled,dr,editformula,hyperlinkflag,iscode,isdefined,ismultiselectedenabled,isnextrow,isrevise,istotal,itemtype,label,maxlength,metadataproperty,metaid,metapath,modifiedtime,modifier,position,proid,refcode,refname,relatemeta,required,resid,showformula,textrows,ts,validateformula,visible,width)
            values('0001ZZZZ61dbbc25a35f','0001ZZZZ49271a699f54','acc447ba-b19e-4c03-8794-124a37aaa4c4','approver','1','#111111',null,'~',204,null, null,null,null,null,null,'N',0,null,'N','N','N',null,'N','N','N','refer','审批人',28,'uap.user.user_name','','approver',null,'~',19,'270d2c59-504b-4111-aff6-3466deff75d4','uap/refer/riart/userDefaultRefer/index','用户',null,'N',null,null,null,'2021-07-19 13:38:50',null,'Y',null);
            go
            insert into pub_form_property(pk_form_property,areaid,classid,code,colnum,color,creationtime,creator,datatype,dataval,defaultvalue,defaultvar,define1,define2,define3,disabled,dr,editformula,hyperlinkflag,iscode,isdefined,ismultiselectedenabled,isnextrow,isrevise,istotal,itemtype,label,maxlength,metadataproperty,metaid,metapath,modifiedtime,modifier,position,proid,refcode,refname,relatemeta,required,resid,showformula,textrows,ts,validateformula,visible,width)
            values('0001ZZZZ04246a08b5cf','0001ZZZZ49271a699f54','acc447ba-b19e-4c03-8794-124a37aaa4c4','approvenote','1','#111111',null,'~',1,null, null,null,null,null,null,'N',0,null,'N','N','N',null,'N','N','N','input','审批批语',28,NULL,'','approvenote',null,'~',21,'59174d60-6aa2-42e8-9738-965c59c15e63','/common-ref/','-99',null,'N',null,null,null,'2021-07-19 13:38:50',null,'Y',null);
            go
            insert into pub_form_property(pk_form_property,areaid,classid,code,colnum,color,creationtime,creator,datatype,dataval,defaultvalue,defaultvar,define1,define2,define3,disabled,dr,editformula,hyperlinkflag,iscode,isdefined,ismultiselectedenabled,isnextrow,isrevise,istotal,itemtype,label,maxlength,metadataproperty,metaid,metapath,modifiedtime,modifier,position,proid,refcode,refname,relatemeta,required,resid,showformula,textrows,ts,validateformula,visible,width)
            values('0001ZZZZed0406d3eaae','0001ZZZZ49271a699f54','acc447ba-b19e-4c03-8794-124a37aaa4c4','approvedate','1','#111111',null,'~',34,null, null,null,null,null,null,'N',0,null,'N','N','N',null,'N','N','N','datetimepicker','审批时间',28,NULL,'','approvedate',null,'~',22,'b2940245-76f2-4b10-bfd3-e4eef6d23da3','/common-ref/','-99',null,'N',null,null,null,'2021-07-19 13:38:50',null,'Y',null);
            go
            insert into pub_form_property(pk_form_property,areaid,classid,code,colnum,color,creationtime,creator,datatype,dataval,defaultvalue,defaultvar,define1,define2,define3,disabled,dr,editformula,hyperlinkflag,iscode,isdefined,ismultiselectedenabled,isnextrow,isrevise,istotal,itemtype,label,maxlength,metadataproperty,metaid,metapath,modifiedtime,modifier,position,proid,refcode,refname,relatemeta,required,resid,showformula,textrows,ts,validateformula,visible,width)
            values('0001ZZZZ2aab792be020','0001ZZZZe2bb0912ca2d','acc447ba-b19e-4c03-8794-124a37aaa4c4','approvestatus','1','#111111',null,'~',203,'自由=-1,审批未通过=0,审批通过=1,审批进行中=2,提交=3', null,null,null,null,null,'N',0,null,'N','N','N',null,'N','N','N','select','审批状态',28,NULL,'','approvestatus',null,'~',20,'221c5767-2b33-406e-b5a1-962e06bf39d2','/common-ref/','-99',null,'N',null,null,null,'2021-07-19 13:38:50',null,'Y',null);
            go
            insert into pub_form_property(pk_form_property,areaid,classid,code,colnum,color,creationtime,creator,datatype,dataval,defaultvalue,defaultvar,define1,define2,define3,disabled,dr,editformula,hyperlinkflag,iscode,isdefined,ismultiselectedenabled,isnextrow,isrevise,istotal,itemtype,label,maxlength,metadataproperty,metaid,metapath,modifiedtime,modifier,position,proid,refcode,refname,relatemeta,required,resid,showformula,textrows,ts,validateformula,visible,width)
            values('0001ZZZZ2aab792be021','0001ZZZZe2bb0912ca2d','acc447ba-b19e-4c03-8794-124a37aaa4c4','openclas','1','#111111',null,'~',1,null, null,null,null,null,null,'N',0,null,'N','N','N',null,'N','N','N','input','开班年级',28,NULL,'','openclas',null,'~',71,'9c12caf3-9ac6-4427-b95a-d8dbb07326f5','/common-ref/','-99',null,'N',null,null,null,'2021-07-19 13:38:50',null,'Y',null);
            go
            insert into pub_form_property(pk_form_property,areaid,classid,code,colnum,color,creationtime,creator,datatype,dataval,defaultvalue,defaultvar,define1,define2,define3,disabled,dr,editformula,hyperlinkflag,iscode,isdefined,ismultiselectedenabled,isnextrow,isrevise,istotal,itemtype,label,maxlength,metadataproperty,metaid,metapath,modifiedtime,modifier,position,proid,refcode,refname,relatemeta,required,resid,showformula,textrows,ts,validateformula,visible,width)
            values('0001ZZZZ2aab792be022','0001ZZZZe2bb0912ca2d','acc447ba-b19e-4c03-8794-124a37aaa4c4','isuseing','1','#111111',null,'~',32,null, null,null,null,null,null,'N',0,null,'N','N','N',null,'N','N','N','checkbox_switch','是否启用',28,NULL,'','isuseing',null,'~',72,'21d6479b-8789-4593-bcfd-b9d8addee578','/common-ref/','-99',null,'N',null,null,null,'2021-07-19 13:38:50',null,'Y',null);
            go
            insert into pub_form_property(pk_form_property,areaid,classid,code,colnum,color,creationtime,creator,datatype,dataval,defaultvalue,defaultvar,define1,define2,define3,disabled,dr,editformula,hyperlinkflag,iscode,isdefined,ismultiselectedenabled,isnextrow,isrevise,istotal,itemtype,label,maxlength,metadataproperty,metaid,metapath,modifiedtime,modifier,position,proid,refcode,refname,relatemeta,required,resid,showformula,textrows,ts,validateformula,visible,width)
            values('0001ZZZZ2aab792be023','0001ZZZZe2bb0912ca2d','acc447ba-b19e-4c03-8794-124a37aaa4c4','srctrantype','1','#111111',null,'~',1,null, null,null,null,null,null,'N',0,null,'N','N','N',null,'N','N','N','input','来源交易类型',28,NULL,'','srctrantype',null,'~',30,'b98b959d-971b-40a9-823a-7d17504e999b','/common-ref/','-99',null,'N',null,null,null,'2021-07-19 13:38:50',null,'Y',null);
            go
            insert into pub_form_property(pk_form_property,areaid,classid,code,colnum,color,creationtime,creator,datatype,dataval,defaultvalue,defaultvar,define1,define2,define3,disabled,dr,editformula,hyperlinkflag,iscode,isdefined,ismultiselectedenabled,isnextrow,isrevise,istotal,itemtype,label,maxlength,metadataproperty,metaid,metapath,modifiedtime,modifier,position,proid,refcode,refname,relatemeta,required,resid,showformula,textrows,ts,validateformula,visible,width)
            values('0001ZZZZ2aab792be026','0001ZZZZe2bb0912ca2d','acc447ba-b19e-4c03-8794-124a37aaa4c4','srccode','1','#111111',null,'~',1,null, null,null,null,null,null,'N',0,null,'N','N','N',null,'N','N','N','input','来源单据号',28,NULL,'','srccode',null,'~',26,'ac7f9965-c93b-48f2-9862-d67a4c67f219','/common-ref/','-99',null,'N',null,null,null,'2021-07-19 13:38:50',null,'Y',null);
            go
            insert into pub_form_property(pk_form_property,areaid,classid,code,colnum,color,creationtime,creator,datatype,dataval,defaultvalue,defaultvar,define1,define2,define3,disabled,dr,editformula,hyperlinkflag,iscode,isdefined,ismultiselectedenabled,isnextrow,isrevise,istotal,itemtype,label,maxlength,metadataproperty,metaid,metapath,modifiedtime,modifier,position,proid,refcode,refname,relatemeta,required,resid,showformula,textrows,ts,validateformula,visible,width)
            values('0001ZZZZ2aab792be028','0001ZZZZe2bb0912ca2d','acc447ba-b19e-4c03-8794-124a37aaa4c4','srcbilltype','1','#111111',null,'~',1,null, null,null,null,null,null,'N',0,null,'N','N','N',null,'N','N','N','input','来源单据类型',28,NULL,'','srcbilltype',null,'~',24,'b87d7401-6dd1-4b33-bf8b-06274d6bfe3d','/common-ref/','-99',null,'N',null,null,null,'2021-07-19 13:38:50',null,'Y',null);
            go
            insert into pub_form_property(pk_form_property,areaid,classid,code,colnum,color,creationtime,creator,datatype,dataval,defaultvalue,defaultvar,define1,define2,define3,disabled,dr,editformula,hyperlinkflag,iscode,isdefined,ismultiselectedenabled,isnextrow,isrevise,istotal,itemtype,label,maxlength,metadataproperty,metaid,metapath,modifiedtime,modifier,position,proid,refcode,refname,relatemeta,required,resid,showformula,textrows,ts,validateformula,visible,width)
            values('0001ZZZZ2aab792be029','0001ZZZZe2bb0912ca2d','acc447ba-b19e-4c03-8794-124a37aaa4c4','srcrowno','1','#111111',null,'~',1,null, null,null,null,null,null,'N',0,null,'N','N','N',null,'N','N','N','input','来源单据行号',28,NULL,'','srcrowno',null,'~',29,'c78f934a-f7c1-4729-85be-ac795239d506','/common-ref/','-99',null,'N',null,null,null,'2021-07-19 13:38:50',null,'Y',null);
            go
            insert into pub_form_property(pk_form_property,areaid,classid,code,colnum,color,creationtime,creator,datatype,dataval,defaultvalue,defaultvar,define1,define2,define3,disabled,dr,editformula,hyperlinkflag,iscode,isdefined,ismultiselectedenabled,isnextrow,isrevise,istotal,itemtype,label,maxlength,metadataproperty,metaid,metapath,modifiedtime,modifier,position,proid,refcode,refname,relatemeta,required,resid,showformula,textrows,ts,validateformula,visible,width)
            values('0001ZZZZ2aab792be030','0001ZZZZe2bb0912ca2d','acc447ba-b19e-4c03-8794-124a37aaa4c4','vfirsttrantype','1','#111111',null,'~',1,null, null,null,null,null,null,'N',0,null,'N','N','N',null,'N','N','N','input','源头交易类型',28,NULL,'','vfirsttrantype',null,'~',36,'b2bb2919-48d7-4861-97d6-1197877f678c','/common-ref/','-99',null,'N',null,null,null,'2021-07-19 13:38:50',null,'Y',null);
            go
            insert into pub_form_property(pk_form_property,areaid,classid,code,colnum,color,creationtime,creator,datatype,dataval,defaultvalue,defaultvar,define1,define2,define3,disabled,dr,editformula,hyperlinkflag,iscode,isdefined,ismultiselectedenabled,isnextrow,isrevise,istotal,itemtype,label,maxlength,metadataproperty,metaid,metapath,modifiedtime,modifier,position,proid,refcode,refname,relatemeta,required,resid,showformula,textrows,ts,validateformula,visible,width)
            values('0001ZZZZ2aab792be032','0001ZZZZe2bb0912ca2d','acc447ba-b19e-4c03-8794-124a37aaa4c4','vfirstcode','1','#111111',null,'~',1,null, null,null,null,null,null,'N',0,null,'N','N','N',null,'N','N','N','input','源头单据号',28,NULL,'','vfirstcode',null,'~',32,'52057fe9-9dcc-4287-a6d9-89b8371fdf7e','/common-ref/','-99',null,'N',null,null,null,'2021-07-19 13:38:50',null,'Y',null);
            go
            insert into pub_form_property(pk_form_property,areaid,classid,code,colnum,color,creationtime,creator,datatype,dataval,defaultvalue,defaultvar,define1,define2,define3,disabled,dr,editformula,hyperlinkflag,iscode,isdefined,ismultiselectedenabled,isnextrow,isrevise,istotal,itemtype,label,maxlength,metadataproperty,metaid,metapath,modifiedtime,modifier,position,proid,refcode,refname,relatemeta,required,resid,showformula,textrows,ts,validateformula,visible,width)
            values('0001ZZZZ2aab792be034','0001ZZZZe2bb0912ca2d','acc447ba-b19e-4c03-8794-124a37aaa4c4','vfirsttype','1','#111111',null,'~',1,null, null,null,null,null,null,'N',0,null,'N','N','N',null,'N','N','N','input','源头单据类型',28,NULL,'','vfirsttype',null,'~',31,'0209bf3b-3e46-499c-a8a7-55be3683f0c0','/common-ref/','-99',null,'N',null,null,null,'2021-07-19 13:38:50',null,'Y',null);
            go
            insert into pub_form_property(pk_form_property,areaid,classid,code,colnum,color,creationtime,creator,datatype,dataval,defaultvalue,defaultvar,define1,define2,define3,disabled,dr,editformula,hyperlinkflag,iscode,isdefined,ismultiselectedenabled,isnextrow,isrevise,istotal,itemtype,label,maxlength,metadataproperty,metaid,metapath,modifiedtime,modifier,position,proid,refcode,refname,relatemeta,required,resid,showformula,textrows,ts,validateformula,visible,width)
            values('0001ZZZZ2aab792be035','0001ZZZZe2bb0912ca2d','acc447ba-b19e-4c03-8794-124a37aaa4c4','vfirstrowno','1','#111111',null,'~',1,null, null,null,null,null,null,'N',0,null,'N','N','N',null,'N','N','N','input','源头单据行号',28,NULL,'','vfirstrowno',null,'~',35,'87b0ae98-0449-4125-8fb9-ecb4caec1bbb','/common-ref/','-99',null,'N',null,null,null,'2021-07-19 13:38:50',null,'Y',null);
            go
            insert into pub_form_property(pk_form_property,areaid,classid,code,colnum,color,creationtime,creator,datatype,dataval,defaultvalue,defaultvar,define1,define2,define3,disabled,dr,editformula,hyperlinkflag,iscode,isdefined,ismultiselectedenabled,isnextrow,isrevise,istotal,itemtype,label,maxlength,metadataproperty,metaid,metapath,modifiedtime,modifier,position,proid,refcode,refname,relatemeta,required,resid,showformula,textrows,ts,validateformula,visible,width)
            values('0001ZZZZ2aab792be036','0001ZZZZe2bb0912ca2d','acc447ba-b19e-4c03-8794-124a37aaa4c4','applynum','1','#111111',null,'~',4,null, null,null,null,null,null,'N',0,null,'N','N','N',null,'N','N','N','number','班级中的报名人数',28,NULL,'','applynum',null,'~',70,'8007f270-8800-4c1b-add4-f0888123ca7d','/common-ref/','-99',null,'N',null,null,null,'2021-07-19 13:38:50',null,'Y',null);
            go
            insert into pub_form_property(pk_form_property,areaid,classid,code,colnum,color,creationtime,creator,datatype,dataval,defaultvalue,defaultvar,define1,define2,define3,disabled,dr,editformula,hyperlinkflag,iscode,isdefined,ismultiselectedenabled,isnextrow,isrevise,istotal,itemtype,label,maxlength,metadataproperty,metaid,metapath,modifiedtime,modifier,position,proid,refcode,refname,relatemeta,required,resid,showformula,textrows,ts,validateformula,visible,width)
            values('0001ZZZZ2aab792be038','0001ZZZZe2bb0912ca2d','acc447ba-b19e-4c03-8794-124a37aaa4c4','clasname','1','#111111',null,'~',1,null, null,null,null,null,null,'N',0,null,'N','N','N',null,'N','N','N','input','班级名称',28,NULL,'','clasname',null,'~',69,'66d2f87a-d2ac-4ed6-b607-e4495e737267','/common-ref/','-99',null,'N',null,null,null,'2021-07-19 13:38:50',null,'Y',null);
            go
            insert into pub_form_property(pk_form_property,areaid,classid,code,colnum,color,creationtime,creator,datatype,dataval,defaultvalue,defaultvar,define1,define2,define3,disabled,dr,editformula,hyperlinkflag,iscode,isdefined,ismultiselectedenabled,isnextrow,isrevise,istotal,itemtype,label,maxlength,metadataproperty,metaid,metapath,modifiedtime,modifier,position,proid,refcode,refname,relatemeta,required,resid,showformula,textrows,ts,validateformula,visible,width)
            values('0001ZZZZ2aab792be039','0001ZZZZe2bb0912ca2d','acc447ba-b19e-4c03-8794-124a37aaa4c4','pk_org','1','#111111',null,'~',204,null, null,null,null,null,null,'N',0,null,'N','N','N',null,'N','N','N','refer','组织',28,'uap.org.name','','pk_org',null,'~',3,'70343ec4-8d5d-44f2-b2ec-4b9bb16b8ab4','uapbd/refer/org/BusinessUnitAndDeptTreeRef/index','业务单元及部门',null,'N',null,null,null,'2021-07-19 13:38:50',null,'Y',null);
            go
            insert into pub_form_property(pk_form_property,areaid,classid,code,colnum,color,creationtime,creator,datatype,dataval,defaultvalue,defaultvar,define1,define2,define3,disabled,dr,editformula,hyperlinkflag,iscode,isdefined,ismultiselectedenabled,isnextrow,isrevise,istotal,itemtype,label,maxlength,metadataproperty,metaid,metapath,modifiedtime,modifier,position,proid,refcode,refname,relatemeta,required,resid,showformula,textrows,ts,validateformula,visible,width)
            values('0001ZZZZ2aab792be040','0001ZZZZe2bb0912ca2d','acc447ba-b19e-4c03-8794-124a37aaa4c4','pk_org_v','1','#111111',null,'~',204,null, null,null,null,null,null,'N',0,null,'N','N','N',null,'N','N','N','refer','组织版本',28,NULL,'','pk_org_v',null,'~',4,'cef18526-5721-4853-912c-662105c90289','uapbd/refer/orgv/BusinessUnitVersionDefaultAllTreeRef/index','业务单元版本(所有)',null,'N',null,null,null,'2021-07-19 13:38:50',null,'N',null);
            go
            insert into pub_form_property(pk_form_property,areaid,classid,code,colnum,color,creationtime,creator,datatype,dataval,defaultvalue,defaultvar,define1,define2,define3,disabled,dr,editformula,hyperlinkflag,iscode,isdefined,ismultiselectedenabled,isnextrow,isrevise,istotal,itemtype,label,maxlength,metadataproperty,metaid,metapath,modifiedtime,modifier,position,proid,refcode,refname,relatemeta,required,resid,showformula,textrows,ts,validateformula,visible,width)
            values('0001ZZZZ2aab792be072','0001ZZZZe2bb0912ca2d','acc447ba-b19e-4c03-8794-124a37aaa4c4','pk_group','1','#111111',null,'~',204,null, null,null,null,null,null,'N',0,null,'N','N','N',null,'N','N','N','refer','集团',28,'uap.group.name','','pk_group',null,'~',2,'a8e80be2-1376-47b8-831d-499bdb0bc107','uap/refer/riart/groupTreeRef/index','集团',null,'N',null,null,null,'2021-07-19 13:38:50',null,'Y',null);
            go






